solid 
facet normal 0 -0.7071005 -0.707113
 outer loop
  vertex 21.88346 -39.356716 81.44403
  vertex 21.238249 -38.71151 80.798836
  vertex 24.894897 -39.356716 81.44403
 endloop
endfacet
facet normal -0 -0.7071005 -0.7071131
 outer loop
  vertex 24.894897 -39.356716 81.44403
  vertex 21.238249 -38.71151 80.798836
  vertex 25.540104 -38.71151 80.798836
 endloop
endfacet
facet normal -0.7071047 -0.7071089 0
 outer loop
  vertex 21.238249 -38.71151 80.798836
  vertex 21.88346 -39.356716 81.44403
  vertex 21.238249 -38.71151 85.1007
 endloop
endfacet
facet normal -0.70710474 -0.7071089 -0
 outer loop
  vertex 21.238249 -38.71151 85.1007
  vertex 21.88346 -39.356716 81.44403
  vertex 21.88346 -39.356716 84.455475
 endloop
endfacet
facet normal 0.70710677 -0.70710677 0
 outer loop
  vertex 24.894897 -39.356716 81.44403
  vertex 25.540104 -38.71151 80.798836
  vertex 24.894897 -39.356716 84.455475
 endloop
endfacet
facet normal 0.7071068 -0.7071068 0
 outer loop
  vertex 24.894897 -39.356716 84.455475
  vertex 25.540104 -38.71151 80.798836
  vertex 25.540104 -38.71151 85.1007
 endloop
endfacet
facet normal 0 -0.7071172 0.70709634
 outer loop
  vertex 21.238249 -38.71151 85.1007
  vertex 21.88346 -39.356716 84.455475
  vertex 25.540104 -38.71151 85.1007
 endloop
endfacet
facet normal 0 -0.70711726 0.70709634
 outer loop
  vertex 25.540104 -38.71151 85.1007
  vertex 21.88346 -39.356716 84.455475
  vertex 24.894897 -39.356716 84.455475
 endloop
endfacet
facet normal -0 -1 -0
 outer loop
  vertex 21.88346 -39.356716 81.44403
  vertex 24.894897 -39.356716 81.44403
  vertex 21.88346 -39.356716 84.455475
 endloop
endfacet
facet normal -0 -1 -0
 outer loop
  vertex 21.88346 -39.356716 84.455475
  vertex 24.894897 -39.356716 81.44403
  vertex 24.894897 -39.356716 84.455475
 endloop
endfacet
facet normal 0 0 1
 outer loop
  vertex 21.238249 -38.71151 85.1007
  vertex 25.540104 -38.71151 85.1007
  vertex 21.238249 -36.682095 85.1007
 endloop
endfacet
facet normal 0 0 1
 outer loop
  vertex 21.238249 -36.682095 85.1007
  vertex 25.540104 -38.71151 85.1007
  vertex 25.540104 -36.682095 85.1007
 endloop
endfacet
facet normal 0 0 -1
 outer loop
  vertex 21.238249 -36.682095 80.798836
  vertex 25.540104 -36.682095 80.798836
  vertex 21.238249 -38.71151 80.798836
 endloop
endfacet
facet normal -0 0 -1
 outer loop
  vertex 21.238249 -38.71151 80.798836
  vertex 25.540104 -36.682095 80.798836
  vertex 25.540104 -38.71151 80.798836
 endloop
endfacet
facet normal 1 0 0
 outer loop
  vertex 25.540104 -38.71151 80.798836
  vertex 25.540104 -36.682095 80.798836
  vertex 25.540104 -38.71151 85.1007
 endloop
endfacet
facet normal 1 0 0
 outer loop
  vertex 25.540104 -38.71151 85.1007
  vertex 25.540104 -36.682095 80.798836
  vertex 25.540104 -36.682095 85.1007
 endloop
endfacet
facet normal -1 0 -0
 outer loop
  vertex 21.238249 -36.682095 80.798836
  vertex 21.238249 -38.71151 80.798836
  vertex 21.238249 -36.682095 85.1007
 endloop
endfacet
facet normal -1 0 0
 outer loop
  vertex 21.238249 -36.682095 85.1007
  vertex 21.238249 -38.71151 80.798836
  vertex 21.238249 -38.71151 85.1007
 endloop
endfacet
facet normal 0 -0.7071006 -0.707113
 outer loop
  vertex 27.92108 -39.356716 81.495026
  vertex 27.27587 -38.71151 80.84983
  vertex 30.932507 -39.356716 81.495026
 endloop
endfacet
facet normal -0 -0.7071005 -0.707113
 outer loop
  vertex 30.932507 -39.356716 81.495026
  vertex 27.27587 -38.71151 80.84983
  vertex 31.577715 -38.71151 80.84983
 endloop
endfacet
facet normal -0.7071047 -0.7071089 0
 outer loop
  vertex 27.27587 -38.71151 80.84983
  vertex 27.92108 -39.356716 81.495026
  vertex 27.27587 -38.71151 85.15167
 endloop
endfacet
facet normal -0.7071047 -0.70710886 -0
 outer loop
  vertex 27.27587 -38.71151 85.15167
  vertex 27.92108 -39.356716 81.495026
  vertex 27.92108 -39.356716 84.50646
 endloop
endfacet
facet normal 0.70710576 -0.7071078 0
 outer loop
  vertex 30.932507 -39.356716 81.495026
  vertex 31.577715 -38.71151 80.84983
  vertex 30.932507 -39.356716 84.50646
 endloop
endfacet
facet normal 0.70710576 -0.7071078 0
 outer loop
  vertex 30.932507 -39.356716 84.50646
  vertex 31.577715 -38.71151 80.84983
  vertex 31.577715 -38.71151 85.15167
 endloop
endfacet
facet normal 0 -0.70710886 0.7071047
 outer loop
  vertex 27.27587 -38.71151 85.15167
  vertex 27.92108 -39.356716 84.50646
  vertex 31.577715 -38.71151 85.15167
 endloop
endfacet
facet normal 0 -0.70710886 0.7071047
 outer loop
  vertex 31.577715 -38.71151 85.15167
  vertex 27.92108 -39.356716 84.50646
  vertex 30.932507 -39.356716 84.50646
 endloop
endfacet
facet normal -0 -1 -0
 outer loop
  vertex 27.92108 -39.356716 81.495026
  vertex 30.932507 -39.356716 81.495026
  vertex 27.92108 -39.356716 84.50646
 endloop
endfacet
facet normal -0 -1 -0
 outer loop
  vertex 27.92108 -39.356716 84.50646
  vertex 30.932507 -39.356716 81.495026
  vertex 30.932507 -39.356716 84.50646
 endloop
endfacet
facet normal 0 0 1
 outer loop
  vertex 27.27587 -38.71151 85.15167
  vertex 31.577715 -38.71151 85.15167
  vertex 27.27587 -36.682095 85.15167
 endloop
endfacet
facet normal 0 0 1
 outer loop
  vertex 27.27587 -36.682095 85.15167
  vertex 31.577715 -38.71151 85.15167
  vertex 31.577715 -36.682095 85.15167
 endloop
endfacet
facet normal 0 0 -1
 outer loop
  vertex 27.27587 -36.682095 80.84983
  vertex 31.577715 -36.682095 80.84983
  vertex 27.27587 -38.71151 80.84983
 endloop
endfacet
facet normal -0 0 -1
 outer loop
  vertex 27.27587 -38.71151 80.84983
  vertex 31.577715 -36.682095 80.84983
  vertex 31.577715 -38.71151 80.84983
 endloop
endfacet
facet normal 1 0 0
 outer loop
  vertex 31.577715 -38.71151 80.84983
  vertex 31.577715 -36.682095 80.84983
  vertex 31.577715 -38.71151 85.15167
 endloop
endfacet
facet normal 1 0 0
 outer loop
  vertex 31.577715 -38.71151 85.15167
  vertex 31.577715 -36.682095 80.84983
  vertex 31.577715 -36.682095 85.15167
 endloop
endfacet
facet normal -1 0 -0
 outer loop
  vertex 27.27587 -36.682095 80.84983
  vertex 27.27587 -38.71151 80.84983
  vertex 27.27587 -36.682095 85.15167
 endloop
endfacet
facet normal -1 0 0
 outer loop
  vertex 27.27587 -36.682095 85.15167
  vertex 27.27587 -38.71151 80.84983
  vertex 27.27587 -38.71151 85.15167
 endloop
endfacet
facet normal 0 -0 1
 outer loop
  vertex -40.876617 -22.022972 94.655655
  vertex -41.959854 -22.022972 94.655655
  vertex -40.876617 -26.089645 94.655655
 endloop
endfacet
facet normal -0 0 1
 outer loop
  vertex -40.876617 -26.089645 94.655655
  vertex -41.959854 -22.022972 94.655655
  vertex -41.959854 -26.089647 94.655655
 endloop
endfacet
facet normal -0 0 -1
 outer loop
  vertex -41.959854 -21.863863 70.95921
  vertex -40.876617 -21.863861 70.95921
  vertex -41.959854 -26.268942 70.95921
 endloop
endfacet
facet normal -0 0 -1
 outer loop
  vertex -41.959854 -26.268942 70.95921
  vertex -40.876617 -21.863861 70.95921
  vertex -40.37348 -26.26894 70.95921
 endloop
endfacet
facet normal 0 -1 0
 outer loop
  vertex -40.37348 -29.325542 74.16335
  vertex -40.876617 -29.325542 91.2857
  vertex -41.959854 -29.325542 74.16335
 endloop
endfacet
facet normal 0 -1 -0
 outer loop
  vertex -41.959854 -29.325542 74.16335
  vertex -40.876617 -29.325542 91.2857
  vertex -41.959854 -29.325542 91.2857
 endloop
endfacet
facet normal -0 1 0
 outer loop
  vertex -40.876617 -18.939833 74.16335
  vertex -41.959854 -18.939833 74.16335
  vertex -40.876617 -18.939833 91.2857
 endloop
endfacet
facet normal -0 1 0
 outer loop
  vertex -40.876617 -18.939833 91.2857
  vertex -41.959854 -18.939833 74.16335
  vertex -41.959854 -18.939833 91.2857
 endloop
endfacet
facet normal 0 0.9364816 0.35071662
 outer loop
  vertex -41.959854 -18.939833 91.2857
  vertex -41.959854 -19.46678 92.69275
  vertex -40.876617 -18.939833 91.2857
 endloop
endfacet
facet normal 0 0.9364816 0.35071662
 outer loop
  vertex -40.876617 -18.939833 91.2857
  vertex -41.959854 -19.46678 92.69275
  vertex -40.876617 -19.46678 92.69275
 endloop
endfacet
facet normal 0 0.76325315 0.64609957
 outer loop
  vertex -41.959854 -19.46678 92.69275
  vertex -41.959854 -20.628119 94.06467
  vertex -40.876617 -19.46678 92.69275
 endloop
endfacet
facet normal 4.031769e-06 0.76325154 0.6461014
 outer loop
  vertex -40.876617 -19.46678 92.69275
  vertex -41.959854 -20.628119 94.06467
  vertex -40.876617 -20.628124 94.06467
 endloop
endfacet
facet normal 2.0703858e-06 0.3901202 0.92076397
 outer loop
  vertex -41.959854 -20.628119 94.06467
  vertex -41.959854 -22.022972 94.655655
  vertex -40.876617 -20.628124 94.06467
 endloop
endfacet
facet normal 0 0.39012155 0.9207634
 outer loop
  vertex -40.876617 -20.628124 94.06467
  vertex -41.959854 -22.022972 94.655655
  vertex -40.876617 -22.022972 94.655655
 endloop
endfacet
facet normal 6.194179e-07 -0.3696011 0.9291905
 outer loop
  vertex -41.959854 -26.089647 94.655655
  vertex -41.959854 -27.575413 94.06467
  vertex -40.876617 -26.089645 94.655655
 endloop
endfacet
facet normal 1.3015789e-06 -0.36960155 0.92919034
 outer loop
  vertex -40.876617 -26.089645 94.655655
  vertex -41.959854 -27.575413 94.06467
  vertex -40.876617 -27.575409 94.06467
 endloop
endfacet
facet normal 2.6344278e-06 -0.7464057 0.6654911
 outer loop
  vertex -41.959854 -27.575413 94.06467
  vertex -41.959854 -28.798607 92.69275
  vertex -40.876617 -27.575409 94.06467
 endloop
endfacet
facet normal 0 -0.7464047 0.6654923
 outer loop
  vertex -40.876617 -27.575409 94.06467
  vertex -41.959854 -28.798607 92.69275
  vertex -40.876617 -28.798607 92.69275
 endloop
endfacet
facet normal 0 -0.9364841 0.35070994
 outer loop
  vertex -41.959854 -28.798607 92.69275
  vertex -41.959854 -29.325542 91.2857
  vertex -40.876617 -28.798607 92.69275
 endloop
endfacet
facet normal 0 -0.9364841 0.35070994
 outer loop
  vertex -40.876617 -28.798607 92.69275
  vertex -41.959854 -29.325542 91.2857
  vertex -40.876617 -29.325542 91.2857
 endloop
endfacet
facet normal -7.6322584e-07 0.43146336 -0.9021305
 outer loop
  vertex -41.959854 -21.863863 70.95921
  vertex -41.959854 -20.628124 71.55023
  vertex -40.876617 -21.863861 70.95921
 endloop
endfacet
facet normal -2.2791387e-06 0.43146226 -0.902131
 outer loop
  vertex -40.876617 -21.863861 70.95921
  vertex -41.959854 -20.628124 71.55023
  vertex -40.876617 -20.628119 71.55023
 endloop
endfacet
facet normal -4.0109594e-06 0.75891274 -0.6511923
 outer loop
  vertex -41.959854 -20.628124 71.55023
  vertex -41.959854 -19.46678 72.90369
  vertex -40.876617 -20.628119 71.55023
 endloop
endfacet
facet normal 0 0.75891435 -0.65119046
 outer loop
  vertex -40.876617 -20.628119 71.55023
  vertex -41.959854 -19.46678 72.90369
  vertex -40.876617 -19.46678 72.90369
 endloop
endfacet
facet normal 0 0.92253363 -0.38591674
 outer loop
  vertex -41.959854 -19.46678 72.90369
  vertex -41.959854 -18.939833 74.16335
  vertex -40.876617 -19.46678 72.90369
 endloop
endfacet
facet normal 0 0.92253363 -0.38591674
 outer loop
  vertex -40.876617 -19.46678 72.90369
  vertex -41.959854 -18.939833 74.16335
  vertex -40.876617 -18.939833 74.16335
 endloop
endfacet
facet normal 0 -0.92253655 -0.38590956
 outer loop
  vertex -41.959854 -29.325542 74.16335
  vertex -41.959854 -28.798607 72.90369
  vertex -40.37348 -29.325542 74.16335
 endloop
endfacet
facet normal -0 -0.92253655 -0.38590956
 outer loop
  vertex -40.37348 -29.325542 74.16335
  vertex -41.959854 -28.798607 72.90369
  vertex -40.37348 -28.798607 72.90369
 endloop
endfacet
facet normal 0 -0.7419065 -0.67050326
 outer loop
  vertex -41.959854 -28.798607 72.90369
  vertex -41.959854 -27.575413 71.55023
  vertex -40.37348 -28.798607 72.90369
 endloop
endfacet
facet normal 1.7840356e-06 -0.7419055 -0.6705044
 outer loop
  vertex -40.37348 -28.798607 72.90369
  vertex -41.959854 -27.575413 71.55023
  vertex -40.37348 -27.575409 71.55023
 endloop
endfacet
facet normal 9.957014e-07 -0.4121656 -0.9111089
 outer loop
  vertex -41.959854 -27.575413 71.55023
  vertex -41.959854 -26.268942 70.95921
  vertex -40.37348 -27.575409 71.55023
 endloop
endfacet
facet normal 4.9556115e-07 -0.41216615 -0.9111087
 outer loop
  vertex -40.37348 -27.575409 71.55023
  vertex -41.959854 -26.268942 70.95921
  vertex -40.37348 -26.26894 70.95921
 endloop
endfacet
facet normal -1 0 0
 outer loop
  vertex -41.959854 -26.089647 94.655655
  vertex -41.959854 -22.022972 94.655655
  vertex -41.959854 -25.84712 92.47818
 endloop
endfacet
facet normal -1 -0 0
 outer loop
  vertex -41.959854 -25.84712 92.47818
  vertex -41.959854 -22.022972 94.655655
  vertex -41.959854 -22.265491 92.47818
 endloop
endfacet
facet normal -1 0 -0
 outer loop
  vertex -41.959854 -21.863863 70.95921
  vertex -41.959854 -26.268942 70.95921
  vertex -41.959854 -22.106392 73.13671
 endloop
endfacet
facet normal -1 0 -0
 outer loop
  vertex -41.959854 -22.106392 73.13671
  vertex -41.959854 -26.268942 70.95921
  vertex -41.959854 -26.026411 73.13671
 endloop
endfacet
facet normal -1 0 0
 outer loop
  vertex -41.959854 -18.939833 91.2857
  vertex -41.959854 -18.939833 74.16335
  vertex -41.959854 -20.88128 91.01369
 endloop
endfacet
facet normal -1 0 0
 outer loop
  vertex -41.959854 -20.88128 91.01369
  vertex -41.959854 -18.939833 74.16335
  vertex -41.959854 -20.88128 74.43537
 endloop
endfacet
facet normal -1 -0 -0
 outer loop
  vertex -41.959854 -29.325542 74.16335
  vertex -41.959854 -29.325542 91.2857
  vertex -41.959854 -27.384089 74.43537
 endloop
endfacet
facet normal -1 -0 -0
 outer loop
  vertex -41.959854 -27.384089 74.43537
  vertex -41.959854 -29.325542 91.2857
  vertex -41.959854 -27.384089 91.01369
 endloop
endfacet
facet normal -1 0 -0
 outer loop
  vertex -41.959854 -18.939833 91.2857
  vertex -41.959854 -20.88128 91.01369
  vertex -41.959854 -19.46678 92.69275
 endloop
endfacet
facet normal -1 0 0
 outer loop
  vertex -41.959854 -19.46678 92.69275
  vertex -41.959854 -20.88128 91.01369
  vertex -41.959854 -21.343649 91.92493
 endloop
endfacet
facet normal -1 0 0
 outer loop
  vertex -41.959854 -20.628119 94.06467
  vertex -41.959854 -19.46678 92.69275
  vertex -41.959854 -21.343649 91.92493
 endloop
endfacet
facet normal -1 0 0
 outer loop
  vertex -41.959854 -22.022972 94.655655
  vertex -41.959854 -20.628119 94.06467
  vertex -41.959854 -22.265491 92.47818
 endloop
endfacet
facet normal -1 -0 0
 outer loop
  vertex -41.959854 -22.265491 92.47818
  vertex -41.959854 -20.628119 94.06467
  vertex -41.959854 -21.343649 91.92493
 endloop
endfacet
facet normal -1 0 0
 outer loop
  vertex -41.959854 -26.089647 94.655655
  vertex -41.959854 -25.84712 92.47818
  vertex -41.959854 -27.575413 94.06467
 endloop
endfacet
facet normal -1 0 0
 outer loop
  vertex -41.959854 -27.575413 94.06467
  vertex -41.959854 -25.84712 92.47818
  vertex -41.959854 -26.89081 91.92493
 endloop
endfacet
facet normal -1 -0 0
 outer loop
  vertex -41.959854 -28.798607 92.69275
  vertex -41.959854 -27.575413 94.06467
  vertex -41.959854 -26.89081 91.92493
 endloop
endfacet
facet normal -1 -0 0
 outer loop
  vertex -41.959854 -29.325542 91.2857
  vertex -41.959854 -28.798607 92.69275
  vertex -41.959854 -27.384089 91.01369
 endloop
endfacet
facet normal -1 -0 -0
 outer loop
  vertex -41.959854 -27.384089 91.01369
  vertex -41.959854 -28.798607 92.69275
  vertex -41.959854 -26.89081 91.92493
 endloop
endfacet
facet normal -1 -0 -0
 outer loop
  vertex -41.959854 -21.863863 70.95921
  vertex -41.959854 -22.106392 73.13671
  vertex -41.959854 -20.628124 71.55023
 endloop
endfacet
facet normal -1 0 -0
 outer loop
  vertex -41.959854 -20.628124 71.55023
  vertex -41.959854 -22.106392 73.13671
  vertex -41.959854 -21.343649 73.68075
 endloop
endfacet
facet normal -1 0 0
 outer loop
  vertex -41.959854 -19.46678 72.90369
  vertex -41.959854 -20.628124 71.55023
  vertex -41.959854 -21.343649 73.68075
 endloop
endfacet
facet normal -1 0 0
 outer loop
  vertex -41.959854 -18.939833 74.16335
  vertex -41.959854 -19.46678 72.90369
  vertex -41.959854 -20.88128 74.43537
 endloop
endfacet
facet normal -1 0 0
 outer loop
  vertex -41.959854 -20.88128 74.43537
  vertex -41.959854 -19.46678 72.90369
  vertex -41.959854 -21.343649 73.68075
 endloop
endfacet
facet normal -1 -0 0
 outer loop
  vertex -41.959854 -29.325542 74.16335
  vertex -41.959854 -27.384089 74.43537
  vertex -41.959854 -28.798607 72.90369
 endloop
endfacet
facet normal -1 -0 0
 outer loop
  vertex -41.959854 -28.798607 72.90369
  vertex -41.959854 -27.384089 74.43537
  vertex -41.959854 -26.89081 73.68075
 endloop
endfacet
facet normal -1 0 -0
 outer loop
  vertex -41.959854 -27.575413 71.55023
  vertex -41.959854 -28.798607 72.90369
  vertex -41.959854 -26.89081 73.68075
 endloop
endfacet
facet normal -1 0 -0
 outer loop
  vertex -41.959854 -26.268942 70.95921
  vertex -41.959854 -27.575413 71.55023
  vertex -41.959854 -26.026411 73.13671
 endloop
endfacet
facet normal -1 0 -0
 outer loop
  vertex -41.959854 -26.026411 73.13671
  vertex -41.959854 -27.575413 71.55023
  vertex -41.959854 -26.89081 73.68075
 endloop
endfacet
facet normal 0.48394635 0.8750977 0
 outer loop
  vertex -40.876617 -18.939833 74.16335
  vertex -40.876617 -18.939833 91.2857
  vertex -39.459915 -19.723297 74.90395
 endloop
endfacet
facet normal 0.48394632 0.87509763 0
 outer loop
  vertex -39.459915 -19.723297 74.90395
  vertex -40.876617 -18.939833 91.2857
  vertex -39.459915 -19.723297 90.54509
 endloop
endfacet
facet normal 0.8701857 -0 0.49272388
 outer loop
  vertex -40.876617 -22.022972 94.655655
  vertex -40.876617 -26.089645 94.655655
  vertex -40.208515 -22.414743 93.47574
 endloop
endfacet
facet normal 0.8701858 0 0.4927239
 outer loop
  vertex -40.208515 -22.414743 93.47574
  vertex -40.876617 -26.089645 94.655655
  vertex -40.208515 -25.69787 93.47574
 endloop
endfacet
facet normal 0.77118486 -0.6362078 0.02266107
 outer loop
  vertex -40.876617 -29.325542 91.2857
  vertex -40.37348 -29.325542 74.16335
  vertex -40.208515 -28.542076 90.54509
 endloop
endfacet
facet normal 0.74932396 -0.6617647 0.024103483
 outer loop
  vertex -40.208515 -28.542076 90.54509
  vertex -40.37348 -29.325542 74.16335
  vertex -39.705387 -28.542076 74.90395
 endloop
endfacet
facet normal 0.87971765 0.100478865 -0.46475902
 outer loop
  vertex -40.876617 -21.863861 70.95921
  vertex -40.208515 -22.25563 72.13913
  vertex -40.37348 -26.26894 70.95921
 endloop
endfacet
facet normal 0.84688795 0.117655344 -0.5185923
 outer loop
  vertex -40.37348 -26.26894 70.95921
  vertex -40.208515 -22.25563 72.13913
  vertex -39.705387 -25.877167 72.13913
 endloop
endfacet
facet normal 0.8368551 0.512653 0.19199087
 outer loop
  vertex -40.876617 -19.46678 92.69275
  vertex -40.208515 -20.19777 91.73249
  vertex -40.876617 -18.939833 91.2857
 endloop
endfacet
facet normal 0.60426676 0.5317039 0.59342456
 outer loop
  vertex -40.876617 -18.939833 91.2857
  vertex -40.208515 -20.19777 91.73249
  vertex -39.459915 -19.723297 90.54509
 endloop
endfacet
facet normal 0.8689065 0.37779137 0.31980485
 outer loop
  vertex -40.876617 -20.628124 94.06467
  vertex -40.208515 -21.215742 92.9436
  vertex -40.876617 -19.46678 92.69275
 endloop
endfacet
facet normal 0.86974025 0.37778476 0.31753823
 outer loop
  vertex -40.876617 -19.46678 92.69275
  vertex -40.208515 -21.215742 92.9436
  vertex -40.208515 -20.19777 91.73249
 endloop
endfacet
facet normal 0.8802317 0.18512996 0.43694293
 outer loop
  vertex -40.876617 -22.022972 94.655655
  vertex -40.208515 -22.414743 93.47574
  vertex -40.876617 -20.628124 94.06467
 endloop
endfacet
facet normal 0.88395345 0.18967557 0.4273751
 outer loop
  vertex -40.876617 -20.628124 94.06467
  vertex -40.208515 -22.414743 93.47574
  vertex -40.208515 -21.215742 92.9436
 endloop
endfacet
facet normal 0.88331014 -0.1732652 0.43559438
 outer loop
  vertex -40.876617 -27.575409 94.06467
  vertex -40.208515 -26.987797 92.9436
  vertex -40.876617 -26.089645 94.655655
 endloop
endfacet
facet normal 0.8803742 -0.18086928 0.43843776
 outer loop
  vertex -40.876617 -26.089645 94.655655
  vertex -40.208515 -26.987797 92.9436
  vertex -40.208515 -25.69787 93.47574
 endloop
endfacet
facet normal 0.87103033 -0.3666558 0.32690924
 outer loop
  vertex -40.876617 -27.575409 94.06467
  vertex -40.876617 -28.798607 92.69275
  vertex -40.208515 -26.987797 92.9436
 endloop
endfacet
facet normal 0.87103194 -0.3666558 0.3269051
 outer loop
  vertex -40.208515 -26.987797 92.9436
  vertex -40.876617 -28.798607 92.69275
  vertex -40.208515 -28.067608 91.73249
 endloop
endfacet
facet normal 0.8368562 -0.5126529 0.19198665
 outer loop
  vertex -40.876617 -28.798607 92.69275
  vertex -40.876617 -29.325542 91.2857
  vertex -40.208515 -28.067608 91.73249
 endloop
endfacet
facet normal 0.8320988 -0.5150321 0.2057994
 outer loop
  vertex -40.208515 -28.067608 91.73249
  vertex -40.876617 -29.325542 91.2857
  vertex -40.208515 -28.542076 90.54509
 endloop
endfacet
facet normal 0.8793006 0.20549133 -0.42965543
 outer loop
  vertex -40.876617 -21.863861 70.95921
  vertex -40.876617 -20.628119 71.55023
  vertex -40.208515 -22.25563 72.13913
 endloop
endfacet
facet normal 0.88435227 0.21266302 -0.41556647
 outer loop
  vertex -40.208515 -22.25563 72.13913
  vertex -40.876617 -20.628119 71.55023
  vertex -40.208515 -21.215736 72.67129
 endloop
endfacet
facet normal 0.86947685 0.37488377 -0.32167098
 outer loop
  vertex -40.876617 -20.628119 71.55023
  vertex -40.876617 -19.46678 72.90369
  vertex -40.208515 -21.215736 72.67129
 endloop
endfacet
facet normal 0.87009484 0.3748954 -0.31998187
 outer loop
  vertex -40.208515 -21.215736 72.67129
  vertex -40.876617 -19.46678 72.90369
  vertex -40.208515 -20.19777 73.86395
 endloop
endfacet
facet normal 0.8425139 0.49694547 -0.20788355
 outer loop
  vertex -40.876617 -19.46678 72.90369
  vertex -40.876617 -18.939833 74.16335
  vertex -40.208515 -20.19777 73.86395
 endloop
endfacet
facet normal 0.5991309 0.47211212 -0.6466469
 outer loop
  vertex -40.208515 -20.19777 73.86395
  vertex -40.876617 -18.939833 74.16335
  vertex -39.459915 -19.723297 74.90395
 endloop
endfacet
facet normal 0.8425176 -0.49694166 -0.20787746
 outer loop
  vertex -40.37348 -28.798607 72.90369
  vertex -39.705387 -28.067608 73.86395
  vertex -40.37348 -29.325542 74.16335
 endloop
endfacet
facet normal 0.83657557 -0.49843088 -0.22739367
 outer loop
  vertex -40.37348 -29.325542 74.16335
  vertex -39.705387 -28.067608 73.86395
  vertex -39.705387 -28.542076 74.90395
 endloop
endfacet
facet normal 0.8715582 -0.3637504 -0.328743
 outer loop
  vertex -40.37348 -27.575409 71.55023
  vertex -39.705387 -26.987797 72.67129
  vertex -40.37348 -28.798607 72.90369
 endloop
endfacet
facet normal 0.87134033 -0.36374485 -0.3293261
 outer loop
  vertex -40.37348 -28.798607 72.90369
  vertex -39.705387 -26.987797 72.67129
  vertex -39.705387 -28.067608 73.86395
 endloop
endfacet
facet normal 0.8797922 -0.19592667 -0.43310326
 outer loop
  vertex -40.37348 -26.26894 70.95921
  vertex -39.705387 -25.877167 72.13913
  vertex -40.37348 -27.575409 71.55023
 endloop
endfacet
facet normal 0.8842386 -0.20180956 -0.42118278
 outer loop
  vertex -40.37348 -27.575409 71.55023
  vertex -39.705387 -25.877167 72.13913
  vertex -39.705387 -26.987797 72.67129
 endloop
endfacet
facet normal 0.16358836 -0.032539804 0.98599195
 outer loop
  vertex 36.87227 -23.902103 99.39935
  vertex 34.059242 -22.815659 99.901924
  vertex 36.29935 -26.78235 99.39935
 endloop
endfacet
facet normal 0.11860799 -0.058602713 0.9912103
 outer loop
  vertex 34.059242 -22.815659 99.901924
  vertex 32.141254 -26.697538 99.901924
  vertex 36.29935 -26.78235 99.39935
 endloop
endfacet
facet normal 0.11803301 -0.07886699 0.9898728
 outer loop
  vertex 36.29935 -26.78235 99.39935
  vertex 32.141254 -26.697538 99.901924
  vertex 34.667824 -29.224108 99.39935
 endloop
endfacet
facet normal 0.07886709 -0.118032895 0.9898728
 outer loop
  vertex 34.667824 -29.224108 99.39935
  vertex 32.141254 -26.697538 99.901924
  vertex 32.226067 -30.855639 99.39935
 endloop
endfacet
facet normal 0.05860257 -0.118607886 0.99121034
 outer loop
  vertex 32.226067 -30.855639 99.39935
  vertex 32.141254 -26.697538 99.901924
  vertex 28.259373 -28.615524 99.901924
 endloop
endfacet
facet normal 0.03253974 -0.16358803 0.98599195
 outer loop
  vertex 32.226067 -30.855639 99.39935
  vertex 28.259373 -28.615524 99.901924
  vertex 29.34582 -31.428556 99.39935
 endloop
endfacet
facet normal 0.028277475 -0.14215952 -0.9894398
 outer loop
  vertex 28.440113 -30.52285 55.355778
  vertex 28.733149 -26.189365 54.74153
  vertex 31.320358 -29.94993 55.355778
 endloop
endfacet
facet normal 0.07410058 -0.110899426 -0.9910653
 outer loop
  vertex 31.320358 -29.94993 55.355778
  vertex 28.733149 -26.189365 54.74153
  vertex 33.762115 -28.318401 55.355778
 endloop
endfacet
facet normal 0.09459109 -0.06320378 -0.99350786
 outer loop
  vertex 33.762115 -28.318401 55.355778
  vertex 28.733149 -26.189365 54.74153
  vertex 35.393646 -25.876644 55.355778
 endloop
endfacet
facet normal 0.09509703 -0.0758071 -0.9925774
 outer loop
  vertex 35.393646 -25.876644 55.355778
  vertex 28.733149 -26.189365 54.74153
  vertex 32.592075 -21.348494 54.74153
 endloop
endfacet
facet normal 0.1635866 -0.032539245 -0.9859922
 outer loop
  vertex 35.393646 -25.876644 55.355778
  vertex 32.592075 -21.348494 54.74153
  vertex 35.96656 -22.996397 55.355778
 endloop
endfacet
facet normal 0.98078525 -6.1909816e-08 0.19509059
 outer loop
  vertex 40.624672 -6.912274 94.92485
  vertex 40.44537 -27.475214 95.826256
  vertex 40.947937 -27.977776 93.29968
 endloop
endfacet
facet normal 0.98078585 0 0.19508757
 outer loop
  vertex 40.947937 -27.977776 93.29968
  vertex 40.947937 -9.455811 93.29968
  vertex 40.707066 -7.8221583 94.51064
 endloop
endfacet
facet normal 0.98078376 -6.3627976e-07 0.19509771
 outer loop
  vertex 40.947937 -27.977776 93.29968
  vertex 40.707066 -7.8221583 94.51064
  vertex 40.624672 -6.912274 94.92485
 endloop
endfacet
facet normal 0.9807856 0 0.19508864
 outer loop
  vertex 40.947937 9.177811 93.29968
  vertex 40.947937 30.160997 93.29968
  vertex 40.75347 7.8589153 94.277336
 endloop
endfacet
facet normal 0.9807853 -0 0.19509013
 outer loop
  vertex 40.54079 -5.98592 95.34654
  vertex 40.44537 -4.2334046 95.826256
  vertex 40.44537 -27.475214 95.826256
 endloop
endfacet
facet normal 0.98078454 8.5325276e-08 0.19509383
 outer loop
  vertex 40.54079 -5.98592 95.34654
  vertex 40.44537 -27.475214 95.826256
  vertex 40.624672 -6.912274 94.92485
 endloop
endfacet
facet normal 0.98078525 -0 0.19509058
 outer loop
  vertex 40.947937 30.160997 93.29968
  vertex 40.44537 29.658432 95.826256
  vertex 40.44537 3.9554067 95.826256
 endloop
endfacet
facet normal 0.98078537 -6.640403e-08 0.19508989
 outer loop
  vertex 40.947937 30.160997 93.29968
  vertex 40.44537 3.9554067 95.826256
  vertex 40.54079 5.7079215 95.34654
 endloop
endfacet
facet normal 0.9807882 -5.746631e-07 0.19507603
 outer loop
  vertex 40.707066 7.544159 94.51065
  vertex 40.75347 7.8589153 94.277336
  vertex 40.947937 30.160997 93.29968
 endloop
endfacet
facet normal 0.9807837 6.649628e-07 0.1950983
 outer loop
  vertex 40.54079 5.7079215 95.34654
  vertex 40.707066 7.544159 94.51065
  vertex 40.947937 30.160997 93.29968
 endloop
endfacet
facet normal 0.831477 0 0.55555904
 outer loop
  vertex 40.319004 3.1637156 96.01538
  vertex 40.44537 3.9554067 95.826256
  vertex 40.44537 29.658432 95.826256
 endloop
endfacet
facet normal 0.8314701 0 0.5555696
 outer loop
  vertex 39.01419 -26.044025 97.96817
  vertex 40.44537 -27.475214 95.826256
  vertex 40.44537 -4.2334046 95.826256
 endloop
endfacet
facet normal 0.8314751 -1.0557914e-06 0.5555622
 outer loop
  vertex 39.01419 -26.044025 97.96817
  vertex 40.44537 -4.2334046 95.826256
  vertex 40.319004 -3.4417138 96.01538
 endloop
endfacet
facet normal 0.83145773 2.9839973e-07 0.55558795
 outer loop
  vertex 40.187572 0.828349 96.212074
  vertex 40.319004 3.1637156 96.01538
  vertex 40.44537 29.658432 95.826256
 endloop
endfacet
facet normal 0.8314449 6.693314e-07 0.55560714
 outer loop
  vertex 40.133873 -0.13899913 96.292435
  vertex 40.187572 0.828349 96.212074
  vertex 40.44537 29.658432 95.826256
 endloop
endfacet
facet normal 0.83146447 9.217153e-07 0.555578
 outer loop
  vertex 39.01419 -26.044025 97.96817
  vertex 40.319004 -3.4417138 96.01538
  vertex 40.187572 -1.1063473 96.212074
 endloop
endfacet
facet normal 0.83147365 -3.03724e-07 0.5555641
 outer loop
  vertex 40.133873 -0.13899913 96.292435
  vertex 40.44537 29.658432 95.826256
  vertex 39.01419 -26.044025 97.96817
 endloop
endfacet
facet normal 0.8314587 1.8001873e-06 0.5555866
 outer loop
  vertex 39.01419 -26.044025 97.96817
  vertex 40.187572 -1.1063473 96.212074
  vertex 40.133873 -0.13899913 96.292435
 endloop
endfacet
facet normal 0.8314701 -0 0.5555696
 outer loop
  vertex 39.01419 28.227243 97.96817
  vertex 39.01419 -26.044025 97.96817
  vertex 40.44537 29.658432 95.826256
 endloop
endfacet
facet normal 0.5555693 0 0.8314703
 outer loop
  vertex 39.01419 -26.044025 97.96817
  vertex 39.01419 28.227243 97.96817
  vertex 36.87227 -23.902103 99.39935
 endloop
endfacet
facet normal 0.55556923 0 0.8314703
 outer loop
  vertex 36.87227 -23.902103 99.39935
  vertex 39.01419 28.227243 97.96817
  vertex 36.87227 26.085321 99.39935
 endloop
endfacet
facet normal 0.17587373 0 0.9844128
 outer loop
  vertex 36.87227 -23.902103 99.39935
  vertex 36.87227 26.085321 99.39935
  vertex 34.059242 -22.815659 99.901924
 endloop
endfacet
facet normal 0.17587371 0 0.98441267
 outer loop
  vertex 34.059242 -22.815659 99.901924
  vertex 36.87227 26.085321 99.39935
  vertex 34.059242 24.998877 99.901924
 endloop
endfacet
facet normal 0.98078537 0 -0.1950899
 outer loop
  vertex 40.947937 -27.977776 62.81094
  vertex 40.33369 -27.36353 59.722908
  vertex 40.33369 29.546747 59.722908
 endloop
endfacet
facet normal 0.98078537 0 -0.19508992
 outer loop
  vertex 40.947937 -27.977776 62.81094
  vertex 40.33369 29.546747 59.722908
  vertex 40.947937 30.160997 62.81094
 endloop
endfacet
facet normal 0.83147055 0 -0.5555689
 outer loop
  vertex 40.33369 -27.36353 59.722908
  vertex 38.58447 -25.614302 57.105003
  vertex 38.58447 27.79752 57.105003
 endloop
endfacet
facet normal 0.83147055 0 -0.5555688
 outer loop
  vertex 40.33369 -27.36353 59.722908
  vertex 38.58447 27.79752 57.105003
  vertex 40.33369 29.546747 59.722908
 endloop
endfacet
facet normal 0.179084 0 -0.98383373
 outer loop
  vertex 32.592075 -21.348494 54.74153
  vertex 32.592075 23.531708 54.74153
  vertex 35.96656 -22.996397 55.355778
 endloop
endfacet
facet normal 0.17908403 0 -0.9838338
 outer loop
  vertex 35.96656 -22.996397 55.355778
  vertex 32.592075 23.531708 54.74153
  vertex 35.96656 25.179615 55.355778
 endloop
endfacet
facet normal 0.5555691 0 -0.8314704
 outer loop
  vertex 35.96656 25.179615 55.355778
  vertex 38.58447 -25.614302 57.105003
  vertex 35.96656 -22.996397 55.355778
 endloop
endfacet
facet normal 0.5555692 0 -0.8314704
 outer loop
  vertex 35.96656 25.179615 55.355778
  vertex 38.58447 27.79752 57.105003
  vertex 38.58447 -25.614302 57.105003
 endloop
endfacet
facet normal 0.48455313 -0.0963838 0.8694357
 outer loop
  vertex 38.441273 -28.924273 97.96817
  vertex 39.01419 -26.044025 97.96817
  vertex 36.29935 -26.78235 99.39935
 endloop
endfacet
facet normal 0.48455313 -0.0963838 0.8694357
 outer loop
  vertex 36.29935 -26.78235 99.39935
  vertex 39.01419 -26.044025 97.96817
  vertex 36.87227 -23.902103 99.39935
 endloop
endfacet
facet normal 0.3608551 -0.24111503 0.90091455
 outer loop
  vertex 36.809746 -31.366032 97.96817
  vertex 38.441273 -28.924273 97.96817
  vertex 34.667824 -29.224108 99.39935
 endloop
endfacet
facet normal 0.3608551 -0.2411152 0.9009145
 outer loop
  vertex 34.667824 -29.224108 99.39935
  vertex 38.441273 -28.924273 97.96817
  vertex 36.29935 -26.78235 99.39935
 endloop
endfacet
facet normal 0.09638383 -0.48455328 0.86943555
 outer loop
  vertex 29.34582 -31.428556 99.39935
  vertex 31.487743 -33.570477 97.96817
  vertex 32.226067 -30.855639 99.39935
 endloop
endfacet
facet normal 0.096383914 -0.48455334 0.86943567
 outer loop
  vertex 32.226067 -30.855639 99.39935
  vertex 31.487743 -33.570477 97.96817
  vertex 34.36799 -32.99756 97.96817
 endloop
endfacet
facet normal 0.24111569 -0.36085495 0.90091455
 outer loop
  vertex 32.226067 -30.855639 99.39935
  vertex 34.36799 -32.99756 97.96817
  vertex 34.667824 -29.224108 99.39935
 endloop
endfacet
facet normal 0.24111512 -0.36085495 0.9009147
 outer loop
  vertex 34.667824 -29.224108 99.39935
  vertex 34.36799 -32.99756 97.96817
  vertex 36.809746 -31.366032 97.96817
 endloop
endfacet
facet normal 0.7712165 -0.1534037 0.61781263
 outer loop
  vertex 39.872456 -30.355463 95.826256
  vertex 40.44537 -27.475214 95.826256
  vertex 38.441273 -28.924273 97.96817
 endloop
endfacet
facet normal 0.77121675 -0.15340482 0.6178121
 outer loop
  vertex 38.441273 -28.924273 97.96817
  vertex 40.44537 -27.475214 95.826256
  vertex 39.01419 -26.044025 97.96817
 endloop
endfacet
facet normal 0.6098364 -0.40747923 0.67975
 outer loop
  vertex 38.24093 -32.79722 95.826256
  vertex 39.872456 -30.355463 95.826256
  vertex 36.809746 -31.366032 97.96817
 endloop
endfacet
facet normal 0.60983646 -0.40747863 0.67975044
 outer loop
  vertex 36.809746 -31.366032 97.96817
  vertex 39.872456 -30.355463 95.826256
  vertex 38.441273 -28.924273 97.96817
 endloop
endfacet
facet normal 0.15340476 -0.7712156 0.6178135
 outer loop
  vertex 31.487743 -33.570477 97.96817
  vertex 32.918926 -35.001663 95.826256
  vertex 34.36799 -32.99756 97.96817
 endloop
endfacet
facet normal 0.15340473 -0.7712156 0.6178135
 outer loop
  vertex 34.36799 -32.99756 97.96817
  vertex 32.918926 -35.001663 95.826256
  vertex 35.79917 -34.428745 95.826256
 endloop
endfacet
facet normal 0.407479 -0.6098365 0.6797502
 outer loop
  vertex 34.36799 -32.99756 97.96817
  vertex 35.79917 -34.428745 95.826256
  vertex 36.809746 -31.366032 97.96817
 endloop
endfacet
facet normal 0.40747896 -0.6098365 0.6797502
 outer loop
  vertex 36.809746 -31.366032 97.96817
  vertex 35.79917 -34.428745 95.826256
  vertex 38.24093 -32.79722 95.826256
 endloop
endfacet
facet normal 0.9550103 -0.18996234 0.22774908
 outer loop
  vertex 40.375023 -30.858025 93.29968
  vertex 40.947937 -27.977776 93.29968
  vertex 39.872456 -30.355463 95.826256
 endloop
endfacet
facet normal 0.9550103 -0.18996236 0.22774908
 outer loop
  vertex 39.872456 -30.355463 95.826256
  vertex 40.947937 -27.977776 93.29968
  vertex 40.44537 -27.475214 95.826256
 endloop
endfacet
facet normal 0.80152345 -0.53555983 0.26596195
 outer loop
  vertex 38.743496 -33.29978 93.29968
  vertex 40.375023 -30.858025 93.29968
  vertex 38.24093 -32.79722 95.826256
 endloop
endfacet
facet normal 0.8015234 -0.53556025 0.2659616
 outer loop
  vertex 38.24093 -32.79722 95.826256
  vertex 40.375023 -30.858025 93.29968
  vertex 39.872456 -30.355463 95.826256
 endloop
endfacet
facet normal 0.18996379 -0.9550099 0.22774974
 outer loop
  vertex 32.918926 -35.001663 95.826256
  vertex 33.421494 -35.50423 93.29968
  vertex 35.79917 -34.428745 95.826256
 endloop
endfacet
facet normal 0.18996379 -0.9550099 0.22774974
 outer loop
  vertex 35.79917 -34.428745 95.826256
  vertex 33.421494 -35.50423 93.29968
  vertex 36.30174 -34.931313 93.29968
 endloop
endfacet
facet normal 0.5355598 -0.80152327 0.2659627
 outer loop
  vertex 35.79917 -34.428745 95.826256
  vertex 36.30174 -34.931313 93.29968
  vertex 38.24093 -32.79722 95.826256
 endloop
endfacet
facet normal 0.5355608 -0.801523 0.26596162
 outer loop
  vertex 38.24093 -32.79722 95.826256
  vertex 36.30174 -34.931313 93.29968
  vertex 38.743496 -33.29978 93.29968
 endloop
endfacet
facet normal 0.18996376 -0.95500976 -0.22775008
 outer loop
  vertex 36.30174 -34.931313 62.81094
  vertex 33.421494 -35.50423 62.81094
  vertex 35.687492 -34.317062 59.722908
 endloop
endfacet
facet normal 0.1899635 -0.9550098 -0.22775029
 outer loop
  vertex 35.687492 -34.317062 59.722908
  vertex 33.421494 -35.50423 62.81094
  vertex 32.807243 -34.88998 59.722908
 endloop
endfacet
facet normal 0.53556067 -0.80152273 -0.2659625
 outer loop
  vertex 38.743496 -33.29978 62.81094
  vertex 36.30174 -34.931313 62.81094
  vertex 38.129246 -32.685535 59.722908
 endloop
endfacet
facet normal 0.5355603 -0.8015229 -0.26596278
 outer loop
  vertex 38.129246 -32.685535 59.722908
  vertex 36.30174 -34.931313 62.81094
  vertex 35.687492 -34.317062 59.722908
 endloop
endfacet
facet normal 0.9550103 -0.18996237 -0.22774872
 outer loop
  vertex 40.33369 -27.36353 59.722908
  vertex 40.947937 -27.977776 62.81094
  vertex 39.760777 -30.243778 59.722908
 endloop
endfacet
facet normal 0.9550103 -0.18996236 -0.22774874
 outer loop
  vertex 39.760777 -30.243778 59.722908
  vertex 40.947937 -27.977776 62.81094
  vertex 40.375023 -30.858025 62.81094
 endloop
endfacet
facet normal 0.8015229 -0.5355607 -0.2659619
 outer loop
  vertex 39.760777 -30.243778 59.722908
  vertex 40.375023 -30.858025 62.81094
  vertex 38.129246 -32.685535 59.722908
 endloop
endfacet
facet normal 0.80152327 -0.5355598 -0.26596278
 outer loop
  vertex 38.129246 -32.685535 59.722908
  vertex 40.375023 -30.858025 62.81094
  vertex 38.743496 -33.29978 62.81094
 endloop
endfacet
facet normal 0.19509082 -0.98078513 0
 outer loop
  vertex 33.421494 -35.50423 78.90983
  vertex 33.421494 -35.50423 62.81094
  vertex 36.30174 -34.931313 62.81094
 endloop
endfacet
facet normal 0.5555704 -0.8314695 0
 outer loop
  vertex 36.30174 -34.931313 93.29968
  vertex 36.30174 -34.931313 62.81094
  vertex 38.743496 -33.29978 93.29968
 endloop
endfacet
facet normal 0.5555704 -0.8314695 0
 outer loop
  vertex 38.743496 -33.29978 93.29968
  vertex 36.30174 -34.931313 62.81094
  vertex 38.743496 -33.29978 62.81094
 endloop
endfacet
facet normal 0.8314701 -0.5555695 0
 outer loop
  vertex 38.743496 -33.29978 93.29968
  vertex 38.743496 -33.29978 62.81094
  vertex 40.375023 -30.858025 93.29968
 endloop
endfacet
facet normal 0.8314701 -0.5555695 0
 outer loop
  vertex 40.375023 -30.858025 93.29968
  vertex 38.743496 -33.29978 62.81094
  vertex 40.375023 -30.858025 62.81094
 endloop
endfacet
facet normal 0.9807855 -0.19508934 0
 outer loop
  vertex 40.375023 -30.858025 93.29968
  vertex 40.375023 -30.858025 62.81094
  vertex 40.947937 -27.977776 93.29968
 endloop
endfacet
facet normal 0.9807855 -0.19508934 0
 outer loop
  vertex 40.947937 -27.977776 93.29968
  vertex 40.375023 -30.858025 62.81094
  vertex 40.947937 -27.977776 62.81094
 endloop
endfacet
facet normal 0.153405 -0.7712169 -0.6178118
 outer loop
  vertex 31.058018 -33.140755 57.105003
  vertex 33.938263 -32.567837 57.105003
  vertex 32.807243 -34.88998 59.722908
 endloop
endfacet
facet normal 0.15340479 -0.7712169 -0.6178118
 outer loop
  vertex 32.807243 -34.88998 59.722908
  vertex 33.938263 -32.567837 57.105003
  vertex 35.687492 -34.317062 59.722908
 endloop
endfacet
facet normal 0.40747982 -0.6098371 -0.67974913
 outer loop
  vertex 33.938263 -32.567837 57.105003
  vertex 36.38002 -30.936308 57.105003
  vertex 35.687492 -34.317062 59.722908
 endloop
endfacet
facet normal 0.40747994 -0.6098371 -0.6797491
 outer loop
  vertex 35.687492 -34.317062 59.722908
  vertex 36.38002 -30.936308 57.105003
  vertex 38.129246 -32.685535 59.722908
 endloop
endfacet
facet normal 0.609837 -0.40748024 -0.679749
 outer loop
  vertex 38.129246 -32.685535 59.722908
  vertex 36.38002 -30.936308 57.105003
  vertex 39.760777 -30.243778 59.722908
 endloop
endfacet
facet normal 0.60983706 -0.40747997 -0.67974913
 outer loop
  vertex 39.760777 -30.243778 59.722908
  vertex 36.38002 -30.936308 57.105003
  vertex 38.01155 -28.494549 57.105003
 endloop
endfacet
facet normal 0.77121735 -0.15340385 -0.6178115
 outer loop
  vertex 39.760777 -30.243778 59.722908
  vertex 38.01155 -28.494549 57.105003
  vertex 40.33369 -27.36353 59.722908
 endloop
endfacet
facet normal 0.7712174 -0.153405 -0.6178111
 outer loop
  vertex 40.33369 -27.36353 59.722908
  vertex 38.01155 -28.494549 57.105003
  vertex 38.58447 -25.614302 57.105003
 endloop
endfacet
facet normal 0.09638422 -0.48455325 -0.8694356
 outer loop
  vertex 28.440113 -30.52285 55.355778
  vertex 31.320358 -29.94993 55.355778
  vertex 31.058018 -33.140755 57.105003
 endloop
endfacet
facet normal 0.09638388 -0.4845533 -0.8694356
 outer loop
  vertex 31.058018 -33.140755 57.105003
  vertex 31.320358 -29.94993 55.355778
  vertex 33.938263 -32.567837 57.105003
 endloop
endfacet
facet normal 0.24111556 -0.3608552 -0.90091443
 outer loop
  vertex 31.320358 -29.94993 55.355778
  vertex 33.762115 -28.318401 55.355778
  vertex 33.938263 -32.567837 57.105003
 endloop
endfacet
facet normal 0.24111554 -0.3608552 -0.90091443
 outer loop
  vertex 33.938263 -32.567837 57.105003
  vertex 33.762115 -28.318401 55.355778
  vertex 36.38002 -30.936308 57.105003
 endloop
endfacet
facet normal 0.36085516 -0.2411156 -0.90091443
 outer loop
  vertex 36.38002 -30.936308 57.105003
  vertex 33.762115 -28.318401 55.355778
  vertex 38.01155 -28.494549 57.105003
 endloop
endfacet
facet normal 0.36085516 -0.24111582 -0.9009144
 outer loop
  vertex 38.01155 -28.494549 57.105003
  vertex 33.762115 -28.318401 55.355778
  vertex 35.393646 -25.876644 55.355778
 endloop
endfacet
facet normal 0.48455355 -0.096383855 -0.8694354
 outer loop
  vertex 38.01155 -28.494549 57.105003
  vertex 35.393646 -25.876644 55.355778
  vertex 38.58447 -25.614302 57.105003
 endloop
endfacet
facet normal 0.48455355 -0.096383244 -0.86943555
 outer loop
  vertex 38.58447 -25.614302 57.105003
  vertex 35.393646 -25.876644 55.355778
  vertex 35.96656 -22.996397 55.355778
 endloop
endfacet
facet normal 0.16358835 0.03253981 0.98599195
 outer loop
  vertex 36.87227 26.085321 99.39935
  vertex 36.29935 28.965569 99.39935
  vertex 34.059242 24.998877 99.901924
 endloop
endfacet
facet normal 0.11803301 0.07886693 0.9898728
 outer loop
  vertex 34.667824 31.407328 99.39935
  vertex 32.141254 28.880756 99.901924
  vertex 36.29935 28.965569 99.39935
 endloop
endfacet
facet normal 0.11860799 0.058602713 0.9912103
 outer loop
  vertex 36.29935 28.965569 99.39935
  vertex 32.141254 28.880756 99.901924
  vertex 34.059242 24.998877 99.901924
 endloop
endfacet
facet normal 0.078867 0.118032895 0.9898728
 outer loop
  vertex 34.667824 31.407328 99.39935
  vertex 32.226067 33.038857 99.39935
  vertex 32.141254 28.880756 99.901924
 endloop
endfacet
facet normal 0.05860263 0.11860789 0.99121034
 outer loop
  vertex 32.141254 28.880756 99.901924
  vertex 32.226067 33.038857 99.39935
  vertex 28.259373 30.798744 99.901924
 endloop
endfacet
facet normal 0.032539766 0.1635881 0.98599195
 outer loop
  vertex 32.226067 33.038857 99.39935
  vertex 29.34582 33.611774 99.39935
  vertex 28.259373 30.798744 99.901924
 endloop
endfacet
facet normal 0.028277373 0.14215957 -0.9894397
 outer loop
  vertex 28.440113 32.706066 55.355778
  vertex 31.320358 32.13315 55.355778
  vertex 28.733149 28.372583 54.74153
 endloop
endfacet
facet normal 0.074100524 0.110899486 -0.9910653
 outer loop
  vertex 31.320358 32.13315 55.355778
  vertex 33.762115 30.501621 55.355778
  vertex 28.733149 28.372583 54.74153
 endloop
endfacet
facet normal 0.09459109 0.06320372 -0.9935078
 outer loop
  vertex 33.762115 30.501621 55.355778
  vertex 35.393646 28.059862 55.355778
  vertex 28.733149 28.372583 54.74153
 endloop
endfacet
facet normal 0.09509702 0.07580704 -0.9925773
 outer loop
  vertex 28.733149 28.372583 54.74153
  vertex 35.393646 28.059862 55.355778
  vertex 32.592075 23.531708 54.74153
 endloop
endfacet
facet normal 0.16358659 0.032539245 -0.9859922
 outer loop
  vertex 35.393646 28.059862 55.355778
  vertex 35.96656 25.179615 55.355778
  vertex 32.592075 23.531708 54.74153
 endloop
endfacet
facet normal 0.48455313 0.0963838 0.8694357
 outer loop
  vertex 36.87227 26.085321 99.39935
  vertex 39.01419 28.227243 97.96817
  vertex 36.29935 28.965569 99.39935
 endloop
endfacet
facet normal 0.48455307 0.096383736 0.8694358
 outer loop
  vertex 36.29935 28.965569 99.39935
  vertex 39.01419 28.227243 97.96817
  vertex 38.441273 31.107492 97.96817
 endloop
endfacet
facet normal 0.3608551 0.24111503 0.90091455
 outer loop
  vertex 36.29935 28.965569 99.39935
  vertex 38.441273 31.107492 97.96817
  vertex 34.667824 31.407328 99.39935
 endloop
endfacet
facet normal 0.3608551 0.2411154 0.9009145
 outer loop
  vertex 34.667824 31.407328 99.39935
  vertex 38.441273 31.107492 97.96817
  vertex 36.809746 33.549248 97.96817
 endloop
endfacet
facet normal 0.09638378 0.484553 0.8694357
 outer loop
  vertex 29.34582 33.611774 99.39935
  vertex 32.226067 33.038857 99.39935
  vertex 31.487743 35.753696 97.96817
 endloop
endfacet
facet normal 0.09638385 0.484553 0.86943567
 outer loop
  vertex 31.487743 35.753696 97.96817
  vertex 32.226067 33.038857 99.39935
  vertex 34.36799 35.18078 97.96817
 endloop
endfacet
facet normal 0.24111542 0.36085495 0.9009146
 outer loop
  vertex 32.226067 33.038857 99.39935
  vertex 34.667824 31.407328 99.39935
  vertex 34.36799 35.18078 97.96817
 endloop
endfacet
facet normal 0.24111569 0.36085495 0.90091455
 outer loop
  vertex 34.36799 35.18078 97.96817
  vertex 34.667824 31.407328 99.39935
  vertex 36.809746 33.549248 97.96817
 endloop
endfacet
facet normal 0.77121675 0.15340473 0.61781204
 outer loop
  vertex 39.01419 28.227243 97.96817
  vertex 40.44537 29.658432 95.826256
  vertex 38.441273 31.107492 97.96817
 endloop
endfacet
facet normal 0.7712166 0.15340371 0.6178125
 outer loop
  vertex 38.441273 31.107492 97.96817
  vertex 40.44537 29.658432 95.826256
  vertex 39.872456 32.53868 95.826256
 endloop
endfacet
facet normal 0.60983634 0.4074791 0.6797502
 outer loop
  vertex 38.441273 31.107492 97.96817
  vertex 39.872456 32.53868 95.826256
  vertex 36.809746 33.549248 97.96817
 endloop
endfacet
facet normal 0.6098364 0.40747887 0.67975044
 outer loop
  vertex 36.809746 33.549248 97.96817
  vertex 39.872456 32.53868 95.826256
  vertex 38.24093 34.98044 95.826256
 endloop
endfacet
facet normal 0.15340473 0.7712156 0.6178135
 outer loop
  vertex 31.487743 35.753696 97.96817
  vertex 34.36799 35.18078 97.96817
  vertex 32.918926 37.184883 95.826256
 endloop
endfacet
facet normal 0.15340476 0.7712156 0.6178135
 outer loop
  vertex 32.918926 37.184883 95.826256
  vertex 34.36799 35.18078 97.96817
  vertex 35.79917 36.611965 95.826256
 endloop
endfacet
facet normal 0.40747955 0.609836 0.67975026
 outer loop
  vertex 34.36799 35.18078 97.96817
  vertex 36.809746 33.549248 97.96817
  vertex 35.79917 36.611965 95.826256
 endloop
endfacet
facet normal 0.4074787 0.60983604 0.6797508
 outer loop
  vertex 35.79917 36.611965 95.826256
  vertex 36.809746 33.549248 97.96817
  vertex 38.24093 34.98044 95.826256
 endloop
endfacet
facet normal 0.95501024 0.18996234 0.22774935
 outer loop
  vertex 40.44537 29.658432 95.826256
  vertex 40.947937 30.160997 93.29968
  vertex 39.872456 32.53868 95.826256
 endloop
endfacet
facet normal 0.95501024 0.18996246 0.22774923
 outer loop
  vertex 39.872456 32.53868 95.826256
  vertex 40.947937 30.160997 93.29968
  vertex 40.375023 33.041245 93.29968
 endloop
endfacet
facet normal 0.80152345 0.53555983 0.26596195
 outer loop
  vertex 39.872456 32.53868 95.826256
  vertex 40.375023 33.041245 93.29968
  vertex 38.24093 34.98044 95.826256
 endloop
endfacet
facet normal 0.80152345 0.53555983 0.26596195
 outer loop
  vertex 38.24093 34.98044 95.826256
  vertex 40.375023 33.041245 93.29968
  vertex 38.743496 35.483 93.29968
 endloop
endfacet
facet normal 0.18996385 0.9550102 0.22774836
 outer loop
  vertex 32.918926 37.184883 95.826256
  vertex 35.79917 36.611965 95.826256
  vertex 33.421494 37.687447 93.29968
 endloop
endfacet
facet normal 0.18996386 0.9550102 0.22774836
 outer loop
  vertex 33.421494 37.687447 93.29968
  vertex 35.79917 36.611965 95.826256
  vertex 36.30174 37.11453 93.29968
 endloop
endfacet
facet normal 0.53555995 0.80152357 0.2659616
 outer loop
  vertex 35.79917 36.611965 95.826256
  vertex 38.24093 34.98044 95.826256
  vertex 36.30174 37.11453 93.29968
 endloop
endfacet
facet normal 0.53555995 0.80152357 0.26596156
 outer loop
  vertex 36.30174 37.11453 93.29968
  vertex 38.24093 34.98044 95.826256
  vertex 38.743496 35.483 93.29968
 endloop
endfacet
facet normal 0.18996356 0.95501 -0.22774915
 outer loop
  vertex 32.807243 37.0732 59.722908
  vertex 33.421494 37.687447 62.81094
  vertex 35.687492 36.500282 59.722908
 endloop
endfacet
facet normal 0.18996382 0.95501006 -0.22774898
 outer loop
  vertex 35.687492 36.500282 59.722908
  vertex 33.421494 37.687447 62.81094
  vertex 36.30174 37.11453 62.81094
 endloop
endfacet
facet normal 0.53556126 0.8015225 -0.2659619
 outer loop
  vertex 35.687492 36.500282 59.722908
  vertex 36.30174 37.11453 62.81094
  vertex 38.129246 34.86875 59.722908
 endloop
endfacet
facet normal 0.53555965 0.80152315 -0.26596338
 outer loop
  vertex 38.129246 34.86875 59.722908
  vertex 36.30174 37.11453 62.81094
  vertex 38.743496 35.483 62.81094
 endloop
endfacet
facet normal 0.9550103 0.18996248 -0.22774899
 outer loop
  vertex 40.33369 29.546747 59.722908
  vertex 39.760777 32.426994 59.722908
  vertex 40.947937 30.160997 62.81094
 endloop
endfacet
facet normal 0.9550103 0.18996248 -0.22774899
 outer loop
  vertex 40.947937 30.160997 62.81094
  vertex 39.760777 32.426994 59.722908
  vertex 40.375023 33.041245 62.81094
 endloop
endfacet
facet normal 0.80152273 0.53556067 -0.2659625
 outer loop
  vertex 39.760777 32.426994 59.722908
  vertex 38.129246 34.86875 59.722908
  vertex 40.375023 33.041245 62.81094
 endloop
endfacet
facet normal 0.8015231 0.5355596 -0.26596335
 outer loop
  vertex 40.375023 33.041245 62.81094
  vertex 38.129246 34.86875 59.722908
  vertex 38.743496 35.483 62.81094
 endloop
endfacet
facet normal 0.19509085 0.9807852 0
 outer loop
  vertex 33.421494 37.687447 93.29968
  vertex 36.30174 37.11453 93.29968
  vertex 33.421494 37.687447 62.81094
 endloop
endfacet
facet normal 0.19509085 0.9807852 -0
 outer loop
  vertex 33.421494 37.687447 62.81094
  vertex 36.30174 37.11453 93.29968
  vertex 36.30174 37.11453 62.81094
 endloop
endfacet
facet normal 0.5555695 0.8314701 0
 outer loop
  vertex 36.30174 37.11453 93.29968
  vertex 38.743496 35.483 93.29968
  vertex 36.30174 37.11453 62.81094
 endloop
endfacet
facet normal 0.5555695 0.8314701 -0
 outer loop
  vertex 36.30174 37.11453 62.81094
  vertex 38.743496 35.483 93.29968
  vertex 38.743496 35.483 62.81094
 endloop
endfacet
facet normal 0.8314701 0.5555695 0
 outer loop
  vertex 38.743496 35.483 93.29968
  vertex 40.375023 33.041245 93.29968
  vertex 38.743496 35.483 62.81094
 endloop
endfacet
facet normal 0.8314701 0.5555695 -0
 outer loop
  vertex 38.743496 35.483 62.81094
  vertex 40.375023 33.041245 93.29968
  vertex 40.375023 33.041245 62.81094
 endloop
endfacet
facet normal 0.9807855 0.19508946 0
 outer loop
  vertex 40.375023 33.041245 93.29968
  vertex 40.947937 30.160997 93.29968
  vertex 40.375023 33.041245 62.81094
 endloop
endfacet
facet normal 0.9807855 0.19508946 -0
 outer loop
  vertex 40.375023 33.041245 62.81094
  vertex 40.947937 30.160997 93.29968
  vertex 40.947937 30.160997 62.81094
 endloop
endfacet
facet normal 0.15340479 0.7712169 -0.6178118
 outer loop
  vertex 35.687492 36.500282 59.722908
  vertex 33.938263 34.751057 57.105003
  vertex 32.807243 37.0732 59.722908
 endloop
endfacet
facet normal 0.153405 0.7712169 -0.6178118
 outer loop
  vertex 32.807243 37.0732 59.722908
  vertex 33.938263 34.751057 57.105003
  vertex 31.058018 35.323975 57.105003
 endloop
endfacet
facet normal 0.40748072 0.60983676 -0.6797489
 outer loop
  vertex 38.129246 34.86875 59.722908
  vertex 36.38002 33.119526 57.105003
  vertex 35.687492 36.500282 59.722908
 endloop
endfacet
facet normal 0.40748015 0.6098369 -0.67974913
 outer loop
  vertex 35.687492 36.500282 59.722908
  vertex 36.38002 33.119526 57.105003
  vertex 33.938263 34.751057 57.105003
 endloop
endfacet
facet normal 0.6098372 0.40748036 -0.67974883
 outer loop
  vertex 38.129246 34.86875 59.722908
  vertex 39.760777 32.426994 59.722908
  vertex 36.38002 33.119526 57.105003
 endloop
endfacet
facet normal 0.6098371 0.4074803 -0.67974883
 outer loop
  vertex 36.38002 33.119526 57.105003
  vertex 39.760777 32.426994 59.722908
  vertex 38.01155 30.677769 57.105003
 endloop
endfacet
facet normal 0.7712174 0.15340398 -0.61781144
 outer loop
  vertex 39.760777 32.426994 59.722908
  vertex 40.33369 29.546747 59.722908
  vertex 38.01155 30.677769 57.105003
 endloop
endfacet
facet normal 0.7712175 0.1534049 -0.6178111
 outer loop
  vertex 38.01155 30.677769 57.105003
  vertex 40.33369 29.546747 59.722908
  vertex 38.58447 27.79752 57.105003
 endloop
endfacet
facet normal 0.09638382 0.48455304 -0.86943567
 outer loop
  vertex 33.938263 34.751057 57.105003
  vertex 31.320358 32.13315 55.355778
  vertex 31.058018 35.323975 57.105003
 endloop
endfacet
facet normal 0.096383855 0.48455304 -0.8694358
 outer loop
  vertex 31.058018 35.323975 57.105003
  vertex 31.320358 32.13315 55.355778
  vertex 28.440113 32.706066 55.355778
 endloop
endfacet
facet normal 0.24111578 0.36085513 -0.9009144
 outer loop
  vertex 36.38002 33.119526 57.105003
  vertex 33.762115 30.501621 55.355778
  vertex 33.938263 34.751057 57.105003
 endloop
endfacet
facet normal 0.24111529 0.36085522 -0.9009145
 outer loop
  vertex 33.938263 34.751057 57.105003
  vertex 33.762115 30.501621 55.355778
  vertex 31.320358 32.13315 55.355778
 endloop
endfacet
facet normal 0.36085516 0.24111582 -0.9009144
 outer loop
  vertex 36.38002 33.119526 57.105003
  vertex 38.01155 30.677769 57.105003
  vertex 33.762115 30.501621 55.355778
 endloop
endfacet
facet normal 0.36085516 0.2411156 -0.90091443
 outer loop
  vertex 33.762115 30.501621 55.355778
  vertex 38.01155 30.677769 57.105003
  vertex 35.393646 28.059862 55.355778
 endloop
endfacet
facet normal 0.48455352 0.09638382 -0.8694354
 outer loop
  vertex 38.01155 30.677769 57.105003
  vertex 38.58447 27.79752 57.105003
  vertex 35.393646 28.059862 55.355778
 endloop
endfacet
facet normal 0.48455355 0.096383214 -0.86943555
 outer loop
  vertex 35.393646 28.059862 55.355778
  vertex 38.58447 27.79752 57.105003
  vertex 35.96656 25.179615 55.355778
 endloop
endfacet
facet normal 0.004823431 -0.19506393 0.9807787
 outer loop
  vertex 16.688759 -28.901636 99.901924
  vertex 16.688759 -31.428556 99.39935
  vertex 28.259373 -28.615524 99.901924
 endloop
endfacet
facet normal 0 -0.17587337 0.9844128
 outer loop
  vertex 28.259373 -28.615524 99.901924
  vertex 16.688759 -31.428556 99.39935
  vertex 29.34582 -31.428556 99.39935
 endloop
endfacet
facet normal 0 -0.5555696 0.83147
 outer loop
  vertex 16.688759 -31.428556 99.39935
  vertex 16.688759 -33.570477 97.96817
  vertex 29.34582 -31.428556 99.39935
 endloop
endfacet
facet normal 0 -0.5555696 0.83147
 outer loop
  vertex 29.34582 -31.428556 99.39935
  vertex 16.688759 -33.570477 97.96817
  vertex 31.487743 -33.570477 97.96817
 endloop
endfacet
facet normal 0 -0.8314687 0.5555716
 outer loop
  vertex 16.688759 -33.570477 97.96817
  vertex 16.688759 -35.001663 95.826256
  vertex 31.487743 -33.570477 97.96817
 endloop
endfacet
facet normal 0 -0.83146864 0.5555716
 outer loop
  vertex 31.487743 -33.570477 97.96817
  vertex 16.688759 -35.001663 95.826256
  vertex 32.918926 -35.001663 95.826256
 endloop
endfacet
facet normal 0 -0.9807852 0.19509056
 outer loop
  vertex 16.688759 -35.001663 95.826256
  vertex 20.476948 -35.50423 93.29968
  vertex 32.918926 -35.001663 95.826256
 endloop
endfacet
facet normal 0 -0.9807852 0.19509055
 outer loop
  vertex 32.918926 -35.001663 95.826256
  vertex 20.476948 -35.50423 93.29968
  vertex 33.421494 -35.50423 93.29968
 endloop
endfacet
facet normal 0 -0.9807851 -0.19509108
 outer loop
  vertex 33.421494 -35.50423 62.81094
  vertex 16.688759 -35.50423 62.81094
  vertex 32.807243 -34.88998 59.722908
 endloop
endfacet
facet normal 0 -0.9807852 -0.19509108
 outer loop
  vertex 32.807243 -34.88998 59.722908
  vertex 16.688759 -35.50423 62.81094
  vertex 16.688759 -34.88998 59.722908
 endloop
endfacet
facet normal 0 -0.83146995 -0.5555697
 outer loop
  vertex 32.807243 -34.88998 59.722908
  vertex 16.688759 -34.88998 59.722908
  vertex 31.058018 -33.140755 57.105003
 endloop
endfacet
facet normal 0 -0.83146995 -0.5555697
 outer loop
  vertex 31.058018 -33.140755 57.105003
  vertex 16.688759 -34.88998 59.722908
  vertex 16.688759 -33.140755 57.105003
 endloop
endfacet
facet normal 0 -0.5555697 -0.83146995
 outer loop
  vertex 31.058018 -33.140755 57.105003
  vertex 16.688759 -33.140755 57.105003
  vertex 28.440113 -30.52285 55.355778
 endloop
endfacet
facet normal 0 -0.5555697 -0.83146995
 outer loop
  vertex 28.440113 -30.52285 55.355778
  vertex 16.688759 -33.140755 57.105003
  vertex 16.688759 -30.52285 55.355778
 endloop
endfacet
facet normal 0 -0.19723193 -0.9803568
 outer loop
  vertex 16.688759 -30.52285 55.355778
  vertex 16.688759 -27.46971 54.741535
  vertex 28.440113 -30.52285 55.355778
 endloop
endfacet
facet normal 0.015022442 -0.14132132 -0.98984987
 outer loop
  vertex 28.440113 -30.52285 55.355778
  vertex 16.688759 -27.46971 54.741535
  vertex 28.733149 -26.189365 54.74153
 endloop
endfacet
facet normal -0 -0 1
 outer loop
  vertex 34.059242 24.998877 99.901924
  vertex 32.141254 28.880756 99.901924
  vertex 34.059242 -22.815659 99.901924
 endloop
endfacet
facet normal -0 0 1
 outer loop
  vertex 34.059242 -22.815659 99.901924
  vertex 32.141254 28.880756 99.901924
  vertex 32.141254 -26.697538 99.901924
 endloop
endfacet
facet normal 0 0 -1
 outer loop
  vertex 28.733149 28.372583 54.74153
  vertex 32.592075 23.531708 54.74153
  vertex 28.733149 -26.189365 54.74153
 endloop
endfacet
facet normal -0 0 -1
 outer loop
  vertex 28.733149 -26.189365 54.74153
  vertex 32.592075 23.531708 54.74153
  vertex 32.592075 -21.348494 54.74153
 endloop
endfacet
facet normal -0 0.17587347 0.9844128
 outer loop
  vertex 29.34582 33.611774 99.39935
  vertex 16.688759 33.611774 99.39935
  vertex 28.259373 30.798744 99.901924
 endloop
endfacet
facet normal 0.0048299623 0.19508998 0.9807734
 outer loop
  vertex 28.259373 30.798744 99.901924
  vertex 16.688759 33.611774 99.39935
  vertex 16.688759 31.085205 99.901924
 endloop
endfacet
facet normal -0 0.55556923 0.83147025
 outer loop
  vertex 31.487743 35.753696 97.96817
  vertex 16.688759 35.753696 97.96817
  vertex 29.34582 33.611774 99.39935
 endloop
endfacet
facet normal 0 0.5555693 0.8314703
 outer loop
  vertex 29.34582 33.611774 99.39935
  vertex 16.688759 35.753696 97.96817
  vertex 16.688759 33.611774 99.39935
 endloop
endfacet
facet normal -0 0.83146864 0.5555716
 outer loop
  vertex 32.918926 37.184883 95.826256
  vertex 16.688759 37.184883 95.826256
  vertex 31.487743 35.753696 97.96817
 endloop
endfacet
facet normal 0 0.8314687 0.5555716
 outer loop
  vertex 31.487743 35.753696 97.96817
  vertex 16.688759 37.184883 95.826256
  vertex 16.688759 35.753696 97.96817
 endloop
endfacet
facet normal -0 0.9807855 0.19508915
 outer loop
  vertex 33.421494 37.687447 93.29968
  vertex 16.688759 37.687447 93.29968
  vertex 32.918926 37.184883 95.826256
 endloop
endfacet
facet normal 0 0.9807855 0.19508913
 outer loop
  vertex 32.918926 37.184883 95.826256
  vertex 16.688759 37.687447 93.29968
  vertex 16.688759 37.184883 95.826256
 endloop
endfacet
facet normal -0 1 0
 outer loop
  vertex 33.421494 37.687447 62.81094
  vertex 16.688759 37.687447 62.81094
  vertex 33.421494 37.687447 93.29968
 endloop
endfacet
facet normal -0 1 0
 outer loop
  vertex 33.421494 37.687447 93.29968
  vertex 16.688759 37.687447 62.81094
  vertex 16.688759 37.687447 93.29968
 endloop
endfacet
facet normal 0 0.98078537 -0.19508992
 outer loop
  vertex 33.421494 37.687447 62.81094
  vertex 32.807243 37.0732 59.722908
  vertex 16.688759 37.687447 62.81094
 endloop
endfacet
facet normal 0 0.98078537 -0.19508992
 outer loop
  vertex 16.688759 37.687447 62.81094
  vertex 32.807243 37.0732 59.722908
  vertex 16.688759 37.0732 59.722908
 endloop
endfacet
facet normal 0 0.83146995 -0.55556965
 outer loop
  vertex 32.807243 37.0732 59.722908
  vertex 31.058018 35.323975 57.105003
  vertex 16.688759 37.0732 59.722908
 endloop
endfacet
facet normal 0 0.83146995 -0.5555697
 outer loop
  vertex 16.688759 37.0732 59.722908
  vertex 31.058018 35.323975 57.105003
  vertex 16.688759 35.323975 57.105003
 endloop
endfacet
facet normal 0 0.5555692 -0.8314704
 outer loop
  vertex 31.058018 35.323975 57.105003
  vertex 28.440113 32.706066 55.355778
  vertex 16.688759 35.323975 57.105003
 endloop
endfacet
facet normal 0 0.5555692 -0.8314704
 outer loop
  vertex 16.688759 35.323975 57.105003
  vertex 28.440113 32.706066 55.355778
  vertex 16.688759 32.706066 55.355778
 endloop
endfacet
facet normal 0 0.14034145 -0.9901032
 outer loop
  vertex 28.440113 32.706066 55.355778
  vertex 28.733149 28.372583 54.74153
  vertex 16.688759 32.706066 55.355778
 endloop
endfacet
facet normal -0.0101112 0.1127306 -0.9935742
 outer loop
  vertex 16.688759 32.706066 55.355778
  vertex 28.733149 28.372583 54.74153
  vertex 16.688759 27.29228 54.74153
 endloop
endfacet
facet normal 0 0.19509228 0.9807849
 outer loop
  vertex 16.688759 26.43369 99.901924
  vertex 16.688759 28.960258 99.39935
  vertex -1.44892e-08 26.43369 99.901924
 endloop
endfacet
facet normal -0 0.19509228 0.9807849
 outer loop
  vertex -1.44892e-08 26.43369 99.901924
  vertex 16.688759 28.960258 99.39935
  vertex -1.4301625e-08 28.960258 99.39935
 endloop
endfacet
facet normal 0 0.5555689 0.83147043
 outer loop
  vertex 16.688759 28.960258 99.39935
  vertex 16.688759 31.102182 97.96817
  vertex -1.4301625e-08 28.960258 99.39935
 endloop
endfacet
facet normal -0 0.5555689 0.83147043
 outer loop
  vertex -1.4301625e-08 28.960258 99.39935
  vertex 16.688759 31.102182 97.96817
  vertex -1.407126e-08 31.102182 97.96817
 endloop
endfacet
facet normal 0 0.8314683 0.55557215
 outer loop
  vertex 16.688759 31.102182 97.96817
  vertex 16.688759 32.53337 95.826256
  vertex -1.407126e-08 31.102182 97.96817
 endloop
endfacet
facet normal -0 0.8314683 0.55557215
 outer loop
  vertex -1.407126e-08 31.102182 97.96817
  vertex 16.688759 32.53337 95.826256
  vertex -1.3833177e-08 32.53337 95.826256
 endloop
endfacet
facet normal 0 0.98078555 0.19508913
 outer loop
  vertex 16.688759 32.53337 95.826256
  vertex 16.688759 33.035934 93.29968
  vertex -1.3833177e-08 32.53337 95.826256
 endloop
endfacet
facet normal -0 0.98078555 0.19508913
 outer loop
  vertex -1.3833177e-08 32.53337 95.826256
  vertex 16.688759 33.035934 93.29968
  vertex -1.3623622e-08 33.035934 93.29968
 endloop
endfacet
facet normal -0 1 0
 outer loop
  vertex 16.688759 33.035934 93.29968
  vertex 16.688759 33.035934 62.81094
  vertex -1.3623622e-08 33.035934 93.29968
 endloop
endfacet
facet normal 0 1 -0
 outer loop
  vertex -1.3623622e-08 33.035934 93.29968
  vertex 16.688759 33.035934 62.81094
  vertex -1.1459485e-08 33.035934 62.81094
 endloop
endfacet
facet normal 0 0.9807853 -0.19508992
 outer loop
  vertex 16.688759 33.035934 62.81094
  vertex 16.688759 32.421688 59.722908
  vertex -1.1459485e-08 33.035934 62.81094
 endloop
endfacet
facet normal 0 0.9807853 -0.19508992
 outer loop
  vertex -1.1459485e-08 33.035934 62.81094
  vertex 16.688759 32.421688 59.722908
  vertex -1.1277222e-08 32.421688 59.722908
 endloop
endfacet
facet normal 0 0.83146936 -0.55557054
 outer loop
  vertex 16.688759 32.421688 59.722908
  vertex 16.688759 30.672459 57.105003
  vertex -1.1277222e-08 32.421688 59.722908
 endloop
endfacet
facet normal 0 0.83146936 -0.55557054
 outer loop
  vertex -1.1277222e-08 32.421688 59.722908
  vertex 16.688759 30.672459 57.105003
  vertex -1.1196566e-08 30.672459 57.105003
 endloop
endfacet
facet normal 0 0.5730306 -0.819534
 outer loop
  vertex 16.688759 30.672459 57.105003
  vertex 16.688759 27.29228 54.74153
  vertex -1.1196566e-08 30.672459 57.105003
 endloop
endfacet
facet normal -0.0065836753 0.55098313 -0.8344904
 outer loop
  vertex -1.1196566e-08 30.672459 57.105003
  vertex 16.688759 27.29228 54.74153
  vertex -1.12440155e-08 27.092867 54.74153
 endloop
endfacet
facet normal -1 0 -0
 outer loop
  vertex 16.688759 33.611774 99.39935
  vertex 16.688759 28.960258 99.39935
  vertex 16.688759 31.085205 99.901924
 endloop
endfacet
facet normal -1 0 0
 outer loop
  vertex 16.688759 31.085205 99.901924
  vertex 16.688759 28.960258 99.39935
  vertex 16.688759 26.43369 99.901924
 endloop
endfacet
facet normal -1 0 -0
 outer loop
  vertex 16.688759 35.753696 97.96817
  vertex 16.688759 31.102182 97.96817
  vertex 16.688759 33.611774 99.39935
 endloop
endfacet
facet normal -1 0 0
 outer loop
  vertex 16.688759 33.611774 99.39935
  vertex 16.688759 31.102182 97.96817
  vertex 16.688759 28.960258 99.39935
 endloop
endfacet
facet normal -1 0 -0
 outer loop
  vertex 16.688759 37.184883 95.826256
  vertex 16.688759 32.53337 95.826256
  vertex 16.688759 35.753696 97.96817
 endloop
endfacet
facet normal -1 0 0
 outer loop
  vertex 16.688759 35.753696 97.96817
  vertex 16.688759 32.53337 95.826256
  vertex 16.688759 31.102182 97.96817
 endloop
endfacet
facet normal -1 0 -0
 outer loop
  vertex 16.688759 37.687447 93.29968
  vertex 16.688759 33.035934 93.29968
  vertex 16.688759 37.184883 95.826256
 endloop
endfacet
facet normal -1 0 0
 outer loop
  vertex 16.688759 37.184883 95.826256
  vertex 16.688759 33.035934 93.29968
  vertex 16.688759 32.53337 95.826256
 endloop
endfacet
facet normal -1 0 -0
 outer loop
  vertex 16.688759 37.687447 62.81094
  vertex 16.688759 33.035934 62.81094
  vertex 16.688759 37.687447 93.29968
 endloop
endfacet
facet normal -1 0 0
 outer loop
  vertex 16.688759 37.687447 93.29968
  vertex 16.688759 33.035934 62.81094
  vertex 16.688759 33.035934 93.29968
 endloop
endfacet
facet normal -1 -0 0
 outer loop
  vertex 16.688759 32.421688 59.722908
  vertex 16.688759 33.035934 62.81094
  vertex 16.688759 37.0732 59.722908
 endloop
endfacet
facet normal -1 -0 -0
 outer loop
  vertex 16.688759 37.0732 59.722908
  vertex 16.688759 33.035934 62.81094
  vertex 16.688759 37.687447 62.81094
 endloop
endfacet
facet normal -1 -0 0
 outer loop
  vertex 16.688759 30.672459 57.105003
  vertex 16.688759 32.421688 59.722908
  vertex 16.688759 35.323975 57.105003
 endloop
endfacet
facet normal -1 -0 -0
 outer loop
  vertex 16.688759 35.323975 57.105003
  vertex 16.688759 32.421688 59.722908
  vertex 16.688759 37.0732 59.722908
 endloop
endfacet
facet normal -1 -0 0
 outer loop
  vertex 16.688759 27.29228 54.74153
  vertex 16.688759 30.672459 57.105003
  vertex 16.688759 32.706066 55.355778
 endloop
endfacet
facet normal -1 -0 -0
 outer loop
  vertex 16.688759 32.706066 55.355778
  vertex 16.688759 30.672459 57.105003
  vertex 16.688759 35.323975 57.105003
 endloop
endfacet
facet normal -0 0 1
 outer loop
  vertex 16.688759 -28.901636 99.901924
  vertex 16.688759 26.43369 99.901924
  vertex 15.342871 -28.901608 99.901924
 endloop
endfacet
facet normal 0 -0 1
 outer loop
  vertex 16.688759 26.43369 99.901924
  vertex -1.44892e-08 26.43369 99.901924
  vertex 15.342871 -28.901608 99.901924
 endloop
endfacet
facet normal 8.3235946e-10 -6.965958e-08 -1
 outer loop
  vertex 16.688759 27.29228 54.74153
  vertex 16.688759 -27.46971 54.741535
  vertex -1.12440155e-08 27.092867 54.74153
 endloop
endfacet
facet normal 1.4606791e-10 -6.986949e-08 -1
 outer loop
  vertex -1.12440155e-08 27.092867 54.74153
  vertex 16.688759 -27.46971 54.741535
  vertex -1.4526535e-08 -27.504599 54.741535
 endloop
endfacet
facet normal 0.42097226 -0.17696305 0.88964397
 outer loop
  vertex 15.169569 -36.08007 99.39935
  vertex 16.207195 -35.892174 98.94573
  vertex 15.169569 -33.5535 99.901924
 endloop
endfacet
facet normal 0.25796875 -0.26537323 0.9289936
 outer loop
  vertex 15.169569 -33.5535 99.901924
  vertex 16.207195 -35.892174 98.94573
  vertex 16.207195 -32.885063 99.80473
 endloop
endfacet
facet normal 0.90911746 -0.114410944 0.40051916
 outer loop
  vertex 16.207195 -35.892174 98.94573
  vertex 16.688759 -35.487312 97.96831
  vertex 16.207195 -32.885063 99.80473
 endloop
endfacet
facet normal 0.87411326 -0.16151197 0.45808306
 outer loop
  vertex 16.207195 -32.885063 99.80473
  vertex 16.688759 -35.487312 97.96831
  vertex 16.688759 -31.428556 99.39935
 endloop
endfacet
facet normal 0.90707314 -0.4128843 -0.08212678
 outer loop
  vertex 16.688759 -38.636547 62.960567
  vertex 16.207195 -39.674175 62.85837
  vertex 16.688759 -38.11045 60.31567
 endloop
endfacet
facet normal 0.9070727 -0.41288525 -0.082127444
 outer loop
  vertex 16.688759 -38.11045 60.31567
  vertex 16.207195 -39.674175 62.85837
  vertex 16.207195 -39.08787 59.910805
 endloop
endfacet
facet normal 0.42097396 -0.88964385 -0.17695999
 outer loop
  vertex 16.207195 -39.674175 62.85837
  vertex 15.169569 -40.15574 62.81094
  vertex 16.207195 -39.08787 59.910805
 endloop
endfacet
facet normal 0.42097473 -0.8896435 -0.1769596
 outer loop
  vertex 16.207195 -39.08787 59.910805
  vertex 15.169569 -40.15574 62.81094
  vertex 15.169569 -39.541496 59.722908
 endloop
endfacet
facet normal 0 -0.19509226 0.9807849
 outer loop
  vertex -1.8095761e-08 -33.5535 99.901924
  vertex -1.821199e-08 -36.08007 99.39935
  vertex 15.169569 -33.5535 99.901924
 endloop
endfacet
facet normal 0 -0.19509226 0.9807849
 outer loop
  vertex 15.169569 -33.5535 99.901924
  vertex -1.821199e-08 -36.08007 99.39935
  vertex 15.169569 -36.08007 99.39935
 endloop
endfacet
facet normal 0 -0.55556923 0.8314703
 outer loop
  vertex -1.821199e-08 -36.08007 99.39935
  vertex -1.8239179e-08 -38.221992 97.96817
  vertex 15.169569 -36.08007 99.39935
 endloop
endfacet
facet normal 0 -0.55556923 0.8314703
 outer loop
  vertex 15.169569 -36.08007 99.39935
  vertex -1.8239179e-08 -38.221992 97.96817
  vertex 15.169569 -38.221992 97.96817
 endloop
endfacet
facet normal 0 -0.83146936 0.5555706
 outer loop
  vertex -1.8239179e-08 -38.221992 97.96817
  vertex -1.817319e-08 -39.653175 95.826256
  vertex 15.169569 -38.221992 97.96817
 endloop
endfacet
facet normal 0 -0.83146936 0.5555706
 outer loop
  vertex 15.169569 -38.221992 97.96817
  vertex -1.817319e-08 -39.653175 95.826256
  vertex 15.169569 -39.653175 95.826256
 endloop
endfacet
facet normal 0 -0.9807855 0.19508913
 outer loop
  vertex -1.817319e-08 -39.653175 95.826256
  vertex -1.8024064e-08 -40.15574 93.29968
  vertex 15.169569 -39.653175 95.826256
 endloop
endfacet
facet normal 0 -0.9807855 0.19508913
 outer loop
  vertex 15.169569 -39.653175 95.826256
  vertex -1.8024064e-08 -40.15574 93.29968
  vertex 15.169569 -40.15574 93.29968
 endloop
endfacet
facet normal 0 -0.9807856 -0.19508874
 outer loop
  vertex 15.169569 -39.541496 59.722908
  vertex 5.1526475 -40.15574 62.81094
  vertex -1.5603804e-08 -39.541496 59.722908
 endloop
endfacet
facet normal 0 -0.83146936 -0.55557054
 outer loop
  vertex -1.5603804e-08 -39.541496 59.722908
  vertex -1.5312814e-08 -37.792267 57.105003
  vertex 15.169569 -39.541496 59.722908
 endloop
endfacet
facet normal -0 -0.83146936 -0.55557054
 outer loop
  vertex 15.169569 -39.541496 59.722908
  vertex -1.5312814e-08 -37.792267 57.105003
  vertex 15.169569 -37.792267 57.105003
 endloop
endfacet
facet normal 0 -0.5555697 -0.83147
 outer loop
  vertex -1.5312814e-08 -37.792267 57.105003
  vertex -1.5031258e-08 -35.174362 55.355778
  vertex 15.169569 -37.792267 57.105003
 endloop
endfacet
facet normal -0 -0.5555697 -0.83147
 outer loop
  vertex 15.169569 -37.792267 57.105003
  vertex -1.5031258e-08 -35.174362 55.355778
  vertex 15.169569 -35.174362 55.355778
 endloop
endfacet
facet normal 0 -0.19509016 -0.9807853
 outer loop
  vertex -1.5031258e-08 -35.174362 55.355778
  vertex -1.4801998e-08 -32.086334 54.74153
  vertex 15.169569 -35.174362 55.355778
 endloop
endfacet
facet normal 2.466385e-07 -0.19508898 -0.98078555
 outer loop
  vertex 15.169569 -35.174362 55.355778
  vertex -1.4801998e-08 -32.086334 54.74153
  vertex 15.169569 -32.086334 54.741535
 endloop
endfacet
facet normal 1 0 -0
 outer loop
  vertex 16.688759 -31.428556 99.39935
  vertex 16.688759 -35.487312 97.96831
  vertex 16.688759 -33.570477 97.96817
 endloop
endfacet
facet normal 1 -0 0
 outer loop
  vertex 16.688759 -33.570477 97.96817
  vertex 16.688759 -35.487312 97.96831
  vertex 16.688759 -37.126717 96.872894
 endloop
endfacet
facet normal 1 0 -0
 outer loop
  vertex 16.688759 -33.570477 97.96817
  vertex 16.688759 -37.126717 96.872894
  vertex 16.688759 -35.001663 95.826256
 endloop
endfacet
facet normal 1 -0 0
 outer loop
  vertex 16.688759 -35.001663 95.826256
  vertex 16.688759 -37.126717 96.872894
  vertex 16.688759 -38.22213 95.2335
 endloop
endfacet
facet normal 1 0 -0
 outer loop
  vertex 16.688759 -35.001663 95.826256
  vertex 16.688759 -38.22213 95.2335
  vertex 16.688759 -35.50423 93.29968
 endloop
endfacet
facet normal 1 -0 0
 outer loop
  vertex 16.688759 -35.50423 93.29968
  vertex 16.688759 -38.22213 95.2335
  vertex 16.688759 -38.636547 93.15006
 endloop
endfacet
facet normal 1 0 0
 outer loop
  vertex 16.688759 -38.636547 62.960567
  vertex 16.688759 -38.11045 60.31567
  vertex 16.688759 -35.50423 62.81094
 endloop
endfacet
facet normal 1 0 -0
 outer loop
  vertex 16.688759 -35.50423 62.81094
  vertex 16.688759 -38.11045 60.31567
  vertex 16.688759 -34.88998 59.722908
 endloop
endfacet
facet normal 1 0 -0
 outer loop
  vertex 16.688759 -35.50423 93.29968
  vertex 16.688759 -38.636547 93.15006
  vertex 16.688759 -35.50423 62.81094
 endloop
endfacet
facet normal 1 -0 0
 outer loop
  vertex 16.688759 -35.50423 62.81094
  vertex 16.688759 -38.636547 93.15006
  vertex 16.688759 -38.636547 62.960567
 endloop
endfacet
facet normal 1 0 0
 outer loop
  vertex 16.688759 -38.11045 60.31567
  vertex 16.688759 -36.69699 58.20028
  vertex 16.688759 -34.88998 59.722908
 endloop
endfacet
facet normal 1 0 -0
 outer loop
  vertex 16.688759 -34.88998 59.722908
  vertex 16.688759 -36.69699 58.20028
  vertex 16.688759 -33.140755 57.105003
 endloop
endfacet
facet normal 1 0 0
 outer loop
  vertex 16.688759 -36.69699 58.20028
  vertex 16.688759 -34.581604 56.786823
  vertex 16.688759 -33.140755 57.105003
 endloop
endfacet
facet normal 1 0 -0
 outer loop
  vertex 16.688759 -33.140755 57.105003
  vertex 16.688759 -34.581604 56.786823
  vertex 16.688759 -30.52285 55.355778
 endloop
endfacet
facet normal 1 0 0
 outer loop
  vertex 16.688759 -34.581604 56.786823
  vertex 16.688759 -29.977627 54.741535
  vertex 16.688759 -30.52285 55.355778
 endloop
endfacet
facet normal 1 0 0
 outer loop
  vertex 16.688759 -30.52285 55.355778
  vertex 16.688759 -29.977627 54.741535
  vertex 16.688759 -27.46971 54.741535
 endloop
endfacet
facet normal 0.8167659 -0.11254721 0.5658858
 outer loop
  vertex 16.207195 -32.885063 99.80473
  vertex 16.688759 -31.428556 99.39935
  vertex 16.688759 -28.901636 99.901924
 endloop
endfacet
facet normal 2.514704e-07 8.3258783e-07 -1
 outer loop
  vertex -1.4801998e-08 -32.086334 54.74153
  vertex -1.4526535e-08 -27.504599 54.741535
  vertex 15.169569 -32.086334 54.741535
 endloop
endfacet
facet normal 0 -0 -1
 outer loop
  vertex 15.169569 -32.086334 54.741535
  vertex -1.4526535e-08 -27.504599 54.741535
  vertex 16.688759 -27.46971 54.741535
 endloop
endfacet
facet normal 0.907073 -0.2338816 0.35002565
 outer loop
  vertex 16.207195 -35.892174 98.94573
  vertex 16.207195 -37.8748 97.62097
  vertex 16.688759 -35.487312 97.96831
 endloop
endfacet
facet normal 0.90707153 -0.2338818 0.3500294
 outer loop
  vertex 16.688759 -35.487312 97.96831
  vertex 16.207195 -37.8748 97.62097
  vertex 16.688759 -37.126717 96.872894
 endloop
endfacet
facet normal 0.42097244 -0.5039421 0.75420463
 outer loop
  vertex 15.169569 -36.08007 99.39935
  vertex 15.169569 -38.221992 97.96817
  vertex 16.207195 -35.892174 98.94573
 endloop
endfacet
facet normal 0.42098126 -0.50394356 0.75419873
 outer loop
  vertex 16.207195 -35.892174 98.94573
  vertex 15.169569 -38.221992 97.96817
  vertex 16.207195 -37.8748 97.62097
 endloop
endfacet
facet normal 0.907072 -0.35002726 0.23388311
 outer loop
  vertex 16.207195 -37.8748 97.62097
  vertex 16.207195 -39.199554 95.63836
  vertex 16.688759 -37.126717 96.872894
 endloop
endfacet
facet normal 0.9070731 -0.35002604 0.23388064
 outer loop
  vertex 16.688759 -37.126717 96.872894
  vertex 16.207195 -39.199554 95.63836
  vertex 16.688759 -38.22213 95.2335
 endloop
endfacet
facet normal 0.42097953 -0.75420094 0.5039415
 outer loop
  vertex 15.169569 -38.221992 97.96817
  vertex 15.169569 -39.653175 95.826256
  vertex 16.207195 -37.8748 97.62097
 endloop
endfacet
facet normal 0.42097202 -0.75420177 0.5039466
 outer loop
  vertex 16.207195 -37.8748 97.62097
  vertex 15.169569 -39.653175 95.826256
  vertex 16.207195 -39.199554 95.63836
 endloop
endfacet
facet normal 0.90707314 -0.4128843 0.08212708
 outer loop
  vertex 16.207195 -39.199554 95.63836
  vertex 16.207195 -39.674175 93.25226
  vertex 16.688759 -38.22213 95.2335
 endloop
endfacet
facet normal 0.90707314 -0.41288424 0.08212705
 outer loop
  vertex 16.688759 -38.22213 95.2335
  vertex 16.207195 -39.674175 93.25226
  vertex 16.688759 -38.636547 93.15006
 endloop
endfacet
facet normal 0.420972 -0.8896446 0.1769602
 outer loop
  vertex 15.169569 -39.653175 95.826256
  vertex 15.169569 -40.15574 93.29968
  vertex 16.207195 -39.199554 95.63836
 endloop
endfacet
facet normal 0.42097288 -0.8896443 0.17695974
 outer loop
  vertex 16.207195 -39.199554 95.63836
  vertex 15.169569 -40.15574 93.29968
  vertex 16.207195 -39.674175 93.25226
 endloop
endfacet
facet normal 0.90707296 -0.3500264 -0.2338808
 outer loop
  vertex 16.207195 -39.08787 59.910805
  vertex 16.207195 -37.445076 57.452194
  vertex 16.688759 -38.11045 60.31567
 endloop
endfacet
facet normal 0.90707254 -0.35002735 -0.23388094
 outer loop
  vertex 16.688759 -38.11045 60.31567
  vertex 16.207195 -37.445076 57.452194
  vertex 16.688759 -36.69699 58.20028
 endloop
endfacet
facet normal 0.42097458 -0.7542029 -0.5039427
 outer loop
  vertex 15.169569 -39.541496 59.722908
  vertex 15.169569 -37.792267 57.105003
  vertex 16.207195 -39.08787 59.910805
 endloop
endfacet
facet normal 0.42097655 -0.75420177 -0.50394285
 outer loop
  vertex 16.207195 -39.08787 59.910805
  vertex 15.169569 -37.792267 57.105003
  vertex 16.207195 -37.445076 57.452194
 endloop
endfacet
facet normal 0.4209736 -0.9070729 0
 outer loop
  vertex 15.169569 -40.15574 75.544174
  vertex 15.169569 -40.15574 62.81094
  vertex 16.207195 -39.674175 62.85837
 endloop
endfacet
facet normal 0.90707314 -0.4209729 0
 outer loop
  vertex 16.207195 -39.674175 93.25226
  vertex 16.207195 -39.674175 62.85837
  vertex 16.688759 -38.636547 93.15006
 endloop
endfacet
facet normal 0.90707314 -0.42097294 0
 outer loop
  vertex 16.688759 -38.636547 93.15006
  vertex 16.207195 -39.674175 62.85837
  vertex 16.688759 -38.636547 62.960567
 endloop
endfacet
facet normal 0.90707254 -0.23388094 -0.3500274
 outer loop
  vertex 16.207195 -37.445076 57.452194
  vertex 16.207195 -34.986465 55.809402
  vertex 16.688759 -36.69699 58.20028
 endloop
endfacet
facet normal 0.90707266 -0.23388065 -0.35002723
 outer loop
  vertex 16.688759 -36.69699 58.20028
  vertex 16.207195 -34.986465 55.809402
  vertex 16.688759 -34.581604 56.786823
 endloop
endfacet
facet normal 0.4209764 -0.50394154 -0.75420284
 outer loop
  vertex 15.169569 -37.792267 57.105003
  vertex 15.169569 -35.174362 55.355778
  vertex 16.207195 -37.445076 57.452194
 endloop
endfacet
facet normal 0.4209746 -0.5039426 -0.754203
 outer loop
  vertex 16.207195 -37.445076 57.452194
  vertex 15.169569 -35.174362 55.355778
  vertex 16.207195 -34.986465 55.809402
 endloop
endfacet
facet normal 0.90891564 -0.110277444 -0.4021334
 outer loop
  vertex 16.207195 -34.986465 55.809402
  vertex 16.167706 -31.4179 54.741535
  vertex 16.688759 -34.581604 56.786823
 endloop
endfacet
facet normal 0.74658865 -0.2700963 -0.6079912
 outer loop
  vertex 16.688759 -34.581604 56.786823
  vertex 16.167706 -31.4179 54.741535
  vertex 16.688759 -29.977627 54.741535
 endloop
endfacet
facet normal 0.42097476 -0.17695981 -0.88964343
 outer loop
  vertex 15.169569 -35.174362 55.355778
  vertex 15.169569 -32.086334 54.741535
  vertex 16.207195 -34.986465 55.809402
 endloop
endfacet
facet normal 0.18731344 -0.27970502 -0.94163626
 outer loop
  vertex 16.207195 -34.986465 55.809402
  vertex 15.169569 -32.086334 54.741535
  vertex 16.167706 -31.4179 54.741535
 endloop
endfacet
facet normal -5.185022e-07 -0.024391484 0.9997025
 outer loop
  vertex 16.207195 -32.885063 99.80473
  vertex 16.688759 -28.901636 99.901924
  vertex 15.342871 -28.901608 99.901924
 endloop
endfacet
facet normal 0.09553018 -0.0035588827 0.9954202
 outer loop
  vertex 15.342871 -28.901608 99.901924
  vertex 15.169569 -33.5535 99.901924
  vertex 16.207195 -32.885063 99.80473
 endloop
endfacet
facet normal -0 -0 1
 outer loop
  vertex 15.342871 -28.901608 99.901924
  vertex -1.781606e-08 -28.901287 99.901924
  vertex 15.169569 -33.5535 99.901924
 endloop
endfacet
facet normal -0 0 1
 outer loop
  vertex 15.169569 -33.5535 99.901924
  vertex -1.781606e-08 -28.901287 99.901924
  vertex -1.8095761e-08 -33.5535 99.901924
 endloop
endfacet
facet normal 0 -0 -1
 outer loop
  vertex 16.167706 -31.4179 54.741535
  vertex 15.169569 -32.086334 54.741535
  vertex 16.688759 -27.46971 54.741535
 endloop
endfacet
facet normal 0 0 -1
 outer loop
  vertex 16.688759 -27.46971 54.741535
  vertex 16.688759 -29.977627 54.741535
  vertex 16.167706 -31.4179 54.741535
 endloop
endfacet
facet normal 4.7102594e-07 -1 6.149505e-07
 outer loop
  vertex 4.9106293 -40.155746 88.751076
  vertex 11.410368 -40.155746 83.77255
  vertex 15.169569 -40.15574 93.29968
 endloop
endfacet
facet normal -1.5536491e-06 -1 -1.10280176e-16
 outer loop
  vertex -1.8024064e-08 -40.15574 93.29968
  vertex -1.7745371e-08 -40.15574 89.373405
  vertex 4.9106293 -40.155746 88.751076
 endloop
endfacet
facet normal -0 -1 -1.5956382e-06
 outer loop
  vertex 11.583238 -40.155746 67.59235
  vertex 5.1526475 -40.15574 62.81094
  vertex 15.169569 -40.15574 62.81094
 endloop
endfacet
facet normal 5.848446e-06 -1 1.7447046e-06
 outer loop
  vertex 13.865057 -40.155746 75.54416
  vertex 15.169569 -40.15574 75.544174
  vertex 11.410368 -40.155746 83.77255
 endloop
endfacet
facet normal 2.0295254e-06 -1 0
 outer loop
  vertex 11.410368 -40.155746 83.77255
  vertex 15.169569 -40.15574 75.544174
  vertex 15.169569 -40.15574 93.29968
 endloop
endfacet
facet normal 5.848485e-06 -1 -1.6782573e-06
 outer loop
  vertex 13.865057 -40.155746 75.54416
  vertex 11.583238 -40.155746 67.59235
  vertex 15.169569 -40.15574 75.544174
 endloop
endfacet
facet normal 2.1273536e-06 -1 0
 outer loop
  vertex 15.169569 -40.15574 75.544174
  vertex 11.583238 -40.155746 67.59235
  vertex 15.169569 -40.15574 62.81094
 endloop
endfacet
facet normal 0.4209736 -0.9070729 0
 outer loop
  vertex 15.169569 -40.15574 93.29968
  vertex 15.169569 -40.15574 75.544174
  vertex 16.207195 -39.674175 93.25226
 endloop
endfacet
facet normal 0.42097357 -0.90707284 0
 outer loop
  vertex 15.169569 -40.15574 75.544174
  vertex 16.207195 -39.674175 62.85837
  vertex 16.207195 -39.674175 93.25226
 endloop
endfacet
facet normal 0 -0.9807856 -0.19508874
 outer loop
  vertex 15.169569 -39.541496 59.722908
  vertex 15.169569 -40.15574 62.81094
  vertex 5.1526475 -40.15574 62.81094
 endloop
endfacet
facet normal 0 -0.9807856 -0.19508876
 outer loop
  vertex 5.1526475 -40.15574 62.81094
  vertex -1.5859927e-08 -40.15574 62.81094
  vertex -1.5603804e-08 -39.541496 59.722908
 endloop
endfacet
facet normal 0 -1 1.6773037e-06
 outer loop
  vertex -1.8024064e-08 -40.15574 93.29968
  vertex 4.9106293 -40.155746 88.751076
  vertex 15.169569 -40.15574 93.29968
 endloop
endfacet
facet normal -5.81398e-07 -1 0
 outer loop
  vertex 33.421494 -35.50423 78.90983
  vertex 20.298996 -35.504223 78.90983
  vertex 33.421494 -35.50423 62.81094
 endloop
endfacet
facet normal 0 -1 4.739082e-07
 outer loop
  vertex 33.421494 -35.50423 62.81094
  vertex 20.298996 -35.504223 78.90983
  vertex 16.688759 -35.50423 62.81094
 endloop
endfacet
facet normal 0 -1 -5.301926e-07
 outer loop
  vertex 20.476948 -35.50423 93.29968
  vertex 16.688759 -35.50423 93.29968
  vertex 20.298996 -35.504223 78.90983
 endloop
endfacet
facet normal 2.1132669e-06 -1 0
 outer loop
  vertex 20.298996 -35.504223 78.90983
  vertex 16.688759 -35.50423 93.29968
  vertex 16.688759 -35.50423 62.81094
 endloop
endfacet
facet normal 0.19509083 -0.9807852 0
 outer loop
  vertex 33.421494 -35.50423 93.29968
  vertex 33.421494 -35.50423 78.90983
  vertex 36.30174 -34.931313 93.29968
 endloop
endfacet
facet normal 0.19509085 -0.9807852 0
 outer loop
  vertex 36.30174 -34.931313 93.29968
  vertex 33.421494 -35.50423 78.90983
  vertex 36.30174 -34.931313 62.81094
 endloop
endfacet
facet normal 0 -0.9807853 0.19509056
 outer loop
  vertex 16.688759 -35.001663 95.826256
  vertex 16.688759 -35.50423 93.29968
  vertex 20.476948 -35.50423 93.29968
 endloop
endfacet
facet normal 1 -0 0
 outer loop
  vertex 40.947937 -11.373368 91.7889
  vertex 40.947937 -9.455811 93.29968
  vertex 40.947937 -27.977776 93.29968
 endloop
endfacet
facet normal 1 0 -0
 outer loop
  vertex 40.947937 -27.977776 93.29968
  vertex 40.947937 -27.977776 62.81094
  vertex 40.947937 -12.445699 70.95617
 endloop
endfacet
facet normal 1 0 0
 outer loop
  vertex 40.947937 -12.445699 70.95617
  vertex 40.947937 -13.672572 73.07845
  vertex 40.947937 -14.897003 75.196465
 endloop
endfacet
facet normal 1 0 0
 outer loop
  vertex 40.947937 -14.897003 75.196465
  vertex 40.947937 -15.268287 76.41648
  vertex 40.947937 -15.920653 78.56011
 endloop
endfacet
facet normal 1 0 0
 outer loop
  vertex 40.947937 -15.920653 78.56011
  vertex 40.947937 -15.928344 80.254814
  vertex 40.947937 -15.932274 81.12074
 endloop
endfacet
facet normal 1 0 0
 outer loop
  vertex 40.947937 -15.932274 81.12074
  vertex 40.947937 -15.259538 84.17844
  vertex 40.947937 -14.6816635 86.805115
 endloop
endfacet
facet normal 1 0 0
 outer loop
  vertex 40.947937 -13.48208 89.26866
  vertex 40.947937 -11.373368 91.7889
  vertex 40.947937 -27.977776 93.29968
 endloop
endfacet
facet normal 1 0 0
 outer loop
  vertex 40.947937 -14.6816635 86.805115
  vertex 40.947937 -13.48208 89.26866
  vertex 40.947937 -27.977776 93.29968
 endloop
endfacet
facet normal 1 0 0
 outer loop
  vertex 40.947937 -27.977776 93.29968
  vertex 40.947937 -12.445699 70.95617
  vertex 40.947937 -14.897003 75.196465
 endloop
endfacet
facet normal 1 0 0
 outer loop
  vertex 40.947937 -27.977776 93.29968
  vertex 40.947937 -14.897003 75.196465
  vertex 40.947937 -15.920653 78.56011
 endloop
endfacet
facet normal 1 0 0
 outer loop
  vertex 40.947937 -15.932274 81.12074
  vertex 40.947937 -14.6816635 86.805115
  vertex 40.947937 -27.977776 93.29968
 endloop
endfacet
facet normal 1 0 0
 outer loop
  vertex 40.947937 -27.977776 93.29968
  vertex 40.947937 -15.920653 78.56011
  vertex 40.947937 -15.932274 81.12074
 endloop
endfacet
facet normal 1 0 0
 outer loop
  vertex 40.947937 14.403666 86.80511
  vertex 40.947937 14.75256 85.2193
  vertex 40.947937 30.160997 93.29968
 endloop
endfacet
facet normal 1 0 -0
 outer loop
  vertex 40.947937 30.160997 93.29968
  vertex 40.947937 9.177811 93.29968
  vertex 40.947937 11.095371 91.7889
 endloop
endfacet
facet normal 1 0 0
 outer loop
  vertex 40.947937 13.204081 89.26866
  vertex 40.947937 14.403666 86.80511
  vertex 40.947937 30.160997 93.29968
 endloop
endfacet
facet normal 1 0 -0
 outer loop
  vertex 40.947937 30.160997 93.29968
  vertex 40.947937 11.095371 91.7889
  vertex 40.947937 13.204081 89.26866
 endloop
endfacet
facet normal -1 0 0
 outer loop
  vertex 40.947937 -5.8832955 65.0876
  vertex 40.947937 -6.843519 66.41405
  vertex 40.947937 -7.3203135 67.07269
 endloop
endfacet
facet normal 1 0 0
 outer loop
  vertex 40.947937 -5.8832955 65.0876
  vertex 40.947937 -7.3203135 67.07269
  vertex 40.947937 -11.532433 69.74355
 endloop
endfacet
facet normal 1 -0 0
 outer loop
  vertex 40.947937 -12.202392 70.535286
  vertex 40.947937 -12.445699 70.95617
  vertex 40.947937 -27.977776 62.81094
 endloop
endfacet
facet normal 1 -0 0
 outer loop
  vertex 40.947937 30.160997 62.81094
  vertex 40.947937 30.160997 93.29968
  vertex 40.947937 14.75256 85.2193
 endloop
endfacet
facet normal 1 -0 -0
 outer loop
  vertex 40.947937 30.160997 62.81094
  vertex 40.947937 14.75256 85.2193
  vertex 40.947937 15.067274 83.78884
 endloop
endfacet
facet normal 1 -0 0
 outer loop
  vertex 40.947937 -11.532433 69.74355
  vertex 40.947937 -12.202392 70.535286
  vertex 40.947937 -27.977776 62.81094
 endloop
endfacet
facet normal 1 -0 0
 outer loop
  vertex 40.947937 -5.8832955 65.0876
  vertex 40.947937 -11.532433 69.74355
  vertex 40.947937 -27.977776 62.81094
 endloop
endfacet
facet normal 1 -0 -0
 outer loop
  vertex 40.947937 30.160997 62.81094
  vertex 40.947937 15.067274 83.78884
  vertex 40.947937 15.654276 81.12074
 endloop
endfacet
facet normal 1 -0 0
 outer loop
  vertex 40.947937 30.160997 62.81094
  vertex 40.947937 15.654276 81.12074
  vertex 40.947937 15.642654 78.56011
 endloop
endfacet
facet normal 1 -0 0
 outer loop
  vertex 40.947937 -4.6296973 64.60406
  vertex 40.947937 -5.8832955 65.0876
  vertex 40.947937 -27.977776 62.81094
 endloop
endfacet
facet normal 1 0 0
 outer loop
  vertex 40.947937 -0.098051816 63.161964
  vertex 40.947937 -1.0528834 63.429356
  vertex 40.947937 -2.820527 63.906326
 endloop
endfacet
facet normal 1 -0 0
 outer loop
  vertex 40.947937 -2.820527 63.906326
  vertex 40.947937 -4.6296973 64.60406
  vertex 40.947937 -27.977776 62.81094
 endloop
endfacet
facet normal 1 -0 0
 outer loop
  vertex 40.947937 30.160997 62.81094
  vertex 40.947937 15.642654 78.56011
  vertex 40.947937 14.619001 75.196465
 endloop
endfacet
facet normal 1 -0 0
 outer loop
  vertex 40.947937 30.160997 62.81094
  vertex 40.947937 14.619001 75.196465
  vertex 40.947937 12.629652 71.75525
 endloop
endfacet
facet normal 1 -0 0
 outer loop
  vertex 40.947937 -0.098051816 63.161964
  vertex 40.947937 -2.820527 63.906326
  vertex 40.947937 -27.977776 62.81094
 endloop
endfacet
facet normal 1 0 0
 outer loop
  vertex 40.947937 2.6098921 63.906326
  vertex 40.947937 0.8515597 63.429356
  vertex 40.947937 -0.098051816 63.161964
 endloop
endfacet
facet normal 1 0 0
 outer loop
  vertex 40.947937 11.254435 69.74355
  vertex 40.947937 7.0423164 67.07269
  vertex 40.947937 5.64753 65.0876
 endloop
endfacet
facet normal 1 -0 0
 outer loop
  vertex 40.947937 30.160997 62.81094
  vertex 40.947937 12.629652 71.75525
  vertex 40.947937 11.924393 70.535286
 endloop
endfacet
facet normal 1 0 -0
 outer loop
  vertex 40.947937 -0.098051816 63.161964
  vertex 40.947937 -27.977776 62.81094
  vertex 40.947937 30.160997 62.81094
 endloop
endfacet
facet normal 1 0 -0
 outer loop
  vertex 40.947937 2.6098921 63.906326
  vertex 40.947937 -0.098051816 63.161964
  vertex 40.947937 30.160997 62.81094
 endloop
endfacet
facet normal 1 -0 0
 outer loop
  vertex 40.947937 30.160997 62.81094
  vertex 40.947937 11.924393 70.535286
  vertex 40.947937 11.254435 69.74355
 endloop
endfacet
facet normal 1 0 -0
 outer loop
  vertex 40.947937 5.64753 65.0876
  vertex 40.947937 2.6098921 63.906326
  vertex 40.947937 30.160997 62.81094
 endloop
endfacet
facet normal 1 -0 0
 outer loop
  vertex 40.947937 30.160997 62.81094
  vertex 40.947937 11.254435 69.74355
  vertex 40.947937 5.64753 65.0876
 endloop
endfacet
facet normal 0 -0 1
 outer loop
  vertex 28.259373 30.798744 99.901924
  vertex 16.688759 26.43369 99.901924
  vertex 28.259373 -28.615524 99.901924
 endloop
endfacet
facet normal -0 0 1
 outer loop
  vertex 28.259373 -28.615524 99.901924
  vertex 16.688759 26.43369 99.901924
  vertex 16.688759 -28.901636 99.901924
 endloop
endfacet
facet normal -0 -0 1
 outer loop
  vertex 32.141254 28.880756 99.901924
  vertex 28.259373 30.798744 99.901924
  vertex 32.141254 -26.697538 99.901924
 endloop
endfacet
facet normal -0 0 1
 outer loop
  vertex 32.141254 -26.697538 99.901924
  vertex 28.259373 30.798744 99.901924
  vertex 28.259373 -28.615524 99.901924
 endloop
endfacet
facet normal 0 -0 1
 outer loop
  vertex -1.44892e-08 26.43369 99.901924
  vertex -1.781606e-08 -28.901287 99.901924
  vertex 15.342871 -28.901608 99.901924
 endloop
endfacet
facet normal 0 0 -1
 outer loop
  vertex 28.733149 28.372583 54.74153
  vertex 28.733149 -26.189365 54.74153
  vertex 16.688759 27.29228 54.74153
 endloop
endfacet
facet normal -3.0931488e-07 -6.9659585e-08 -1
 outer loop
  vertex 16.688759 27.29228 54.74153
  vertex 28.733149 -26.189365 54.74153
  vertex 16.688759 -27.46971 54.741535
 endloop
endfacet
facet normal -0 0 1
 outer loop
  vertex 28.259373 30.798744 99.901924
  vertex 16.688759 31.085205 99.901924
  vertex 16.688759 26.43369 99.901924
 endloop
endfacet
facet normal -0.16358835 -0.03253981 0.98599195
 outer loop
  vertex -36.87227 -23.902103 99.39935
  vertex -36.29935 -26.78235 99.39935
  vertex -34.059242 -22.815659 99.901924
 endloop
endfacet
facet normal -0.11803301 -0.07886699 0.9898728
 outer loop
  vertex -34.667824 -29.224108 99.39935
  vertex -32.141254 -26.697538 99.901924
  vertex -36.29935 -26.78235 99.39935
 endloop
endfacet
facet normal -0.11860799 -0.058602713 0.9912103
 outer loop
  vertex -36.29935 -26.78235 99.39935
  vertex -32.141254 -26.697538 99.901924
  vertex -34.059242 -22.815659 99.901924
 endloop
endfacet
facet normal -0.07886709 -0.118032895 0.9898728
 outer loop
  vertex -34.667824 -29.224108 99.39935
  vertex -32.226067 -30.855639 99.39935
  vertex -32.141254 -26.697538 99.901924
 endloop
endfacet
facet normal -0.05860257 -0.11860789 0.99121034
 outer loop
  vertex -32.141254 -26.697538 99.901924
  vertex -32.226067 -30.855639 99.39935
  vertex -28.259373 -28.615524 99.901924
 endloop
endfacet
facet normal -0.032539744 -0.163588 0.98599195
 outer loop
  vertex -32.226067 -30.855639 99.39935
  vertex -29.34582 -31.428556 99.39935
  vertex -28.259373 -28.615524 99.901924
 endloop
endfacet
facet normal -0.028277457 -0.14215952 -0.9894397
 outer loop
  vertex -28.440113 -30.52285 55.355778
  vertex -31.320358 -29.94993 55.355778
  vertex -28.733149 -26.189365 54.74153
 endloop
endfacet
facet normal -0.074100584 -0.11089944 -0.9910653
 outer loop
  vertex -31.320358 -29.94993 55.355778
  vertex -33.762115 -28.318401 55.355778
  vertex -28.733149 -26.189365 54.74153
 endloop
endfacet
facet normal -0.09459109 -0.063203774 -0.99350786
 outer loop
  vertex -33.762115 -28.318401 55.355778
  vertex -35.393646 -25.876644 55.355778
  vertex -28.733149 -26.189365 54.74153
 endloop
endfacet
facet normal -0.09509703 -0.0758071 -0.9925774
 outer loop
  vertex -28.733149 -26.189365 54.74153
  vertex -35.393646 -25.876644 55.355778
  vertex -32.592075 -21.348494 54.74153
 endloop
endfacet
facet normal -0.16358662 -0.03253925 -0.9859922
 outer loop
  vertex -35.393646 -25.876644 55.355778
  vertex -35.96656 -22.996397 55.355778
  vertex -32.592075 -21.348494 54.74153
 endloop
endfacet
facet normal -0.98078597 0 0.19508715
 outer loop
  vertex -40.54079 5.7079134 95.346535
  vertex -40.44537 3.9553773 95.826256
  vertex -40.44537 29.658432 95.826256
 endloop
endfacet
facet normal -0.98078424 -1.7516354e-07 0.19509555
 outer loop
  vertex -40.54079 5.7079134 95.346535
  vertex -40.44537 29.658432 95.826256
  vertex -40.67155 7.1519427 94.68918
 endloop
endfacet
facet normal -0.98078525 -2.1302635e-07 0.19509085
 outer loop
  vertex -40.707066 -7.8221617 94.510635
  vertex -40.83044 -8.658909 93.89039
  vertex -40.947937 -20.350931 93.29968
 endloop
endfacet
facet normal -0.9807852 0 0.19509055
 outer loop
  vertex -40.947937 -20.350931 93.29968
  vertex -40.44537 -27.475214 95.826256
  vertex -40.44537 -4.233377 95.826256
 endloop
endfacet
facet normal -0.980784 -8.238262e-07 0.19509691
 outer loop
  vertex -40.54079 -5.9859133 95.346535
  vertex -40.707066 -7.8221617 94.510635
  vertex -40.947937 -20.350931 93.29968
 endloop
endfacet
facet normal -0.98078686 1.3004676e-06 0.19508258
 outer loop
  vertex -40.947937 -20.350931 93.29968
  vertex -40.44537 -4.233377 95.826256
  vertex -40.54079 -5.9859133 95.346535
 endloop
endfacet
facet normal -0.9807849 -1.1457834e-08 0.19509242
 outer loop
  vertex -40.707066 7.5441623 94.510635
  vertex -40.67155 7.1519427 94.68918
  vertex -40.44537 29.658432 95.826256
 endloop
endfacet
facet normal -0.98078525 0 0.19509058
 outer loop
  vertex -40.44537 29.658432 95.826256
  vertex -40.947937 30.160997 93.29968
  vertex -40.947937 9.1778 93.29968
 endloop
endfacet
facet normal -0.98078555 2.0208174e-07 0.19508901
 outer loop
  vertex -40.707066 7.5441623 94.510635
  vertex -40.44537 29.658432 95.826256
  vertex -40.947937 9.1778 93.29968
 endloop
endfacet
facet normal -0.980786 0 0.19508679
 outer loop
  vertex -40.947937 -20.350931 93.29968
  vertex -40.83044 -8.658909 93.89039
  vertex -40.947937 -9.455799 93.29968
 endloop
endfacet
facet normal -0.8314641 0 0.5555785
 outer loop
  vertex -40.44537 29.658432 95.826256
  vertex -40.44537 3.9553773 95.826256
  vertex -40.319008 3.163719 96.015366
 endloop
endfacet
facet normal -0.83147794 -2.1429692e-07 0.5555577
 outer loop
  vertex -40.44537 29.658432 95.826256
  vertex -40.319008 3.163719 96.015366
  vertex -40.18758 0.8283448 96.21207
 endloop
endfacet
facet normal -0.8314701 0 0.5555696
 outer loop
  vertex -40.44537 -4.233377 95.826256
  vertex -40.44537 -27.475214 95.826256
  vertex -39.01419 -26.044025 97.96817
 endloop
endfacet
facet normal -0.83146584 8.94068e-07 0.5555759
 outer loop
  vertex -40.319008 -3.4417186 96.015366
  vertex -40.44537 -4.233377 95.826256
  vertex -39.01419 -26.044025 97.96817
 endloop
endfacet
facet normal -0.8314518 5.4496724e-07 0.5555969
 outer loop
  vertex -40.44537 29.658432 95.826256
  vertex -40.18758 0.8283448 96.21207
  vertex -40.133877 -0.13899972 96.292435
 endloop
endfacet
facet normal -0.8314737 -5.6952973e-07 0.5555641
 outer loop
  vertex -40.18758 -1.1063443 96.21207
  vertex -40.319008 -3.4417186 96.015366
  vertex -39.01419 -26.044025 97.96817
 endloop
endfacet
facet normal -0.83147156 -1.2436944e-07 0.5555674
 outer loop
  vertex -39.01419 -26.044025 97.96817
  vertex -40.44537 29.658432 95.826256
  vertex -40.133877 -0.13899972 96.292435
 endloop
endfacet
facet normal -0.8314617 1.2480252e-06 0.55558205
 outer loop
  vertex -39.01419 -26.044025 97.96817
  vertex -40.133877 -0.13899972 96.292435
  vertex -40.18758 -1.1063443 96.21207
 endloop
endfacet
facet normal -0.83147 0 0.5555696
 outer loop
  vertex -39.01419 28.227243 97.96817
  vertex -40.44537 29.658432 95.826256
  vertex -39.01419 -26.044025 97.96817
 endloop
endfacet
facet normal -0.5555693 0 0.8314703
 outer loop
  vertex -39.01419 -26.044025 97.96817
  vertex -36.87227 -23.902103 99.39935
  vertex -39.01419 28.227243 97.96817
 endloop
endfacet
facet normal -0.55556923 0 0.8314703
 outer loop
  vertex -39.01419 28.227243 97.96817
  vertex -36.87227 -23.902103 99.39935
  vertex -36.87227 26.085321 99.39935
 endloop
endfacet
facet normal -0.17587373 0 0.98441267
 outer loop
  vertex -36.87227 -23.902103 99.39935
  vertex -34.059242 -22.815659 99.901924
  vertex -36.87227 26.085321 99.39935
 endloop
endfacet
facet normal -0.17587371 0 0.98441267
 outer loop
  vertex -36.87227 26.085321 99.39935
  vertex -34.059242 -22.815659 99.901924
  vertex -34.059242 24.998877 99.901924
 endloop
endfacet
facet normal -0.98078537 0 -0.1950899
 outer loop
  vertex -40.947937 -27.977776 62.81094
  vertex -40.33369 29.546747 59.722908
  vertex -40.33369 -27.36353 59.722908
 endloop
endfacet
facet normal -0.98078537 -0 -0.1950899
 outer loop
  vertex -40.947937 -27.977776 62.81094
  vertex -40.947937 30.160997 62.81094
  vertex -40.33369 29.546747 59.722908
 endloop
endfacet
facet normal -0.83147055 0 -0.5555689
 outer loop
  vertex -40.33369 -27.36353 59.722908
  vertex -38.58447 27.79752 57.105003
  vertex -38.58447 -25.614302 57.105003
 endloop
endfacet
facet normal -0.83147055 -0 -0.5555689
 outer loop
  vertex -40.33369 -27.36353 59.722908
  vertex -40.33369 29.546747 59.722908
  vertex -38.58447 27.79752 57.105003
 endloop
endfacet
facet normal -0.17908402 0 -0.98383373
 outer loop
  vertex -32.592075 -21.348494 54.74153
  vertex -35.96656 -22.996397 55.355778
  vertex -32.592075 23.531708 54.74153
 endloop
endfacet
facet normal -0.17908402 -0 -0.9838338
 outer loop
  vertex -32.592075 23.531708 54.74153
  vertex -35.96656 -22.996397 55.355778
  vertex -35.96656 25.179615 55.355778
 endloop
endfacet
facet normal -0.5555692 0 -0.8314704
 outer loop
  vertex -38.58447 -25.614302 57.105003
  vertex -35.96656 25.179615 55.355778
  vertex -35.96656 -22.996397 55.355778
 endloop
endfacet
facet normal -0.5555692 0 -0.8314704
 outer loop
  vertex -38.58447 27.79752 57.105003
  vertex -35.96656 25.179615 55.355778
  vertex -38.58447 -25.614302 57.105003
 endloop
endfacet
facet normal -0.48455313 -0.0963838 0.8694357
 outer loop
  vertex -36.87227 -23.902103 99.39935
  vertex -39.01419 -26.044025 97.96817
  vertex -36.29935 -26.78235 99.39935
 endloop
endfacet
facet normal -0.48455313 -0.0963838 0.8694357
 outer loop
  vertex -36.29935 -26.78235 99.39935
  vertex -39.01419 -26.044025 97.96817
  vertex -38.441273 -28.924273 97.96817
 endloop
endfacet
facet normal -0.3608551 -0.2411152 0.9009145
 outer loop
  vertex -36.29935 -26.78235 99.39935
  vertex -38.441273 -28.924273 97.96817
  vertex -34.667824 -29.224108 99.39935
 endloop
endfacet
facet normal -0.3608551 -0.24111503 0.90091455
 outer loop
  vertex -34.667824 -29.224108 99.39935
  vertex -38.441273 -28.924273 97.96817
  vertex -36.809746 -31.366032 97.96817
 endloop
endfacet
facet normal -0.09638383 -0.48455328 0.86943555
 outer loop
  vertex -29.34582 -31.428556 99.39935
  vertex -32.226067 -30.855639 99.39935
  vertex -31.487743 -33.570477 97.96817
 endloop
endfacet
facet normal -0.096383914 -0.48455334 0.86943567
 outer loop
  vertex -31.487743 -33.570477 97.96817
  vertex -32.226067 -30.855639 99.39935
  vertex -34.36799 -32.99756 97.96817
 endloop
endfacet
facet normal -0.24111567 -0.36085492 0.90091455
 outer loop
  vertex -32.226067 -30.855639 99.39935
  vertex -34.667824 -29.224108 99.39935
  vertex -34.36799 -32.99756 97.96817
 endloop
endfacet
facet normal -0.24111512 -0.36085495 0.9009146
 outer loop
  vertex -34.36799 -32.99756 97.96817
  vertex -34.667824 -29.224108 99.39935
  vertex -36.809746 -31.366032 97.96817
 endloop
endfacet
facet normal -0.77121675 -0.15340482 0.6178121
 outer loop
  vertex -39.01419 -26.044025 97.96817
  vertex -40.44537 -27.475214 95.826256
  vertex -38.441273 -28.924273 97.96817
 endloop
endfacet
facet normal -0.7712165 -0.1534037 0.61781263
 outer loop
  vertex -38.441273 -28.924273 97.96817
  vertex -40.44537 -27.475214 95.826256
  vertex -39.872456 -30.355463 95.826256
 endloop
endfacet
facet normal -0.60983646 -0.40747863 0.67975044
 outer loop
  vertex -38.441273 -28.924273 97.96817
  vertex -39.872456 -30.355463 95.826256
  vertex -36.809746 -31.366032 97.96817
 endloop
endfacet
facet normal -0.6098364 -0.40747923 0.67975
 outer loop
  vertex -36.809746 -31.366032 97.96817
  vertex -39.872456 -30.355463 95.826256
  vertex -38.24093 -32.79722 95.826256
 endloop
endfacet
facet normal -0.15340473 -0.7712156 0.6178135
 outer loop
  vertex -31.487743 -33.570477 97.96817
  vertex -34.36799 -32.99756 97.96817
  vertex -32.918926 -35.001663 95.826256
 endloop
endfacet
facet normal -0.15340476 -0.7712156 0.6178135
 outer loop
  vertex -32.918926 -35.001663 95.826256
  vertex -34.36799 -32.99756 97.96817
  vertex -35.79917 -34.428745 95.826256
 endloop
endfacet
facet normal -0.40747896 -0.6098365 0.6797502
 outer loop
  vertex -34.36799 -32.99756 97.96817
  vertex -36.809746 -31.366032 97.96817
  vertex -35.79917 -34.428745 95.826256
 endloop
endfacet
facet normal -0.407479 -0.6098365 0.6797502
 outer loop
  vertex -35.79917 -34.428745 95.826256
  vertex -36.809746 -31.366032 97.96817
  vertex -38.24093 -32.79722 95.826256
 endloop
endfacet
facet normal -0.9550103 -0.18996236 0.22774908
 outer loop
  vertex -40.44537 -27.475214 95.826256
  vertex -40.947937 -27.977776 93.29968
  vertex -39.872456 -30.355463 95.826256
 endloop
endfacet
facet normal -0.9550103 -0.18996234 0.22774908
 outer loop
  vertex -39.872456 -30.355463 95.826256
  vertex -40.947937 -27.977776 93.29968
  vertex -40.375023 -30.858025 93.29968
 endloop
endfacet
facet normal -0.8015234 -0.53556025 0.2659616
 outer loop
  vertex -39.872456 -30.355463 95.826256
  vertex -40.375023 -30.858025 93.29968
  vertex -38.24093 -32.79722 95.826256
 endloop
endfacet
facet normal -0.80152345 -0.53555983 0.26596195
 outer loop
  vertex -38.24093 -32.79722 95.826256
  vertex -40.375023 -30.858025 93.29968
  vertex -38.743496 -33.29978 93.29968
 endloop
endfacet
facet normal -0.18996379 -0.9550099 0.22774974
 outer loop
  vertex -32.918926 -35.001663 95.826256
  vertex -35.79917 -34.428745 95.826256
  vertex -33.421494 -35.50423 93.29968
 endloop
endfacet
facet normal -0.18996379 -0.9550099 0.22774974
 outer loop
  vertex -33.421494 -35.50423 93.29968
  vertex -35.79917 -34.428745 95.826256
  vertex -36.30174 -34.931313 93.29968
 endloop
endfacet
facet normal -0.5355598 -0.80152327 0.2659627
 outer loop
  vertex -35.79917 -34.428745 95.826256
  vertex -38.24093 -32.79722 95.826256
  vertex -36.30174 -34.931313 93.29968
 endloop
endfacet
facet normal -0.5355608 -0.801523 0.26596162
 outer loop
  vertex -36.30174 -34.931313 93.29968
  vertex -38.24093 -32.79722 95.826256
  vertex -38.743496 -33.29978 93.29968
 endloop
endfacet
facet normal -0.1899635 -0.9550098 -0.22775029
 outer loop
  vertex -32.807243 -34.88998 59.722908
  vertex -33.421494 -35.50423 62.81094
  vertex -35.687492 -34.317062 59.722908
 endloop
endfacet
facet normal -0.18996376 -0.95500976 -0.22775008
 outer loop
  vertex -35.687492 -34.317062 59.722908
  vertex -33.421494 -35.50423 62.81094
  vertex -36.30174 -34.931313 62.81094
 endloop
endfacet
facet normal -0.5355603 -0.8015229 -0.26596278
 outer loop
  vertex -35.687492 -34.317062 59.722908
  vertex -36.30174 -34.931313 62.81094
  vertex -38.129246 -32.685535 59.722908
 endloop
endfacet
facet normal -0.53556067 -0.80152273 -0.2659625
 outer loop
  vertex -38.129246 -32.685535 59.722908
  vertex -36.30174 -34.931313 62.81094
  vertex -38.743496 -33.29978 62.81094
 endloop
endfacet
facet normal -0.9550103 -0.18996236 -0.22774874
 outer loop
  vertex -40.33369 -27.36353 59.722908
  vertex -39.760777 -30.243778 59.722908
  vertex -40.947937 -27.977776 62.81094
 endloop
endfacet
facet normal -0.9550103 -0.18996237 -0.22774872
 outer loop
  vertex -40.947937 -27.977776 62.81094
  vertex -39.760777 -30.243778 59.722908
  vertex -40.375023 -30.858025 62.81094
 endloop
endfacet
facet normal -0.8015229 -0.5355607 -0.26596192
 outer loop
  vertex -39.760777 -30.243778 59.722908
  vertex -38.129246 -32.685535 59.722908
  vertex -40.375023 -30.858025 62.81094
 endloop
endfacet
facet normal -0.8015233 -0.5355598 -0.26596278
 outer loop
  vertex -40.375023 -30.858025 62.81094
  vertex -38.129246 -32.685535 59.722908
  vertex -38.743496 -33.29978 62.81094
 endloop
endfacet
facet normal -0.19509456 -0.9807844 1.1392652e-06
 outer loop
  vertex -34.662243 -35.257423 73.57701
  vertex -36.30174 -34.931313 62.81094
  vertex -33.421494 -35.50423 72.58558
 endloop
endfacet
facet normal -0.19509083 -0.9807852 0
 outer loop
  vertex -33.421494 -35.50423 72.58558
  vertex -36.30174 -34.931313 62.81094
  vertex -33.421494 -35.50423 62.81094
 endloop
endfacet
facet normal -0.5555704 -0.8314695 0
 outer loop
  vertex -36.30174 -34.931313 93.29968
  vertex -38.743496 -33.29978 93.29968
  vertex -36.30174 -34.931313 62.81094
 endloop
endfacet
facet normal -0.5555704 -0.8314695 0
 outer loop
  vertex -36.30174 -34.931313 62.81094
  vertex -38.743496 -33.29978 93.29968
  vertex -38.743496 -33.29978 62.81094
 endloop
endfacet
facet normal -0.8314701 -0.5555695 0
 outer loop
  vertex -38.743496 -33.29978 93.29968
  vertex -40.375023 -30.858025 93.29968
  vertex -38.743496 -33.29978 62.81094
 endloop
endfacet
facet normal -0.8314701 -0.5555695 0
 outer loop
  vertex -38.743496 -33.29978 62.81094
  vertex -40.375023 -30.858025 93.29968
  vertex -40.375023 -30.858025 62.81094
 endloop
endfacet
facet normal -0.9807855 -0.19508934 0
 outer loop
  vertex -40.947937 -27.977776 93.29968
  vertex -40.947937 -27.977776 72.74777
  vertex -40.375023 -30.858025 93.29968
 endloop
endfacet
facet normal -0.9807855 -0.19508934 0
 outer loop
  vertex -40.375023 -30.858025 93.29968
  vertex -40.947937 -27.977776 72.74777
  vertex -40.375023 -30.858025 62.81094
 endloop
endfacet
facet normal -0.15340479 -0.7712169 -0.6178118
 outer loop
  vertex -35.687492 -34.317062 59.722908
  vertex -33.938263 -32.567837 57.105003
  vertex -32.807243 -34.88998 59.722908
 endloop
endfacet
facet normal -0.153405 -0.7712169 -0.6178118
 outer loop
  vertex -32.807243 -34.88998 59.722908
  vertex -33.938263 -32.567837 57.105003
  vertex -31.058018 -33.140755 57.105003
 endloop
endfacet
facet normal -0.40747994 -0.6098371 -0.6797491
 outer loop
  vertex -38.129246 -32.685535 59.722908
  vertex -36.38002 -30.936308 57.105003
  vertex -35.687492 -34.317062 59.722908
 endloop
endfacet
facet normal -0.40747982 -0.6098371 -0.67974913
 outer loop
  vertex -35.687492 -34.317062 59.722908
  vertex -36.38002 -30.936308 57.105003
  vertex -33.938263 -32.567837 57.105003
 endloop
endfacet
facet normal -0.609837 -0.40748024 -0.67974895
 outer loop
  vertex -38.129246 -32.685535 59.722908
  vertex -39.760777 -30.243778 59.722908
  vertex -36.38002 -30.936308 57.105003
 endloop
endfacet
facet normal -0.609837 -0.40747994 -0.67974913
 outer loop
  vertex -36.38002 -30.936308 57.105003
  vertex -39.760777 -30.243778 59.722908
  vertex -38.01155 -28.494549 57.105003
 endloop
endfacet
facet normal -0.77121735 -0.15340385 -0.6178115
 outer loop
  vertex -39.760777 -30.243778 59.722908
  vertex -40.33369 -27.36353 59.722908
  vertex -38.01155 -28.494549 57.105003
 endloop
endfacet
facet normal -0.77121747 -0.153405 -0.6178111
 outer loop
  vertex -38.01155 -28.494549 57.105003
  vertex -40.33369 -27.36353 59.722908
  vertex -38.58447 -25.614302 57.105003
 endloop
endfacet
facet normal -0.09638388 -0.4845533 -0.8694356
 outer loop
  vertex -33.938263 -32.567837 57.105003
  vertex -31.320358 -29.94993 55.355778
  vertex -31.058018 -33.140755 57.105003
 endloop
endfacet
facet normal -0.09638422 -0.48455325 -0.8694356
 outer loop
  vertex -31.058018 -33.140755 57.105003
  vertex -31.320358 -29.94993 55.355778
  vertex -28.440113 -30.52285 55.355778
 endloop
endfacet
facet normal -0.24111554 -0.3608552 -0.90091443
 outer loop
  vertex -36.38002 -30.936308 57.105003
  vertex -33.762115 -28.318401 55.355778
  vertex -33.938263 -32.567837 57.105003
 endloop
endfacet
facet normal -0.24111556 -0.3608552 -0.90091443
 outer loop
  vertex -33.938263 -32.567837 57.105003
  vertex -33.762115 -28.318401 55.355778
  vertex -31.320358 -29.94993 55.355778
 endloop
endfacet
facet normal -0.3608552 -0.24111564 -0.90091443
 outer loop
  vertex -36.38002 -30.936308 57.105003
  vertex -38.01155 -28.494549 57.105003
  vertex -33.762115 -28.318401 55.355778
 endloop
endfacet
facet normal -0.36085513 -0.24111578 -0.9009144
 outer loop
  vertex -33.762115 -28.318401 55.355778
  vertex -38.01155 -28.494549 57.105003
  vertex -35.393646 -25.876644 55.355778
 endloop
endfacet
facet normal -0.48455355 -0.096383885 -0.8694354
 outer loop
  vertex -38.01155 -28.494549 57.105003
  vertex -38.58447 -25.614302 57.105003
  vertex -35.393646 -25.876644 55.355778
 endloop
endfacet
facet normal -0.48455355 -0.096383214 -0.86943555
 outer loop
  vertex -35.393646 -25.876644 55.355778
  vertex -38.58447 -25.614302 57.105003
  vertex -35.96656 -22.996397 55.355778
 endloop
endfacet
facet normal -0.16358836 0.032539804 0.98599195
 outer loop
  vertex -36.87227 26.085321 99.39935
  vertex -34.059242 24.998877 99.901924
  vertex -36.29935 28.965569 99.39935
 endloop
endfacet
facet normal -0.11860799 0.058602713 0.9912103
 outer loop
  vertex -34.059242 24.998877 99.901924
  vertex -32.141254 28.880756 99.901924
  vertex -36.29935 28.965569 99.39935
 endloop
endfacet
facet normal -0.11803301 0.07886693 0.9898728
 outer loop
  vertex -36.29935 28.965569 99.39935
  vertex -32.141254 28.880756 99.901924
  vertex -34.667824 31.407328 99.39935
 endloop
endfacet
facet normal -0.078867 0.118032895 0.9898728
 outer loop
  vertex -34.667824 31.407328 99.39935
  vertex -32.141254 28.880756 99.901924
  vertex -32.226067 33.038857 99.39935
 endloop
endfacet
facet normal -0.05860263 0.118607886 0.99121034
 outer loop
  vertex -32.226067 33.038857 99.39935
  vertex -32.141254 28.880756 99.901924
  vertex -28.259373 30.798744 99.901924
 endloop
endfacet
facet normal -0.032539755 0.16358812 0.98599195
 outer loop
  vertex -32.226067 33.038857 99.39935
  vertex -28.259373 30.798744 99.901924
  vertex -29.34582 33.611774 99.39935
 endloop
endfacet
facet normal -0.02827739 0.14215957 -0.9894398
 outer loop
  vertex -28.440113 32.706066 55.355778
  vertex -28.733149 28.372583 54.74153
  vertex -31.320358 32.13315 55.355778
 endloop
endfacet
facet normal -0.07410051 0.11089946 -0.99106526
 outer loop
  vertex -31.320358 32.13315 55.355778
  vertex -28.733149 28.372583 54.74153
  vertex -33.762115 30.501621 55.355778
 endloop
endfacet
facet normal -0.09459109 0.06320373 -0.9935078
 outer loop
  vertex -33.762115 30.501621 55.355778
  vertex -28.733149 28.372583 54.74153
  vertex -35.393646 28.059862 55.355778
 endloop
endfacet
facet normal -0.09509702 0.075807035 -0.9925773
 outer loop
  vertex -35.393646 28.059862 55.355778
  vertex -28.733149 28.372583 54.74153
  vertex -32.592075 23.531708 54.74153
 endloop
endfacet
facet normal -0.16358656 0.032539234 -0.9859922
 outer loop
  vertex -35.393646 28.059862 55.355778
  vertex -32.592075 23.531708 54.74153
  vertex -35.96656 25.179615 55.355778
 endloop
endfacet
facet normal -0.48455307 0.096383736 0.8694358
 outer loop
  vertex -38.441273 31.107492 97.96817
  vertex -39.01419 28.227243 97.96817
  vertex -36.29935 28.965569 99.39935
 endloop
endfacet
facet normal -0.48455313 0.0963838 0.8694357
 outer loop
  vertex -36.29935 28.965569 99.39935
  vertex -39.01419 28.227243 97.96817
  vertex -36.87227 26.085321 99.39935
 endloop
endfacet
facet normal -0.3608551 0.2411154 0.9009145
 outer loop
  vertex -36.809746 33.549248 97.96817
  vertex -38.441273 31.107492 97.96817
  vertex -34.667824 31.407328 99.39935
 endloop
endfacet
facet normal -0.3608551 0.24111503 0.90091455
 outer loop
  vertex -34.667824 31.407328 99.39935
  vertex -38.441273 31.107492 97.96817
  vertex -36.29935 28.965569 99.39935
 endloop
endfacet
facet normal -0.096383795 0.48455307 0.8694357
 outer loop
  vertex -29.34582 33.611774 99.39935
  vertex -31.487743 35.753696 97.96817
  vertex -32.226067 33.038857 99.39935
 endloop
endfacet
facet normal -0.09638385 0.484553 0.86943567
 outer loop
  vertex -32.226067 33.038857 99.39935
  vertex -31.487743 35.753696 97.96817
  vertex -34.36799 35.18078 97.96817
 endloop
endfacet
facet normal -0.24111542 0.36085498 0.9009146
 outer loop
  vertex -32.226067 33.038857 99.39935
  vertex -34.36799 35.18078 97.96817
  vertex -34.667824 31.407328 99.39935
 endloop
endfacet
facet normal -0.24111567 0.36085492 0.90091455
 outer loop
  vertex -34.667824 31.407328 99.39935
  vertex -34.36799 35.18078 97.96817
  vertex -36.809746 33.549248 97.96817
 endloop
endfacet
facet normal -0.7712166 0.15340371 0.6178125
 outer loop
  vertex -39.872456 32.53868 95.826256
  vertex -40.44537 29.658432 95.826256
  vertex -38.441273 31.107492 97.96817
 endloop
endfacet
facet normal -0.77121675 0.15340473 0.61781204
 outer loop
  vertex -38.441273 31.107492 97.96817
  vertex -40.44537 29.658432 95.826256
  vertex -39.01419 28.227243 97.96817
 endloop
endfacet
facet normal -0.6098364 0.40747887 0.67975044
 outer loop
  vertex -38.24093 34.98044 95.826256
  vertex -39.872456 32.53868 95.826256
  vertex -36.809746 33.549248 97.96817
 endloop
endfacet
facet normal -0.60983634 0.4074791 0.6797502
 outer loop
  vertex -36.809746 33.549248 97.96817
  vertex -39.872456 32.53868 95.826256
  vertex -38.441273 31.107492 97.96817
 endloop
endfacet
facet normal -0.15340476 0.7712156 0.6178135
 outer loop
  vertex -31.487743 35.753696 97.96817
  vertex -32.918926 37.184883 95.826256
  vertex -34.36799 35.18078 97.96817
 endloop
endfacet
facet normal -0.15340473 0.7712156 0.6178135
 outer loop
  vertex -34.36799 35.18078 97.96817
  vertex -32.918926 37.184883 95.826256
  vertex -35.79917 36.611965 95.826256
 endloop
endfacet
facet normal -0.40747958 0.609836 0.6797503
 outer loop
  vertex -34.36799 35.18078 97.96817
  vertex -35.79917 36.611965 95.826256
  vertex -36.809746 33.549248 97.96817
 endloop
endfacet
facet normal -0.40747866 0.60983604 0.67975074
 outer loop
  vertex -36.809746 33.549248 97.96817
  vertex -35.79917 36.611965 95.826256
  vertex -38.24093 34.98044 95.826256
 endloop
endfacet
facet normal -0.95501024 0.18996246 0.22774923
 outer loop
  vertex -40.375023 33.041245 93.29968
  vertex -40.947937 30.160997 93.29968
  vertex -39.872456 32.53868 95.826256
 endloop
endfacet
facet normal -0.95501024 0.18996234 0.22774935
 outer loop
  vertex -39.872456 32.53868 95.826256
  vertex -40.947937 30.160997 93.29968
  vertex -40.44537 29.658432 95.826256
 endloop
endfacet
facet normal -0.80152345 0.53555983 0.26596195
 outer loop
  vertex -38.743496 35.483 93.29968
  vertex -40.375023 33.041245 93.29968
  vertex -38.24093 34.98044 95.826256
 endloop
endfacet
facet normal -0.80152345 0.53555983 0.26596195
 outer loop
  vertex -38.24093 34.98044 95.826256
  vertex -40.375023 33.041245 93.29968
  vertex -39.872456 32.53868 95.826256
 endloop
endfacet
facet normal -0.18996386 0.9550102 0.22774836
 outer loop
  vertex -32.918926 37.184883 95.826256
  vertex -33.421494 37.687447 93.29968
  vertex -35.79917 36.611965 95.826256
 endloop
endfacet
facet normal -0.18996385 0.9550102 0.22774836
 outer loop
  vertex -35.79917 36.611965 95.826256
  vertex -33.421494 37.687447 93.29968
  vertex -36.30174 37.11453 93.29968
 endloop
endfacet
facet normal -0.53555995 0.80152357 0.26596156
 outer loop
  vertex -35.79917 36.611965 95.826256
  vertex -36.30174 37.11453 93.29968
  vertex -38.24093 34.98044 95.826256
 endloop
endfacet
facet normal -0.53555995 0.80152357 0.2659616
 outer loop
  vertex -38.24093 34.98044 95.826256
  vertex -36.30174 37.11453 93.29968
  vertex -38.743496 35.483 93.29968
 endloop
endfacet
facet normal -0.18996382 0.95501006 -0.22774898
 outer loop
  vertex -36.30174 37.11453 62.81094
  vertex -33.421494 37.687447 62.81094
  vertex -35.687492 36.500282 59.722908
 endloop
endfacet
facet normal -0.18996356 0.95501 -0.22774915
 outer loop
  vertex -35.687492 36.500282 59.722908
  vertex -33.421494 37.687447 62.81094
  vertex -32.807243 37.0732 59.722908
 endloop
endfacet
facet normal -0.53555965 0.80152315 -0.26596338
 outer loop
  vertex -38.743496 35.483 62.81094
  vertex -36.30174 37.11453 62.81094
  vertex -38.129246 34.86875 59.722908
 endloop
endfacet
facet normal -0.53556126 0.8015225 -0.2659619
 outer loop
  vertex -38.129246 34.86875 59.722908
  vertex -36.30174 37.11453 62.81094
  vertex -35.687492 36.500282 59.722908
 endloop
endfacet
facet normal -0.9550103 0.18996248 -0.22774899
 outer loop
  vertex -40.33369 29.546747 59.722908
  vertex -40.947937 30.160997 62.81094
  vertex -39.760777 32.426994 59.722908
 endloop
endfacet
facet normal -0.9550103 0.18996248 -0.22774899
 outer loop
  vertex -39.760777 32.426994 59.722908
  vertex -40.947937 30.160997 62.81094
  vertex -40.375023 33.041245 62.81094
 endloop
endfacet
facet normal -0.8015228 0.5355606 -0.26596248
 outer loop
  vertex -39.760777 32.426994 59.722908
  vertex -40.375023 33.041245 62.81094
  vertex -38.129246 34.86875 59.722908
 endloop
endfacet
facet normal -0.80152315 0.53555965 -0.26596338
 outer loop
  vertex -38.129246 34.86875 59.722908
  vertex -40.375023 33.041245 62.81094
  vertex -38.743496 35.483 62.81094
 endloop
endfacet
facet normal -0.19509085 0.9807852 0
 outer loop
  vertex -33.421494 37.687447 93.29968
  vertex -33.421494 37.687447 62.81094
  vertex -36.30174 37.11453 93.29968
 endloop
endfacet
facet normal -0.19509085 0.9807852 0
 outer loop
  vertex -36.30174 37.11453 93.29968
  vertex -33.421494 37.687447 62.81094
  vertex -36.30174 37.11453 62.81094
 endloop
endfacet
facet normal -0.5555695 0.8314701 0
 outer loop
  vertex -36.30174 37.11453 93.29968
  vertex -36.30174 37.11453 62.81094
  vertex -38.743496 35.483 93.29968
 endloop
endfacet
facet normal -0.5555695 0.8314701 0
 outer loop
  vertex -38.743496 35.483 93.29968
  vertex -36.30174 37.11453 62.81094
  vertex -38.743496 35.483 62.81094
 endloop
endfacet
facet normal -0.8314701 0.5555695 0
 outer loop
  vertex -38.743496 35.483 93.29968
  vertex -38.743496 35.483 62.81094
  vertex -40.375023 33.041245 93.29968
 endloop
endfacet
facet normal -0.8314701 0.5555695 0
 outer loop
  vertex -40.375023 33.041245 93.29968
  vertex -38.743496 35.483 62.81094
  vertex -40.375023 33.041245 62.81094
 endloop
endfacet
facet normal -0.9807855 0.19508946 0
 outer loop
  vertex -40.375023 33.041245 93.29968
  vertex -40.375023 33.041245 62.81094
  vertex -40.947937 30.160997 93.29968
 endloop
endfacet
facet normal -0.9807855 0.19508946 0
 outer loop
  vertex -40.947937 30.160997 93.29968
  vertex -40.375023 33.041245 62.81094
  vertex -40.947937 30.160997 62.81094
 endloop
endfacet
facet normal -0.153405 0.7712169 -0.6178118
 outer loop
  vertex -31.058018 35.323975 57.105003
  vertex -33.938263 34.751057 57.105003
  vertex -32.807243 37.0732 59.722908
 endloop
endfacet
facet normal -0.15340479 0.7712169 -0.6178118
 outer loop
  vertex -32.807243 37.0732 59.722908
  vertex -33.938263 34.751057 57.105003
  vertex -35.687492 36.500282 59.722908
 endloop
endfacet
facet normal -0.40748015 0.6098369 -0.67974913
 outer loop
  vertex -33.938263 34.751057 57.105003
  vertex -36.38002 33.119526 57.105003
  vertex -35.687492 36.500282 59.722908
 endloop
endfacet
facet normal -0.40748072 0.60983676 -0.6797489
 outer loop
  vertex -35.687492 36.500282 59.722908
  vertex -36.38002 33.119526 57.105003
  vertex -38.129246 34.86875 59.722908
 endloop
endfacet
facet normal -0.6098371 0.4074803 -0.67974883
 outer loop
  vertex -38.129246 34.86875 59.722908
  vertex -36.38002 33.119526 57.105003
  vertex -39.760777 32.426994 59.722908
 endloop
endfacet
facet normal -0.6098372 0.40748036 -0.67974883
 outer loop
  vertex -39.760777 32.426994 59.722908
  vertex -36.38002 33.119526 57.105003
  vertex -38.01155 30.677769 57.105003
 endloop
endfacet
facet normal -0.7712174 0.15340397 -0.6178114
 outer loop
  vertex -39.760777 32.426994 59.722908
  vertex -38.01155 30.677769 57.105003
  vertex -40.33369 29.546747 59.722908
 endloop
endfacet
facet normal -0.7712175 0.1534049 -0.6178111
 outer loop
  vertex -40.33369 29.546747 59.722908
  vertex -38.01155 30.677769 57.105003
  vertex -38.58447 27.79752 57.105003
 endloop
endfacet
facet normal -0.096383855 0.48455304 -0.8694358
 outer loop
  vertex -28.440113 32.706066 55.355778
  vertex -31.320358 32.13315 55.355778
  vertex -31.058018 35.323975 57.105003
 endloop
endfacet
facet normal -0.09638382 0.48455304 -0.86943567
 outer loop
  vertex -31.058018 35.323975 57.105003
  vertex -31.320358 32.13315 55.355778
  vertex -33.938263 34.751057 57.105003
 endloop
endfacet
facet normal -0.24111529 0.36085522 -0.9009145
 outer loop
  vertex -31.320358 32.13315 55.355778
  vertex -33.762115 30.501621 55.355778
  vertex -33.938263 34.751057 57.105003
 endloop
endfacet
facet normal -0.24111578 0.36085513 -0.9009144
 outer loop
  vertex -33.938263 34.751057 57.105003
  vertex -33.762115 30.501621 55.355778
  vertex -36.38002 33.119526 57.105003
 endloop
endfacet
facet normal -0.36085513 0.24111578 -0.9009144
 outer loop
  vertex -36.38002 33.119526 57.105003
  vertex -33.762115 30.501621 55.355778
  vertex -38.01155 30.677769 57.105003
 endloop
endfacet
facet normal -0.3608552 0.24111564 -0.90091443
 outer loop
  vertex -38.01155 30.677769 57.105003
  vertex -33.762115 30.501621 55.355778
  vertex -35.393646 28.059862 55.355778
 endloop
endfacet
facet normal -0.48455355 0.096383795 -0.8694354
 outer loop
  vertex -38.01155 30.677769 57.105003
  vertex -35.393646 28.059862 55.355778
  vertex -38.58447 27.79752 57.105003
 endloop
endfacet
facet normal -0.48455355 0.096383244 -0.86943555
 outer loop
  vertex -38.58447 27.79752 57.105003
  vertex -35.393646 28.059862 55.355778
  vertex -35.96656 25.179615 55.355778
 endloop
endfacet
facet normal -1 -9.907695e-07 0
 outer loop
  vertex -40.947937 -27.977776 72.74777
  vertex -40.947945 -20.277302 72.637344
  vertex -40.947937 -27.977776 62.81094
 endloop
endfacet
facet normal -1 0 0
 outer loop
  vertex -40.947937 5.64753 65.08759
  vertex -40.947937 7.042327 67.0727
  vertex -40.947937 7.334551 67.257996
 endloop
endfacet
facet normal -1 -1.3122728e-07 -6.735813e-07
 outer loop
  vertex -40.947937 -27.977776 62.81094
  vertex -40.947945 -20.277302 72.637344
  vertex -40.947945 -12.54696 71.13132
 endloop
endfacet
facet normal -1 -3.7693152e-07 -2.1790277e-07
 outer loop
  vertex -40.947937 -27.977776 62.81094
  vertex -40.947945 -12.54696 71.13132
  vertex -40.947945 -12.202396 70.535286
 endloop
endfacet
facet normal -1 -0 0
 outer loop
  vertex -40.947937 5.64753 65.08759
  vertex -40.947937 7.334551 67.257996
  vertex -40.947937 30.160997 62.81094
 endloop
endfacet
facet normal -1 0 0
 outer loop
  vertex -40.947937 -0.098051846 63.16196
  vertex -40.947937 0.85156983 63.429356
  vertex -40.947937 2.6099224 63.90633
 endloop
endfacet
facet normal -1 -0 0
 outer loop
  vertex -40.947937 2.6099224 63.90633
  vertex -40.947937 5.64753 65.08759
  vertex -40.947937 30.160997 62.81094
 endloop
endfacet
facet normal -1 -3.4194605e-07 -2.893534e-07
 outer loop
  vertex -40.947937 -27.977776 62.81094
  vertex -40.947945 -12.202396 70.535286
  vertex -40.947945 -11.532429 69.743546
 endloop
endfacet
facet normal -1 3.3481656e-06 2.4237365e-06
 outer loop
  vertex -40.947945 -11.532429 69.743546
  vertex -40.947937 -7.3203254 67.0727
  vertex -40.947937 -6.8435264 66.41405
 endloop
endfacet
facet normal -1 3.3482038e-06 2.4237904e-06
 outer loop
  vertex -40.947945 -11.532429 69.743546
  vertex -40.947937 -6.8435264 66.41405
  vertex -40.947937 -5.883296 65.08759
 endloop
endfacet
facet normal -1 -0 0
 outer loop
  vertex -40.947937 -0.098051846 63.16196
  vertex -40.947937 2.6099224 63.90633
  vertex -40.947937 30.160997 62.81094
 endloop
endfacet
facet normal -1 0 0
 outer loop
  vertex -40.947937 -2.8205576 63.90633
  vertex -40.947937 -1.0528936 63.429356
  vertex -40.947937 -0.098051846 63.16196
 endloop
endfacet
facet normal -1 0 0
 outer loop
  vertex -40.947937 -0.098051846 63.16196
  vertex -40.947937 30.160997 62.81094
  vertex -40.947937 -27.977776 62.81094
 endloop
endfacet
facet normal -1 1.5008374e-07 -1.4565336e-06
 outer loop
  vertex -40.947937 -27.977776 62.81094
  vertex -40.947945 -11.532429 69.743546
  vertex -40.947937 -5.883296 65.08759
 endloop
endfacet
facet normal -1 -0 0
 outer loop
  vertex -40.947937 -27.977776 62.81094
  vertex -40.947937 -5.883296 65.08759
  vertex -40.947937 -4.62971 64.60405
 endloop
endfacet
facet normal -1 0 0
 outer loop
  vertex -40.947937 -2.8205576 63.90633
  vertex -40.947937 -0.098051846 63.16196
  vertex -40.947937 -27.977776 62.81094
 endloop
endfacet
facet normal -1 -0 0
 outer loop
  vertex -40.947937 -27.977776 62.81094
  vertex -40.947937 -4.62971 64.60405
  vertex -40.947937 -2.8205576 63.90633
 endloop
endfacet
facet normal 0 -0.17587337 0.9844128
 outer loop
  vertex -29.34582 -31.428556 99.39935
  vertex -16.688759 -31.428556 99.39935
  vertex -28.259373 -28.615524 99.901924
 endloop
endfacet
facet normal -0.004823431 -0.19506393 0.9807787
 outer loop
  vertex -28.259373 -28.615524 99.901924
  vertex -16.688759 -31.428556 99.39935
  vertex -16.688759 -28.901636 99.901924
 endloop
endfacet
facet normal 0 -0.5555696 0.83147
 outer loop
  vertex -31.487743 -33.570477 97.96817
  vertex -16.688759 -33.570477 97.96817
  vertex -29.34582 -31.428556 99.39935
 endloop
endfacet
facet normal 0 -0.5555696 0.83147
 outer loop
  vertex -29.34582 -31.428556 99.39935
  vertex -16.688759 -33.570477 97.96817
  vertex -16.688759 -31.428556 99.39935
 endloop
endfacet
facet normal 0 -0.83146864 0.5555716
 outer loop
  vertex -32.918926 -35.001663 95.826256
  vertex -16.688759 -35.001663 95.826256
  vertex -31.487743 -33.570477 97.96817
 endloop
endfacet
facet normal 0 -0.8314687 0.5555716
 outer loop
  vertex -31.487743 -33.570477 97.96817
  vertex -16.688759 -35.001663 95.826256
  vertex -16.688759 -33.570477 97.96817
 endloop
endfacet
facet normal 0 -0.9807852 0.19509055
 outer loop
  vertex -33.421494 -35.50423 93.29968
  vertex -20.476948 -35.50423 93.29968
  vertex -32.918926 -35.001663 95.826256
 endloop
endfacet
facet normal 0 -0.9807852 0.19509056
 outer loop
  vertex -32.918926 -35.001663 95.826256
  vertex -20.476948 -35.50423 93.29968
  vertex -16.688759 -35.001663 95.826256
 endloop
endfacet
facet normal 0 -0.98078513 -0.19509107
 outer loop
  vertex -33.421494 -35.50423 62.81094
  vertex -32.807243 -34.88998 59.722908
  vertex -16.688759 -35.50423 62.81094
 endloop
endfacet
facet normal -0 -0.9807852 -0.19509108
 outer loop
  vertex -16.688759 -35.50423 62.81094
  vertex -32.807243 -34.88998 59.722908
  vertex -16.688759 -34.88998 59.722908
 endloop
endfacet
facet normal 0 -0.83146995 -0.55556965
 outer loop
  vertex -32.807243 -34.88998 59.722908
  vertex -31.058018 -33.140755 57.105003
  vertex -16.688759 -34.88998 59.722908
 endloop
endfacet
facet normal -0 -0.83146995 -0.5555697
 outer loop
  vertex -16.688759 -34.88998 59.722908
  vertex -31.058018 -33.140755 57.105003
  vertex -16.688759 -33.140755 57.105003
 endloop
endfacet
facet normal 0 -0.55556965 -0.83146995
 outer loop
  vertex -31.058018 -33.140755 57.105003
  vertex -28.440113 -30.52285 55.355778
  vertex -16.688759 -33.140755 57.105003
 endloop
endfacet
facet normal -0 -0.5555697 -0.83146995
 outer loop
  vertex -16.688759 -33.140755 57.105003
  vertex -28.440113 -30.52285 55.355778
  vertex -16.688759 -30.52285 55.355778
 endloop
endfacet
facet normal -0.015022442 -0.14132132 -0.98984987
 outer loop
  vertex -28.733149 -26.189365 54.74153
  vertex -16.688759 -27.46971 54.741535
  vertex -28.440113 -30.52285 55.355778
 endloop
endfacet
facet normal 0 -0.19723193 -0.9803568
 outer loop
  vertex -28.440113 -30.52285 55.355778
  vertex -16.688759 -27.46971 54.741535
  vertex -16.688759 -30.52285 55.355778
 endloop
endfacet
facet normal 0 -0 1
 outer loop
  vertex -34.059242 24.998877 99.901924
  vertex -34.059242 -22.815659 99.901924
  vertex -32.141254 28.880756 99.901924
 endloop
endfacet
facet normal 0 -0 1
 outer loop
  vertex -32.141254 28.880756 99.901924
  vertex -34.059242 -22.815659 99.901924
  vertex -32.141254 -26.697538 99.901924
 endloop
endfacet
facet normal 0 0 -1
 outer loop
  vertex -28.733149 28.372583 54.74153
  vertex -28.733149 -26.189365 54.74153
  vertex -32.592075 23.531708 54.74153
 endloop
endfacet
facet normal 0 0 -1
 outer loop
  vertex -32.592075 23.531708 54.74153
  vertex -28.733149 -26.189365 54.74153
  vertex -32.592075 -21.348494 54.74153
 endloop
endfacet
facet normal -0.0048299623 0.19508998 0.9807734
 outer loop
  vertex -16.688759 31.085205 99.901924
  vertex -16.688759 33.611774 99.39935
  vertex -28.259373 30.798744 99.901924
 endloop
endfacet
facet normal -0 0.17587347 0.9844128
 outer loop
  vertex -28.259373 30.798744 99.901924
  vertex -16.688759 33.611774 99.39935
  vertex -29.34582 33.611774 99.39935
 endloop
endfacet
facet normal 0 0.5555693 0.8314703
 outer loop
  vertex -16.688759 33.611774 99.39935
  vertex -16.688759 35.753696 97.96817
  vertex -29.34582 33.611774 99.39935
 endloop
endfacet
facet normal -0 0.55556923 0.83147025
 outer loop
  vertex -29.34582 33.611774 99.39935
  vertex -16.688759 35.753696 97.96817
  vertex -31.487743 35.753696 97.96817
 endloop
endfacet
facet normal 0 0.8314687 0.5555716
 outer loop
  vertex -16.688759 35.753696 97.96817
  vertex -16.688759 37.184883 95.826256
  vertex -31.487743 35.753696 97.96817
 endloop
endfacet
facet normal -0 0.83146864 0.5555716
 outer loop
  vertex -31.487743 35.753696 97.96817
  vertex -16.688759 37.184883 95.826256
  vertex -32.918926 37.184883 95.826256
 endloop
endfacet
facet normal 0 0.9807855 0.19508913
 outer loop
  vertex -16.688759 37.184883 95.826256
  vertex -16.688759 37.687447 93.29968
  vertex -32.918926 37.184883 95.826256
 endloop
endfacet
facet normal -0 0.9807855 0.19508915
 outer loop
  vertex -32.918926 37.184883 95.826256
  vertex -16.688759 37.687447 93.29968
  vertex -33.421494 37.687447 93.29968
 endloop
endfacet
facet normal 0 1 0
 outer loop
  vertex -33.421494 37.687447 62.81094
  vertex -33.421494 37.687447 93.29968
  vertex -16.688759 37.687447 62.81094
 endloop
endfacet
facet normal 0 1 0
 outer loop
  vertex -16.688759 37.687447 62.81094
  vertex -33.421494 37.687447 93.29968
  vertex -16.688759 37.687447 93.29968
 endloop
endfacet
facet normal 0 0.98078537 -0.19508992
 outer loop
  vertex -33.421494 37.687447 62.81094
  vertex -16.688759 37.687447 62.81094
  vertex -32.807243 37.0732 59.722908
 endloop
endfacet
facet normal 0 0.98078537 -0.19508992
 outer loop
  vertex -32.807243 37.0732 59.722908
  vertex -16.688759 37.687447 62.81094
  vertex -16.688759 37.0732 59.722908
 endloop
endfacet
facet normal 0 0.83146995 -0.5555697
 outer loop
  vertex -32.807243 37.0732 59.722908
  vertex -16.688759 37.0732 59.722908
  vertex -31.058018 35.323975 57.105003
 endloop
endfacet
facet normal 0 0.83146995 -0.5555697
 outer loop
  vertex -31.058018 35.323975 57.105003
  vertex -16.688759 37.0732 59.722908
  vertex -16.688759 35.323975 57.105003
 endloop
endfacet
facet normal 0 0.5555692 -0.8314703
 outer loop
  vertex -31.058018 35.323975 57.105003
  vertex -16.688759 35.323975 57.105003
  vertex -28.440113 32.706066 55.355778
 endloop
endfacet
facet normal 0 0.5555692 -0.8314704
 outer loop
  vertex -28.440113 32.706066 55.355778
  vertex -16.688759 35.323975 57.105003
  vertex -16.688759 32.706066 55.355778
 endloop
endfacet
facet normal 0 0.14034146 -0.9901032
 outer loop
  vertex -28.440113 32.706066 55.355778
  vertex -16.688759 32.706066 55.355778
  vertex -28.733149 28.372583 54.74153
 endloop
endfacet
facet normal 0.0101112 0.1127306 -0.9935742
 outer loop
  vertex -28.733149 28.372583 54.74153
  vertex -16.688759 32.706066 55.355778
  vertex -16.688759 27.29228 54.74153
 endloop
endfacet
facet normal 0 0.19509228 0.9807849
 outer loop
  vertex -16.688759 26.43369 99.901924
  vertex -1.44892e-08 26.43369 99.901924
  vertex -16.688759 28.960258 99.39935
 endloop
endfacet
facet normal 0 0.19509228 0.9807849
 outer loop
  vertex -16.688759 28.960258 99.39935
  vertex -1.44892e-08 26.43369 99.901924
  vertex -1.4301625e-08 28.960258 99.39935
 endloop
endfacet
facet normal 0 0.5555689 0.83147043
 outer loop
  vertex -16.688759 28.960258 99.39935
  vertex -1.4301625e-08 28.960258 99.39935
  vertex -16.688759 31.102182 97.96817
 endloop
endfacet
facet normal 0 0.5555689 0.83147043
 outer loop
  vertex -16.688759 31.102182 97.96817
  vertex -1.4301625e-08 28.960258 99.39935
  vertex -1.407126e-08 31.102182 97.96817
 endloop
endfacet
facet normal 0 0.8314683 0.55557215
 outer loop
  vertex -16.688759 31.102182 97.96817
  vertex -1.407126e-08 31.102182 97.96817
  vertex -16.688759 32.53337 95.826256
 endloop
endfacet
facet normal 0 0.8314683 0.55557215
 outer loop
  vertex -16.688759 32.53337 95.826256
  vertex -1.407126e-08 31.102182 97.96817
  vertex -1.3833177e-08 32.53337 95.826256
 endloop
endfacet
facet normal 0 0.98078555 0.19508913
 outer loop
  vertex -16.688759 32.53337 95.826256
  vertex -1.3833177e-08 32.53337 95.826256
  vertex -16.688759 33.035934 93.29968
 endloop
endfacet
facet normal 0 0.98078555 0.19508913
 outer loop
  vertex -16.688759 33.035934 93.29968
  vertex -1.3833177e-08 32.53337 95.826256
  vertex -1.3623622e-08 33.035934 93.29968
 endloop
endfacet
facet normal 0 1 -0
 outer loop
  vertex -16.688759 33.035934 93.29968
  vertex -1.3623622e-08 33.035934 93.29968
  vertex -16.688759 33.035934 62.81094
 endloop
endfacet
facet normal 0 1 0
 outer loop
  vertex -16.688759 33.035934 62.81094
  vertex -1.3623622e-08 33.035934 93.29968
  vertex -1.1459485e-08 33.035934 62.81094
 endloop
endfacet
facet normal 0 0.9807853 -0.19508992
 outer loop
  vertex -16.688759 33.035934 62.81094
  vertex -1.1459485e-08 33.035934 62.81094
  vertex -16.688759 32.421688 59.722908
 endloop
endfacet
facet normal 0 0.9807853 -0.19508992
 outer loop
  vertex -16.688759 32.421688 59.722908
  vertex -1.1459485e-08 33.035934 62.81094
  vertex -1.1277222e-08 32.421688 59.722908
 endloop
endfacet
facet normal 0 0.83146936 -0.55557054
 outer loop
  vertex -16.688759 32.421688 59.722908
  vertex -1.1277222e-08 32.421688 59.722908
  vertex -16.688759 30.672459 57.105003
 endloop
endfacet
facet normal 0 0.83146936 -0.55557054
 outer loop
  vertex -16.688759 30.672459 57.105003
  vertex -1.1277222e-08 32.421688 59.722908
  vertex -1.1196566e-08 30.672459 57.105003
 endloop
endfacet
facet normal 0 0.5730306 -0.819534
 outer loop
  vertex -16.688759 30.672459 57.105003
  vertex -1.1196566e-08 30.672459 57.105003
  vertex -16.688759 27.29228 54.74153
 endloop
endfacet
facet normal 0.006583682 0.55098313 -0.8344904
 outer loop
  vertex -16.688759 27.29228 54.74153
  vertex -1.1196566e-08 30.672459 57.105003
  vertex -1.12440155e-08 27.092867 54.74153
 endloop
endfacet
facet normal 1 -0 0
 outer loop
  vertex -16.688759 33.611774 99.39935
  vertex -16.688759 31.085205 99.901924
  vertex -16.688759 28.960258 99.39935
 endloop
endfacet
facet normal 1 -0 0
 outer loop
  vertex -16.688759 28.960258 99.39935
  vertex -16.688759 31.085205 99.901924
  vertex -16.688759 26.43369 99.901924
 endloop
endfacet
facet normal 1 -0 0
 outer loop
  vertex -16.688759 35.753696 97.96817
  vertex -16.688759 33.611774 99.39935
  vertex -16.688759 31.102182 97.96817
 endloop
endfacet
facet normal 1 -0 0
 outer loop
  vertex -16.688759 31.102182 97.96817
  vertex -16.688759 33.611774 99.39935
  vertex -16.688759 28.960258 99.39935
 endloop
endfacet
facet normal 1 -0 0
 outer loop
  vertex -16.688759 37.184883 95.826256
  vertex -16.688759 35.753696 97.96817
  vertex -16.688759 32.53337 95.826256
 endloop
endfacet
facet normal 1 -0 0
 outer loop
  vertex -16.688759 32.53337 95.826256
  vertex -16.688759 35.753696 97.96817
  vertex -16.688759 31.102182 97.96817
 endloop
endfacet
facet normal 1 -0 0
 outer loop
  vertex -16.688759 37.687447 93.29968
  vertex -16.688759 37.184883 95.826256
  vertex -16.688759 33.035934 93.29968
 endloop
endfacet
facet normal 1 -0 0
 outer loop
  vertex -16.688759 33.035934 93.29968
  vertex -16.688759 37.184883 95.826256
  vertex -16.688759 32.53337 95.826256
 endloop
endfacet
facet normal 1 -0 0
 outer loop
  vertex -16.688759 37.687447 62.81094
  vertex -16.688759 37.687447 93.29968
  vertex -16.688759 33.035934 62.81094
 endloop
endfacet
facet normal 1 -0 0
 outer loop
  vertex -16.688759 33.035934 62.81094
  vertex -16.688759 37.687447 93.29968
  vertex -16.688759 33.035934 93.29968
 endloop
endfacet
facet normal 1 0 -0
 outer loop
  vertex -16.688759 37.687447 62.81094
  vertex -16.688759 33.035934 62.81094
  vertex -16.688759 37.0732 59.722908
 endloop
endfacet
facet normal 1 -0 0
 outer loop
  vertex -16.688759 37.0732 59.722908
  vertex -16.688759 33.035934 62.81094
  vertex -16.688759 32.421688 59.722908
 endloop
endfacet
facet normal 1 0 -0
 outer loop
  vertex -16.688759 37.0732 59.722908
  vertex -16.688759 32.421688 59.722908
  vertex -16.688759 35.323975 57.105003
 endloop
endfacet
facet normal 1 -0 0
 outer loop
  vertex -16.688759 35.323975 57.105003
  vertex -16.688759 32.421688 59.722908
  vertex -16.688759 30.672459 57.105003
 endloop
endfacet
facet normal 1 0 -0
 outer loop
  vertex -16.688759 35.323975 57.105003
  vertex -16.688759 30.672459 57.105003
  vertex -16.688759 32.706066 55.355778
 endloop
endfacet
facet normal 1 -0 0
 outer loop
  vertex -16.688759 32.706066 55.355778
  vertex -16.688759 30.672459 57.105003
  vertex -16.688759 27.29228 54.74153
 endloop
endfacet
facet normal 0 0 1
 outer loop
  vertex -16.688759 -28.901636 99.901924
  vertex -15.342871 -28.901608 99.901924
  vertex -16.688759 26.43369 99.901924
 endloop
endfacet
facet normal 0 0 1
 outer loop
  vertex -16.688759 26.43369 99.901924
  vertex -15.342871 -28.901608 99.901924
  vertex -1.44892e-08 26.43369 99.901924
 endloop
endfacet
facet normal -1.4606791e-10 -6.986949e-08 -1
 outer loop
  vertex -1.4526535e-08 -27.504599 54.741535
  vertex -16.688759 -27.46971 54.741535
  vertex -1.12440155e-08 27.092867 54.74153
 endloop
endfacet
facet normal -8.3235946e-10 -6.965958e-08 -1
 outer loop
  vertex -1.12440155e-08 27.092867 54.74153
  vertex -16.688759 -27.46971 54.741535
  vertex -16.688759 27.29228 54.74153
 endloop
endfacet
facet normal -0.25796875 -0.26537323 0.9289936
 outer loop
  vertex -16.207195 -32.885063 99.80473
  vertex -16.207195 -35.892174 98.94573
  vertex -15.169569 -33.5535 99.901924
 endloop
endfacet
facet normal -0.42097226 -0.17696305 0.88964397
 outer loop
  vertex -15.169569 -33.5535 99.901924
  vertex -16.207195 -35.892174 98.94573
  vertex -15.169569 -36.08007 99.39935
 endloop
endfacet
facet normal -0.87411326 -0.16151197 0.45808306
 outer loop
  vertex -16.688759 -31.428556 99.39935
  vertex -16.688759 -35.487312 97.96831
  vertex -16.207195 -32.885063 99.80473
 endloop
endfacet
facet normal -0.90911746 -0.114410944 0.40051916
 outer loop
  vertex -16.207195 -32.885063 99.80473
  vertex -16.688759 -35.487312 97.96831
  vertex -16.207195 -35.892174 98.94573
 endloop
endfacet
facet normal -0.9070727 -0.41288525 -0.082127444
 outer loop
  vertex -16.207195 -39.08787 59.910805
  vertex -16.207195 -39.674175 62.85837
  vertex -16.688759 -38.11045 60.31567
 endloop
endfacet
facet normal -0.90707314 -0.4128843 -0.08212678
 outer loop
  vertex -16.688759 -38.11045 60.31567
  vertex -16.207195 -39.674175 62.85837
  vertex -16.688759 -38.636547 62.960567
 endloop
endfacet
facet normal -0.42097473 -0.8896435 -0.1769596
 outer loop
  vertex -15.169569 -39.541496 59.722908
  vertex -15.169569 -40.15574 62.81094
  vertex -16.207195 -39.08787 59.910805
 endloop
endfacet
facet normal -0.42097396 -0.88964385 -0.17695999
 outer loop
  vertex -16.207195 -39.08787 59.910805
  vertex -15.169569 -40.15574 62.81094
  vertex -16.207195 -39.674175 62.85837
 endloop
endfacet
facet normal 0 -0.19509226 0.9807849
 outer loop
  vertex -1.8095761e-08 -33.5535 99.901924
  vertex -15.169569 -33.5535 99.901924
  vertex -1.821199e-08 -36.08007 99.39935
 endloop
endfacet
facet normal 0 -0.19509226 0.9807849
 outer loop
  vertex -1.821199e-08 -36.08007 99.39935
  vertex -15.169569 -33.5535 99.901924
  vertex -15.169569 -36.08007 99.39935
 endloop
endfacet
facet normal 0 -0.55556923 0.8314703
 outer loop
  vertex -1.821199e-08 -36.08007 99.39935
  vertex -15.169569 -36.08007 99.39935
  vertex -1.8239179e-08 -38.221992 97.96817
 endloop
endfacet
facet normal 0 -0.55556923 0.8314703
 outer loop
  vertex -1.8239179e-08 -38.221992 97.96817
  vertex -15.169569 -36.08007 99.39935
  vertex -15.169569 -38.221992 97.96817
 endloop
endfacet
facet normal 0 -0.83146936 0.5555706
 outer loop
  vertex -1.8239179e-08 -38.221992 97.96817
  vertex -15.169569 -38.221992 97.96817
  vertex -1.817319e-08 -39.653175 95.826256
 endloop
endfacet
facet normal 0 -0.83146936 0.5555706
 outer loop
  vertex -1.817319e-08 -39.653175 95.826256
  vertex -15.169569 -38.221992 97.96817
  vertex -15.169569 -39.653175 95.826256
 endloop
endfacet
facet normal 0 -0.9807855 0.19508913
 outer loop
  vertex -1.817319e-08 -39.653175 95.826256
  vertex -15.169569 -39.653175 95.826256
  vertex -1.8024064e-08 -40.15574 93.29968
 endloop
endfacet
facet normal 0 -0.9807855 0.19508913
 outer loop
  vertex -1.8024064e-08 -40.15574 93.29968
  vertex -15.169569 -39.653175 95.826256
  vertex -15.169569 -40.15574 93.29968
 endloop
endfacet
facet normal -0 -0.9807856 -0.19508874
 outer loop
  vertex -15.169569 -39.541496 59.722908
  vertex -1.5603804e-08 -39.541496 59.722908
  vertex -5.1526475 -40.15574 62.81094
 endloop
endfacet
facet normal 0 -0.83146936 -0.55557054
 outer loop
  vertex -1.5603804e-08 -39.541496 59.722908
  vertex -15.169569 -39.541496 59.722908
  vertex -1.5312814e-08 -37.792267 57.105003
 endloop
endfacet
facet normal 0 -0.83146936 -0.55557054
 outer loop
  vertex -1.5312814e-08 -37.792267 57.105003
  vertex -15.169569 -39.541496 59.722908
  vertex -15.169569 -37.792267 57.105003
 endloop
endfacet
facet normal 0 -0.5555697 -0.83147
 outer loop
  vertex -1.5312814e-08 -37.792267 57.105003
  vertex -15.169569 -37.792267 57.105003
  vertex -1.5031258e-08 -35.174362 55.355778
 endloop
endfacet
facet normal 0 -0.5555697 -0.83147
 outer loop
  vertex -1.5031258e-08 -35.174362 55.355778
  vertex -15.169569 -37.792267 57.105003
  vertex -15.169569 -35.174362 55.355778
 endloop
endfacet
facet normal 0 -0.19509016 -0.9807853
 outer loop
  vertex -1.5031258e-08 -35.174362 55.355778
  vertex -15.169569 -35.174362 55.355778
  vertex -1.4801998e-08 -32.086334 54.74153
 endloop
endfacet
facet normal -2.4709553e-07 -0.19508898 -0.98078555
 outer loop
  vertex -1.4801998e-08 -32.086334 54.74153
  vertex -15.169569 -35.174362 55.355778
  vertex -15.169569 -32.086334 54.741535
 endloop
endfacet
facet normal -1 0 0
 outer loop
  vertex -16.688759 -31.428556 99.39935
  vertex -16.688759 -33.570477 97.96817
  vertex -16.688759 -35.487312 97.96831
 endloop
endfacet
facet normal -1 0 0
 outer loop
  vertex -16.688759 -35.487312 97.96831
  vertex -16.688759 -33.570477 97.96817
  vertex -16.688759 -37.126717 96.872894
 endloop
endfacet
facet normal -1 0 0
 outer loop
  vertex -16.688759 -33.570477 97.96817
  vertex -16.688759 -35.001663 95.826256
  vertex -16.688759 -37.126717 96.872894
 endloop
endfacet
facet normal -1 0 0
 outer loop
  vertex -16.688759 -37.126717 96.872894
  vertex -16.688759 -35.001663 95.826256
  vertex -16.688759 -38.22213 95.2335
 endloop
endfacet
facet normal -1 0 0
 outer loop
  vertex -16.688759 -35.001663 95.826256
  vertex -16.688759 -35.50423 93.29968
  vertex -16.688759 -38.22213 95.2335
 endloop
endfacet
facet normal -1 0 0
 outer loop
  vertex -16.688759 -38.22213 95.2335
  vertex -16.688759 -35.50423 93.29968
  vertex -16.688759 -38.636547 93.15006
 endloop
endfacet
facet normal -1 0 -0
 outer loop
  vertex -16.688759 -34.88998 59.722908
  vertex -16.688759 -38.11045 60.31567
  vertex -16.688759 -35.50423 62.81094
 endloop
endfacet
facet normal -1 0 0
 outer loop
  vertex -16.688759 -35.50423 62.81094
  vertex -16.688759 -38.11045 60.31567
  vertex -16.688759 -38.636547 62.960567
 endloop
endfacet
facet normal -1 0 0
 outer loop
  vertex -16.688759 -35.50423 93.29968
  vertex -16.688759 -35.50423 62.81094
  vertex -16.688759 -38.636547 93.15006
 endloop
endfacet
facet normal -1 0 0
 outer loop
  vertex -16.688759 -38.636547 93.15006
  vertex -16.688759 -35.50423 62.81094
  vertex -16.688759 -38.636547 62.960567
 endloop
endfacet
facet normal -1 0 -0
 outer loop
  vertex -16.688759 -33.140755 57.105003
  vertex -16.688759 -36.69699 58.20028
  vertex -16.688759 -34.88998 59.722908
 endloop
endfacet
facet normal -1 0 0
 outer loop
  vertex -16.688759 -34.88998 59.722908
  vertex -16.688759 -36.69699 58.20028
  vertex -16.688759 -38.11045 60.31567
 endloop
endfacet
facet normal -1 0 -0
 outer loop
  vertex -16.688759 -30.52285 55.355778
  vertex -16.688759 -34.581604 56.786823
  vertex -16.688759 -33.140755 57.105003
 endloop
endfacet
facet normal -1 0 0
 outer loop
  vertex -16.688759 -33.140755 57.105003
  vertex -16.688759 -34.581604 56.786823
  vertex -16.688759 -36.69699 58.20028
 endloop
endfacet
facet normal -1 0 0
 outer loop
  vertex -16.688759 -27.46971 54.741535
  vertex -16.688759 -29.977627 54.741535
  vertex -16.688759 -30.52285 55.355778
 endloop
endfacet
facet normal -1 0 0
 outer loop
  vertex -16.688759 -30.52285 55.355778
  vertex -16.688759 -29.977627 54.741535
  vertex -16.688759 -34.581604 56.786823
 endloop
endfacet
facet normal -0.81676584 -0.11254721 0.5658858
 outer loop
  vertex -16.207195 -32.885063 99.80473
  vertex -16.688759 -28.901636 99.901924
  vertex -16.688759 -31.428556 99.39935
 endloop
endfacet
facet normal 0 0 -1
 outer loop
  vertex -16.688759 -27.46971 54.741535
  vertex -1.4526535e-08 -27.504599 54.741535
  vertex -15.169569 -32.086334 54.741535
 endloop
endfacet
facet normal -2.514704e-07 8.3258783e-07 -1
 outer loop
  vertex -15.169569 -32.086334 54.741535
  vertex -1.4526535e-08 -27.504599 54.741535
  vertex -1.4801998e-08 -32.086334 54.74153
 endloop
endfacet
facet normal -0.907073 -0.2338816 0.35002565
 outer loop
  vertex -16.207195 -35.892174 98.94573
  vertex -16.688759 -35.487312 97.96831
  vertex -16.207195 -37.8748 97.62097
 endloop
endfacet
facet normal -0.90707153 -0.23388186 0.35002947
 outer loop
  vertex -16.207195 -37.8748 97.62097
  vertex -16.688759 -35.487312 97.96831
  vertex -16.688759 -37.126717 96.872894
 endloop
endfacet
facet normal -0.4209724 -0.5039421 0.75420463
 outer loop
  vertex -15.169569 -36.08007 99.39935
  vertex -16.207195 -35.892174 98.94573
  vertex -15.169569 -38.221992 97.96817
 endloop
endfacet
facet normal -0.42098135 -0.5039436 0.7541987
 outer loop
  vertex -15.169569 -38.221992 97.96817
  vertex -16.207195 -35.892174 98.94573
  vertex -16.207195 -37.8748 97.62097
 endloop
endfacet
facet normal -0.907072 -0.35002726 0.23388311
 outer loop
  vertex -16.207195 -37.8748 97.62097
  vertex -16.688759 -37.126717 96.872894
  vertex -16.207195 -39.199554 95.63836
 endloop
endfacet
facet normal -0.9070731 -0.35002607 0.23388067
 outer loop
  vertex -16.207195 -39.199554 95.63836
  vertex -16.688759 -37.126717 96.872894
  vertex -16.688759 -38.22213 95.2335
 endloop
endfacet
facet normal -0.42097953 -0.75420094 0.50394154
 outer loop
  vertex -15.169569 -38.221992 97.96817
  vertex -16.207195 -37.8748 97.62097
  vertex -15.169569 -39.653175 95.826256
 endloop
endfacet
facet normal -0.42097202 -0.75420177 0.5039466
 outer loop
  vertex -15.169569 -39.653175 95.826256
  vertex -16.207195 -37.8748 97.62097
  vertex -16.207195 -39.199554 95.63836
 endloop
endfacet
facet normal -0.90707314 -0.4128843 0.08212708
 outer loop
  vertex -16.207195 -39.199554 95.63836
  vertex -16.688759 -38.22213 95.2335
  vertex -16.207195 -39.674175 93.25226
 endloop
endfacet
facet normal -0.90707314 -0.41288424 0.08212704
 outer loop
  vertex -16.207195 -39.674175 93.25226
  vertex -16.688759 -38.22213 95.2335
  vertex -16.688759 -38.636547 93.15006
 endloop
endfacet
facet normal -0.42097205 -0.8896446 0.1769602
 outer loop
  vertex -15.169569 -39.653175 95.826256
  vertex -16.207195 -39.199554 95.63836
  vertex -15.169569 -40.15574 93.29968
 endloop
endfacet
facet normal -0.42097288 -0.8896443 0.17695972
 outer loop
  vertex -15.169569 -40.15574 93.29968
  vertex -16.207195 -39.199554 95.63836
  vertex -16.207195 -39.674175 93.25226
 endloop
endfacet
facet normal -0.90707296 -0.3500264 -0.23388082
 outer loop
  vertex -16.207195 -39.08787 59.910805
  vertex -16.688759 -38.11045 60.31567
  vertex -16.207195 -37.445076 57.452194
 endloop
endfacet
facet normal -0.9070724 -0.3500273 -0.2338809
 outer loop
  vertex -16.207195 -37.445076 57.452194
  vertex -16.688759 -38.11045 60.31567
  vertex -16.688759 -36.69699 58.20028
 endloop
endfacet
facet normal -0.4209746 -0.75420296 -0.5039427
 outer loop
  vertex -15.169569 -39.541496 59.722908
  vertex -16.207195 -39.08787 59.910805
  vertex -15.169569 -37.792267 57.105003
 endloop
endfacet
facet normal -0.4209766 -0.75420177 -0.5039429
 outer loop
  vertex -15.169569 -37.792267 57.105003
  vertex -16.207195 -39.08787 59.910805
  vertex -16.207195 -37.445076 57.452194
 endloop
endfacet
facet normal -0.4209736 -0.9070729 0
 outer loop
  vertex -15.169569 -40.15574 75.544174
  vertex -16.207195 -39.674175 62.85837
  vertex -15.169569 -40.15574 62.81094
 endloop
endfacet
facet normal -0.9070732 -0.42097297 0
 outer loop
  vertex -16.207195 -39.674175 93.25226
  vertex -16.688759 -38.636547 93.15006
  vertex -16.207195 -39.674175 62.85837
 endloop
endfacet
facet normal -0.90707314 -0.42097294 0
 outer loop
  vertex -16.207195 -39.674175 62.85837
  vertex -16.688759 -38.636547 93.15006
  vertex -16.688759 -38.636547 62.960567
 endloop
endfacet
facet normal -0.90707254 -0.23388095 -0.3500274
 outer loop
  vertex -16.207195 -37.445076 57.452194
  vertex -16.688759 -36.69699 58.20028
  vertex -16.207195 -34.986465 55.809402
 endloop
endfacet
facet normal -0.90707266 -0.23388064 -0.35002723
 outer loop
  vertex -16.207195 -34.986465 55.809402
  vertex -16.688759 -36.69699 58.20028
  vertex -16.688759 -34.581604 56.786823
 endloop
endfacet
facet normal -0.42097643 -0.50394154 -0.7542028
 outer loop
  vertex -15.169569 -37.792267 57.105003
  vertex -16.207195 -37.445076 57.452194
  vertex -15.169569 -35.174362 55.355778
 endloop
endfacet
facet normal -0.4209746 -0.5039426 -0.7542031
 outer loop
  vertex -15.169569 -35.174362 55.355778
  vertex -16.207195 -37.445076 57.452194
  vertex -16.207195 -34.986465 55.809402
 endloop
endfacet
facet normal -0.90891564 -0.11027744 -0.4021334
 outer loop
  vertex -16.207195 -34.986465 55.809402
  vertex -16.688759 -34.581604 56.786823
  vertex -16.167706 -31.4179 54.741535
 endloop
endfacet
facet normal -0.7465887 -0.2700963 -0.6079912
 outer loop
  vertex -16.167706 -31.4179 54.741535
  vertex -16.688759 -34.581604 56.786823
  vertex -16.688759 -29.977627 54.741535
 endloop
endfacet
facet normal -0.42097473 -0.17695981 -0.88964343
 outer loop
  vertex -15.169569 -35.174362 55.355778
  vertex -16.207195 -34.986465 55.809402
  vertex -15.169569 -32.086334 54.741535
 endloop
endfacet
facet normal -0.18731345 -0.27970502 -0.94163626
 outer loop
  vertex -15.169569 -32.086334 54.741535
  vertex -16.207195 -34.986465 55.809402
  vertex -16.167706 -31.4179 54.741535
 endloop
endfacet
facet normal 5.185022e-07 -0.024391484 0.9997025
 outer loop
  vertex -16.207195 -32.885063 99.80473
  vertex -15.342871 -28.901608 99.901924
  vertex -16.688759 -28.901636 99.901924
 endloop
endfacet
facet normal -0.09553018 -0.0035588827 0.9954202
 outer loop
  vertex -15.342871 -28.901608 99.901924
  vertex -16.207195 -32.885063 99.80473
  vertex -15.169569 -33.5535 99.901924
 endloop
endfacet
facet normal 0 0 1
 outer loop
  vertex -15.342871 -28.901608 99.901924
  vertex -15.169569 -33.5535 99.901924
  vertex -1.781606e-08 -28.901287 99.901924
 endloop
endfacet
facet normal 0 -0 1
 outer loop
  vertex -1.781606e-08 -28.901287 99.901924
  vertex -15.169569 -33.5535 99.901924
  vertex -1.8095761e-08 -33.5535 99.901924
 endloop
endfacet
facet normal -0 -0 -1
 outer loop
  vertex -16.167706 -31.4179 54.741535
  vertex -16.688759 -27.46971 54.741535
  vertex -15.169569 -32.086334 54.741535
 endloop
endfacet
facet normal 0 0 -1
 outer loop
  vertex -16.688759 -27.46971 54.741535
  vertex -16.167706 -31.4179 54.741535
  vertex -16.688759 -29.977627 54.741535
 endloop
endfacet
facet normal -4.7102594e-07 -1 6.149505e-07
 outer loop
  vertex -4.9106293 -40.155746 88.751076
  vertex -15.169569 -40.15574 93.29968
  vertex -11.410368 -40.155746 83.77255
 endloop
endfacet
facet normal 1.5536491e-06 -1 0
 outer loop
  vertex -1.8024064e-08 -40.15574 93.29968
  vertex -4.9106293 -40.155746 88.751076
  vertex -1.7745371e-08 -40.15574 89.373405
 endloop
endfacet
facet normal -0 -1 -1.5956382e-06
 outer loop
  vertex -11.583238 -40.155746 67.59235
  vertex -15.169569 -40.15574 62.81094
  vertex -5.1526475 -40.15574 62.81094
 endloop
endfacet
facet normal -2.0295254e-06 -1 0
 outer loop
  vertex -15.169569 -40.15574 93.29968
  vertex -15.169569 -40.15574 75.544174
  vertex -11.410368 -40.155746 83.77255
 endloop
endfacet
facet normal -5.848446e-06 -1 1.7447046e-06
 outer loop
  vertex -11.410368 -40.155746 83.77255
  vertex -15.169569 -40.15574 75.544174
  vertex -13.865057 -40.155746 75.54416
 endloop
endfacet
facet normal -5.848486e-06 -1 -1.6782574e-06
 outer loop
  vertex -13.865057 -40.155746 75.54416
  vertex -15.169569 -40.15574 75.544174
  vertex -11.583238 -40.155746 67.59235
 endloop
endfacet
facet normal -2.1273534e-06 -1 0
 outer loop
  vertex -11.583238 -40.155746 67.59235
  vertex -15.169569 -40.15574 75.544174
  vertex -15.169569 -40.15574 62.81094
 endloop
endfacet
facet normal -0.42097357 -0.9070729 0
 outer loop
  vertex -15.169569 -40.15574 93.29968
  vertex -16.207195 -39.674175 93.25226
  vertex -15.169569 -40.15574 75.544174
 endloop
endfacet
facet normal -0.42097357 -0.90707284 0
 outer loop
  vertex -15.169569 -40.15574 75.544174
  vertex -16.207195 -39.674175 93.25226
  vertex -16.207195 -39.674175 62.85837
 endloop
endfacet
facet normal 0 -0.9807856 -0.19508874
 outer loop
  vertex -15.169569 -39.541496 59.722908
  vertex -5.1526475 -40.15574 62.81094
  vertex -15.169569 -40.15574 62.81094
 endloop
endfacet
facet normal 0 -0.9807856 -0.19508876
 outer loop
  vertex -5.1526475 -40.15574 62.81094
  vertex -1.5603804e-08 -39.541496 59.722908
  vertex -1.5859927e-08 -40.15574 62.81094
 endloop
endfacet
facet normal 0 -1 1.6773037e-06
 outer loop
  vertex -1.8024064e-08 -40.15574 93.29968
  vertex -15.169569 -40.15574 93.29968
  vertex -4.9106293 -40.155746 88.751076
 endloop
endfacet
facet normal 0 -1 7.5122364e-07
 outer loop
  vertex -16.688759 -35.50423 62.81094
  vertex -20.298996 -35.504223 72.966896
  vertex -33.421494 -35.50423 62.81094
 endloop
endfacet
facet normal 5.81398e-07 -1 0
 outer loop
  vertex -33.421494 -35.50423 62.81094
  vertex -20.298996 -35.504223 72.966896
  vertex -33.421494 -35.50423 72.58558
 endloop
endfacet
facet normal -2.1132669e-06 -1 -0
 outer loop
  vertex -16.688759 -35.50423 62.81094
  vertex -16.688759 -35.50423 93.29968
  vertex -20.298996 -35.504223 72.966896
 endloop
endfacet
facet normal 0 -1 -3.7522622e-07
 outer loop
  vertex -20.298996 -35.504223 72.966896
  vertex -16.688759 -35.50423 93.29968
  vertex -20.476948 -35.50423 93.29968
 endloop
endfacet
facet normal -0.19508982 -0.98078537 -2.1124148e-07
 outer loop
  vertex -34.738514 -35.242256 91.880615
  vertex -36.30174 -34.931313 93.29968
  vertex -34.662243 -35.257423 73.57701
 endloop
endfacet
facet normal -0.19508736 -0.9807859 0
 outer loop
  vertex -34.662243 -35.257423 73.57701
  vertex -36.30174 -34.931313 93.29968
  vertex -36.30174 -34.931313 62.81094
 endloop
endfacet
facet normal -0.19509082 -0.98078513 -1.3730702e-06
 outer loop
  vertex -33.421494 -35.50423 93.29968
  vertex -36.30174 -34.931313 93.29968
  vertex -34.738514 -35.242256 91.880615
 endloop
endfacet
facet normal 0 -0.9807853 0.19509056
 outer loop
  vertex -16.688759 -35.001663 95.826256
  vertex -20.476948 -35.50423 93.29968
  vertex -16.688759 -35.50423 93.29968
 endloop
endfacet
facet normal -1 -0 -0
 outer loop
  vertex -40.947937 10.497836 92.259674
  vertex -40.947937 9.1778 93.29968
  vertex -40.947937 30.160997 93.29968
 endloop
endfacet
facet normal -1 0 2.9065204e-06
 outer loop
  vertex -40.947945 -19.467464 90.67476
  vertex -40.947937 -20.350931 93.29968
  vertex -40.947937 -9.455799 93.29968
 endloop
endfacet
facet normal -1 0 0
 outer loop
  vertex -40.947945 -11.373366 91.788895
  vertex -40.947945 -11.9739485 91.071106
  vertex -40.947945 -19.467464 90.67476
 endloop
endfacet
facet normal -1 -8.422663e-07 6.1189903e-06
 outer loop
  vertex -40.947937 -9.455799 93.29968
  vertex -40.947945 -11.373366 91.788895
  vertex -40.947945 -19.467464 90.67476
 endloop
endfacet
facet normal -1 0 -0
 outer loop
  vertex -40.947937 11.095367 91.788895
  vertex -40.947937 10.497836 92.259674
  vertex -40.947937 30.160997 93.29968
 endloop
endfacet
facet normal -1 0 0
 outer loop
  vertex -40.947937 30.160997 93.29968
  vertex -40.947937 14.38763 86.838036
  vertex -40.947937 13.204086 89.26865
 endloop
endfacet
facet normal -1 -0 0
 outer loop
  vertex -40.947937 11.095367 91.788895
  vertex -40.947937 30.160997 93.29968
  vertex -40.947937 13.204086 89.26865
 endloop
endfacet
facet normal -1 0 0
 outer loop
  vertex -40.947945 -14.897005 75.196465
  vertex -40.947945 -14.731053 74.90939
  vertex -40.947945 -20.277302 72.637344
 endloop
endfacet
facet normal -1 -0 0
 outer loop
  vertex -40.947945 -19.467464 90.67476
  vertex -40.947945 -11.9739485 91.071106
  vertex -40.947945 -13.482085 89.26865
 endloop
endfacet
facet normal -1 0 0
 outer loop
  vertex -40.947945 -19.467464 90.67476
  vertex -40.947945 -13.482085 89.26865
  vertex -40.947945 -14.6816635 86.80511
 endloop
endfacet
facet normal -1 0 0
 outer loop
  vertex -40.947945 -15.920653 78.5601
  vertex -40.947945 -14.897005 75.196465
  vertex -40.947945 -20.277302 72.637344
 endloop
endfacet
facet normal -1 0 0
 outer loop
  vertex -40.947945 -15.932274 81.12074
  vertex -40.947945 -15.920653 78.5601
  vertex -40.947945 -20.277302 72.637344
 endloop
endfacet
facet normal -1 -0 0
 outer loop
  vertex -40.947945 -20.277302 72.637344
  vertex -40.947945 -19.467464 90.67476
  vertex -40.947945 -14.6816635 86.80511
 endloop
endfacet
facet normal -1 0 0
 outer loop
  vertex -40.947945 -15.345268 83.788864
  vertex -40.947945 -15.932274 81.12074
  vertex -40.947945 -20.277302 72.637344
 endloop
endfacet
facet normal -1 -0 0
 outer loop
  vertex -40.947945 -20.277302 72.637344
  vertex -40.947945 -14.6816635 86.80511
  vertex -40.947945 -15.345268 83.788864
 endloop
endfacet
facet normal -1 0 -0
 outer loop
  vertex -40.947937 14.403666 86.80511
  vertex -40.947937 14.38763 86.838036
  vertex -40.947937 30.160997 93.29968
 endloop
endfacet
facet normal -1 0 -0
 outer loop
  vertex -40.947937 30.160997 62.81094
  vertex -40.947937 7.334551 67.257996
  vertex -40.947937 11.254431 69.743546
 endloop
endfacet
facet normal -1 0 0
 outer loop
  vertex -40.947937 11.9243965 70.535286
  vertex -40.947937 13.394574 73.07845
  vertex -40.947937 14.619006 75.196465
 endloop
endfacet
facet normal -1 0 -0
 outer loop
  vertex -40.947937 30.160997 62.81094
  vertex -40.947937 11.254431 69.743546
  vertex -40.947937 11.9243965 70.535286
 endloop
endfacet
facet normal -1 -0 0
 outer loop
  vertex -40.947937 14.403666 86.80511
  vertex -40.947937 30.160997 93.29968
  vertex -40.947937 30.160997 62.81094
 endloop
endfacet
facet normal -1 0 0
 outer loop
  vertex -40.947937 15.654276 81.12074
  vertex -40.947937 14.981541 84.17844
  vertex -40.947937 14.403666 86.80511
 endloop
endfacet
facet normal -1 0 0
 outer loop
  vertex -40.947937 15.642654 78.5601
  vertex -40.947937 15.650345 80.25481
  vertex -40.947937 15.654276 81.12074
 endloop
endfacet
facet normal 1 0 0
 outer loop
  vertex -40.947937 14.619006 75.196465
  vertex -40.947937 14.99029 76.41647
  vertex -40.947937 15.642654 78.5601
 endloop
endfacet
facet normal -1 0 -0
 outer loop
  vertex -40.947937 30.160997 62.81094
  vertex -40.947937 11.9243965 70.535286
  vertex -40.947937 14.619006 75.196465
 endloop
endfacet
facet normal -1 -0 -0
 outer loop
  vertex -40.947937 15.654276 81.12074
  vertex -40.947937 14.403666 86.80511
  vertex -40.947937 30.160997 62.81094
 endloop
endfacet
facet normal -1 0 -0
 outer loop
  vertex -40.947937 30.160997 62.81094
  vertex -40.947937 14.619006 75.196465
  vertex -40.947937 15.642654 78.5601
 endloop
endfacet
facet normal -1 0 -0
 outer loop
  vertex -40.947937 30.160997 62.81094
  vertex -40.947937 15.642654 78.5601
  vertex -40.947937 15.654276 81.12074
 endloop
endfacet
facet normal -1 -0 -0
 outer loop
  vertex -40.947945 -12.54696 71.13132
  vertex -40.947945 -20.277302 72.637344
  vertex -40.947945 -12.907667 71.75527
 endloop
endfacet
facet normal -1 -0 0
 outer loop
  vertex -40.947945 -20.277302 72.637344
  vertex -40.947945 -14.731053 74.90939
  vertex -40.947945 -12.907667 71.75527
 endloop
endfacet
facet normal 0 -0 1
 outer loop
  vertex -28.259373 30.798744 99.901924
  vertex -28.259373 -28.615524 99.901924
  vertex -16.688759 26.43369 99.901924
 endloop
endfacet
facet normal 0 -0 1
 outer loop
  vertex -16.688759 26.43369 99.901924
  vertex -28.259373 -28.615524 99.901924
  vertex -16.688759 -28.901636 99.901924
 endloop
endfacet
facet normal 0 -0 1
 outer loop
  vertex -32.141254 28.880756 99.901924
  vertex -32.141254 -26.697538 99.901924
  vertex -28.259373 30.798744 99.901924
 endloop
endfacet
facet normal 0 -0 1
 outer loop
  vertex -28.259373 30.798744 99.901924
  vertex -32.141254 -26.697538 99.901924
  vertex -28.259373 -28.615524 99.901924
 endloop
endfacet
facet normal 0 -0 1
 outer loop
  vertex -1.44892e-08 26.43369 99.901924
  vertex -15.342871 -28.901608 99.901924
  vertex -1.781606e-08 -28.901287 99.901924
 endloop
endfacet
facet normal 3.0931488e-07 -6.9659585e-08 -1
 outer loop
  vertex -16.688759 -27.46971 54.741535
  vertex -28.733149 -26.189365 54.74153
  vertex -16.688759 27.29228 54.74153
 endloop
endfacet
facet normal 0 0 -1
 outer loop
  vertex -16.688759 27.29228 54.74153
  vertex -28.733149 -26.189365 54.74153
  vertex -28.733149 28.372583 54.74153
 endloop
endfacet
facet normal -0.98078525 0 0.19509056
 outer loop
  vertex -40.947937 -20.350931 93.29968
  vertex -40.947937 -27.977776 93.29968
  vertex -40.44537 -27.475214 95.826256
 endloop
endfacet
facet normal -0.9807855 -0.19508934 0
 outer loop
  vertex -40.375023 -30.858025 62.81094
  vertex -40.947937 -27.977776 72.74777
  vertex -40.947937 -27.977776 62.81094
 endloop
endfacet
facet normal 0 0 1
 outer loop
  vertex -28.259373 30.798744 99.901924
  vertex -16.688759 26.43369 99.901924
  vertex -16.688759 31.085205 99.901924
 endloop
endfacet
facet normal 0 -0 1
 outer loop
  vertex -31.729834 -35.26485 94.655655
  vertex -31.729834 -36.735245 94.655655
  vertex -22.90525 -35.26485 94.655655
 endloop
endfacet
facet normal 0 -0 1
 outer loop
  vertex -22.90525 -35.26485 94.655655
  vertex -31.729834 -36.735245 94.655655
  vertex -22.90525 -36.735245 94.655655
 endloop
endfacet
facet normal -0 -0 -1
 outer loop
  vertex -31.729834 -36.735245 70.95921
  vertex -31.729834 -35.26485 70.95921
  vertex -22.90525 -36.735245 70.95921
 endloop
endfacet
facet normal -0 -0 -1
 outer loop
  vertex -22.90525 -36.735245 70.95921
  vertex -31.729834 -35.26485 70.95921
  vertex -22.90525 -35.26485 70.95921
 endloop
endfacet
facet normal 1 0 0
 outer loop
  vertex -18.493837 -36.735245 75.37063
  vertex -18.493837 -35.26485 75.37063
  vertex -18.493837 -36.735245 90.24426
 endloop
endfacet
facet normal 1 0 0
 outer loop
  vertex -18.493837 -36.735245 90.24426
  vertex -18.493837 -35.26485 75.37063
  vertex -18.493837 -35.26485 90.24426
 endloop
endfacet
facet normal -1 0 -0
 outer loop
  vertex -36.141247 -35.26485 75.37063
  vertex -36.141247 -36.735245 75.37063
  vertex -36.141247 -35.26485 90.24426
 endloop
endfacet
facet normal -1 0 0
 outer loop
  vertex -36.141247 -35.26485 90.24426
  vertex -36.141247 -36.735245 75.37063
  vertex -36.141247 -36.735245 90.24426
 endloop
endfacet
facet normal -0.965926 0 0.25881848
 outer loop
  vertex -36.141247 -36.735245 90.24426
  vertex -35.550236 -36.735245 92.44995
  vertex -36.141247 -35.26485 90.24426
 endloop
endfacet
facet normal -0.965926 0 0.25881848
 outer loop
  vertex -36.141247 -35.26485 90.24426
  vertex -35.550236 -36.735245 92.44995
  vertex -35.550236 -35.26485 92.44995
 endloop
endfacet
facet normal -0.70711184 0 0.7071018
 outer loop
  vertex -35.550236 -36.735245 92.44995
  vertex -33.935543 -36.735245 94.06467
  vertex -35.550236 -35.26485 92.44995
 endloop
endfacet
facet normal -0.70711094 1.8344838e-06 0.7071026
 outer loop
  vertex -35.550236 -35.26485 92.44995
  vertex -33.935543 -36.735245 94.06467
  vertex -33.93554 -35.26485 94.06467
 endloop
endfacet
facet normal -0.25880682 6.745698e-07 0.9659291
 outer loop
  vertex -33.935543 -36.735245 94.06467
  vertex -31.729834 -36.735245 94.655655
  vertex -33.93554 -35.26485 94.06467
 endloop
endfacet
facet normal -0.25880724 0 0.965929
 outer loop
  vertex -33.93554 -35.26485 94.06467
  vertex -31.729834 -36.735245 94.655655
  vertex -31.729834 -35.26485 94.655655
 endloop
endfacet
facet normal 0.25880578 0 0.9659294
 outer loop
  vertex -22.90525 -36.735245 94.655655
  vertex -20.699532 -36.735245 94.06467
  vertex -22.90525 -35.26485 94.655655
 endloop
endfacet
facet normal 0.25880578 0 0.9659294
 outer loop
  vertex -22.90525 -35.26485 94.655655
  vertex -20.699532 -36.735245 94.06467
  vertex -20.699532 -35.26485 94.06467
 endloop
endfacet
facet normal 0.7071126 0 0.7071009
 outer loop
  vertex -20.699532 -36.735245 94.06467
  vertex -19.084843 -36.735245 92.44995
  vertex -20.699532 -35.26485 94.06467
 endloop
endfacet
facet normal 0.7071126 0 0.7071009
 outer loop
  vertex -20.699532 -35.26485 94.06467
  vertex -19.084843 -36.735245 92.44995
  vertex -19.084843 -35.26485 92.44995
 endloop
endfacet
facet normal 0.9659266 0 0.25881615
 outer loop
  vertex -19.084843 -36.735245 92.44995
  vertex -18.493837 -36.735245 90.24426
  vertex -19.084843 -35.26485 92.44995
 endloop
endfacet
facet normal 0.9659266 0 0.25881615
 outer loop
  vertex -19.084843 -35.26485 92.44995
  vertex -18.493837 -36.735245 90.24426
  vertex -18.493837 -35.26485 90.24426
 endloop
endfacet
facet normal -0.25881973 0 -0.96592563
 outer loop
  vertex -31.729834 -36.735245 70.95921
  vertex -33.93554 -36.735245 71.55023
  vertex -31.729834 -35.26485 70.95921
 endloop
endfacet
facet normal -0.25881928 -6.7146436e-07 -0.96592575
 outer loop
  vertex -31.729834 -35.26485 70.95921
  vertex -33.93554 -36.735245 71.55023
  vertex -33.935543 -35.26485 71.55023
 endloop
endfacet
facet normal -0.70710766 -1.8461768e-06 -0.70710593
 outer loop
  vertex -33.93554 -36.735245 71.55023
  vertex -35.550236 -36.735245 73.16493
  vertex -33.935543 -35.26485 71.55023
 endloop
endfacet
facet normal -0.7071085 -0 -0.70710516
 outer loop
  vertex -33.935543 -35.26485 71.55023
  vertex -35.550236 -36.735245 73.16493
  vertex -35.550236 -35.26485 73.16493
 endloop
endfacet
facet normal -0.9659262 0 -0.25881764
 outer loop
  vertex -35.550236 -36.735245 73.16493
  vertex -36.141247 -36.735245 75.37063
  vertex -35.550236 -35.26485 73.16493
 endloop
endfacet
facet normal -0.9659262 -0 -0.25881764
 outer loop
  vertex -35.550236 -35.26485 73.16493
  vertex -36.141247 -36.735245 75.37063
  vertex -36.141247 -35.26485 75.37063
 endloop
endfacet
facet normal 0.96592677 0 -0.2588153
 outer loop
  vertex -18.493837 -36.735245 75.37063
  vertex -19.084843 -36.735245 73.16493
  vertex -18.493837 -35.26485 75.37063
 endloop
endfacet
facet normal 0.96592677 0 -0.2588153
 outer loop
  vertex -18.493837 -35.26485 75.37063
  vertex -19.084843 -36.735245 73.16493
  vertex -19.084843 -35.26485 73.16493
 endloop
endfacet
facet normal 0.70710933 0 -0.70710427
 outer loop
  vertex -19.084843 -36.735245 73.16493
  vertex -20.699532 -36.735245 71.55023
  vertex -19.084843 -35.26485 73.16493
 endloop
endfacet
facet normal 0.70710933 0 -0.70710427
 outer loop
  vertex -19.084843 -35.26485 73.16493
  vertex -20.699532 -36.735245 71.55023
  vertex -20.699532 -35.26485 71.55023
 endloop
endfacet
facet normal 0.25881824 0 -0.96592605
 outer loop
  vertex -20.699532 -36.735245 71.55023
  vertex -22.90525 -36.735245 70.95921
  vertex -20.699532 -35.26485 71.55023
 endloop
endfacet
facet normal 0.25881824 0 -0.96592605
 outer loop
  vertex -20.699532 -35.26485 71.55023
  vertex -22.90525 -36.735245 70.95921
  vertex -22.90525 -35.26485 70.95921
 endloop
endfacet
facet normal 0 -1 0
 outer loop
  vertex -22.90525 -36.735245 94.655655
  vertex -31.729834 -36.735245 94.655655
  vertex -23.177261 -36.735245 92.47818
 endloop
endfacet
facet normal 0 -1 0
 outer loop
  vertex -23.177261 -36.735245 92.47818
  vertex -31.729834 -36.735245 94.655655
  vertex -31.457829 -36.735245 92.47818
 endloop
endfacet
facet normal -0 -1 -0
 outer loop
  vertex -31.729834 -36.735245 70.95921
  vertex -22.90525 -36.735245 70.95921
  vertex -31.457819 -36.735245 73.13671
 endloop
endfacet
facet normal -0 -1 -0
 outer loop
  vertex -31.457819 -36.735245 73.13671
  vertex -22.90525 -36.735245 70.95921
  vertex -23.177267 -36.735245 73.13671
 endloop
endfacet
facet normal -0 -1 0
 outer loop
  vertex -36.141247 -36.735245 90.24426
  vertex -36.141247 -36.735245 75.37063
  vertex -33.963764 -36.735245 89.972244
 endloop
endfacet
facet normal -0 -1 0
 outer loop
  vertex -33.963764 -36.735245 89.972244
  vertex -36.141247 -36.735245 75.37063
  vertex -33.963764 -36.735245 75.642654
 endloop
endfacet
facet normal 0 -1 0
 outer loop
  vertex -18.493837 -36.735245 75.37063
  vertex -18.493837 -36.735245 90.24426
  vertex -20.671326 -36.735245 75.642654
 endloop
endfacet
facet normal 0 -1 -0
 outer loop
  vertex -20.671326 -36.735245 75.642654
  vertex -18.493837 -36.735245 90.24426
  vertex -20.671326 -36.735245 89.972244
 endloop
endfacet
facet normal -0 -1 0
 outer loop
  vertex -35.550236 -36.735245 92.44995
  vertex -36.141247 -36.735245 90.24426
  vertex -33.69664 -36.735245 91.395966
 endloop
endfacet
facet normal 0 -1 0
 outer loop
  vertex -33.69664 -36.735245 91.395966
  vertex -36.141247 -36.735245 90.24426
  vertex -33.963764 -36.735245 89.972244
 endloop
endfacet
facet normal 0 -1 0
 outer loop
  vertex -33.935543 -36.735245 94.06467
  vertex -35.550236 -36.735245 92.44995
  vertex -32.88156 -36.735245 92.211075
 endloop
endfacet
facet normal 0 -1 0
 outer loop
  vertex -32.88156 -36.735245 92.211075
  vertex -35.550236 -36.735245 92.44995
  vertex -33.69664 -36.735245 91.395966
 endloop
endfacet
facet normal -0 -1 0
 outer loop
  vertex -33.935543 -36.735245 94.06467
  vertex -32.88156 -36.735245 92.211075
  vertex -31.729834 -36.735245 94.655655
 endloop
endfacet
facet normal -0 -1 0
 outer loop
  vertex -31.729834 -36.735245 94.655655
  vertex -32.88156 -36.735245 92.211075
  vertex -31.457829 -36.735245 92.47818
 endloop
endfacet
facet normal 0 -1 0
 outer loop
  vertex -20.699532 -36.735245 94.06467
  vertex -22.90525 -36.735245 94.655655
  vertex -21.753513 -36.735245 92.211075
 endloop
endfacet
facet normal 0 -1 0
 outer loop
  vertex -21.753513 -36.735245 92.211075
  vertex -22.90525 -36.735245 94.655655
  vertex -23.177261 -36.735245 92.47818
 endloop
endfacet
facet normal 0 -1 0
 outer loop
  vertex -19.084843 -36.735245 92.44995
  vertex -20.699532 -36.735245 94.06467
  vertex -20.938437 -36.735245 91.395966
 endloop
endfacet
facet normal 0 -1 -0
 outer loop
  vertex -20.938437 -36.735245 91.395966
  vertex -20.699532 -36.735245 94.06467
  vertex -21.753513 -36.735245 92.211075
 endloop
endfacet
facet normal 0 -1 0
 outer loop
  vertex -19.084843 -36.735245 92.44995
  vertex -20.938437 -36.735245 91.395966
  vertex -18.493837 -36.735245 90.24426
 endloop
endfacet
facet normal 0 -1 0
 outer loop
  vertex -18.493837 -36.735245 90.24426
  vertex -20.938437 -36.735245 91.395966
  vertex -20.671326 -36.735245 89.972244
 endloop
endfacet
facet normal -0 -1 -0
 outer loop
  vertex -33.93554 -36.735245 71.55023
  vertex -31.729834 -36.735245 70.95921
  vertex -32.881557 -36.735245 73.403824
 endloop
endfacet
facet normal -0 -1 0
 outer loop
  vertex -32.881557 -36.735245 73.403824
  vertex -31.729834 -36.735245 70.95921
  vertex -31.457819 -36.735245 73.13671
 endloop
endfacet
facet normal -0 -1 0
 outer loop
  vertex -35.550236 -36.735245 73.16493
  vertex -33.93554 -36.735245 71.55023
  vertex -33.696648 -36.735245 74.21892
 endloop
endfacet
facet normal -0 -1 0
 outer loop
  vertex -33.696648 -36.735245 74.21892
  vertex -33.93554 -36.735245 71.55023
  vertex -32.881557 -36.735245 73.403824
 endloop
endfacet
facet normal 0 -1 -0
 outer loop
  vertex -35.550236 -36.735245 73.16493
  vertex -33.696648 -36.735245 74.21892
  vertex -36.141247 -36.735245 75.37063
 endloop
endfacet
facet normal -0 -1 -0
 outer loop
  vertex -36.141247 -36.735245 75.37063
  vertex -33.696648 -36.735245 74.21892
  vertex -33.963764 -36.735245 75.642654
 endloop
endfacet
facet normal 0 -1 -0
 outer loop
  vertex -19.084843 -36.735245 73.16493
  vertex -18.493837 -36.735245 75.37063
  vertex -20.938435 -36.735245 74.21891
 endloop
endfacet
facet normal 0 -1 -0
 outer loop
  vertex -20.938435 -36.735245 74.21891
  vertex -18.493837 -36.735245 75.37063
  vertex -20.671326 -36.735245 75.642654
 endloop
endfacet
facet normal 0 -1 -0
 outer loop
  vertex -20.699532 -36.735245 71.55023
  vertex -19.084843 -36.735245 73.16493
  vertex -21.753517 -36.735245 73.403824
 endloop
endfacet
facet normal -0 -1 -0
 outer loop
  vertex -21.753517 -36.735245 73.403824
  vertex -19.084843 -36.735245 73.16493
  vertex -20.938435 -36.735245 74.21891
 endloop
endfacet
facet normal 0 -1 0
 outer loop
  vertex -20.699532 -36.735245 71.55023
  vertex -21.753517 -36.735245 73.403824
  vertex -22.90525 -36.735245 70.95921
 endloop
endfacet
facet normal 0 -1 -0
 outer loop
  vertex -22.90525 -36.735245 70.95921
  vertex -21.753517 -36.735245 73.403824
  vertex -23.177267 -36.735245 73.13671
 endloop
endfacet
facet normal -0.82090265 0.5710681 0
 outer loop
  vertex -36.141247 -35.26485 75.37063
  vertex -36.141247 -35.26485 90.24426
  vertex -35.26253 -34.00171 76.11124
 endloop
endfacet
facet normal -0.82090265 0.5710681 0
 outer loop
  vertex -35.26253 -34.00171 76.11124
  vertex -36.141247 -35.26485 90.24426
  vertex -35.26253 -34.00171 89.50366
 endloop
endfacet
facet normal 0 0.89269 0.45067126
 outer loop
  vertex -31.729834 -35.26485 94.655655
  vertex -22.90525 -35.26485 94.655655
  vertex -31.290432 -34.669174 93.47574
 endloop
endfacet
facet normal 0 0.89269 0.45067126
 outer loop
  vertex -31.290432 -34.669174 93.47574
  vertex -22.90525 -35.26485 94.655655
  vertex -23.344652 -34.669174 93.47574
 endloop
endfacet
facet normal 0.5611169 0.8277366 -0
 outer loop
  vertex -18.493837 -35.26485 90.24426
  vertex -18.493837 -35.26485 75.37063
  vertex -19.372555 -34.669174 89.50366
 endloop
endfacet
facet normal 0.5611168 0.8277366 0
 outer loop
  vertex -19.372555 -34.669174 89.50366
  vertex -18.493837 -35.26485 75.37063
  vertex -19.372555 -34.669174 76.11124
 endloop
endfacet
facet normal 0 0.89269 -0.45067126
 outer loop
  vertex -22.90525 -35.26485 70.95921
  vertex -31.729834 -35.26485 70.95921
  vertex -23.344652 -34.669174 72.13913
 endloop
endfacet
facet normal 0 0.89269 -0.45067126
 outer loop
  vertex -23.344652 -34.669174 72.13913
  vertex -31.729834 -35.26485 70.95921
  vertex -31.290432 -34.669174 72.13913
 endloop
endfacet
facet normal -0.4799194 0.8678371 0.1285937
 outer loop
  vertex -35.550236 -35.26485 92.44995
  vertex -34.730373 -34.669174 91.4897
  vertex -36.141247 -35.26485 90.24426
 endloop
endfacet
facet normal -0.63014245 0.6692328 0.3937613
 outer loop
  vertex -36.141247 -35.26485 90.24426
  vertex -34.730373 -34.669174 91.4897
  vertex -35.26253 -34.00171 89.50366
 endloop
endfacet
facet normal -0.30246988 0.90389496 0.3024663
 outer loop
  vertex -33.93554 -35.26485 94.06467
  vertex -33.27648 -34.669174 92.9436
  vertex -35.550236 -35.26485 92.44995
 endloop
endfacet
facet normal -0.30247003 0.9038945 0.30246767
 outer loop
  vertex -35.550236 -35.26485 92.44995
  vertex -33.27648 -34.669174 92.9436
  vertex -34.730373 -34.669174 91.4897
 endloop
endfacet
facet normal -0.11108776 0.9031954 0.41460547
 outer loop
  vertex -33.93554 -35.26485 94.06467
  vertex -31.729834 -35.26485 94.655655
  vertex -33.27648 -34.669174 92.9436
 endloop
endfacet
facet normal -0.11108793 0.90319526 0.4146056
 outer loop
  vertex -33.27648 -34.669174 92.9436
  vertex -31.729834 -35.26485 94.655655
  vertex -31.290432 -34.669174 93.47574
 endloop
endfacet
facet normal 0.11108711 0.90319544 0.4146055
 outer loop
  vertex -20.699532 -35.26485 94.06467
  vertex -21.358593 -34.669174 92.9436
  vertex -22.90525 -35.26485 94.655655
 endloop
endfacet
facet normal 0.11108744 0.90319526 0.41460577
 outer loop
  vertex -22.90525 -35.26485 94.655655
  vertex -21.358593 -34.669174 92.9436
  vertex -23.344652 -34.669174 93.47574
 endloop
endfacet
facet normal 0.3024702 0.9038952 0.3024652
 outer loop
  vertex -20.699532 -35.26485 94.06467
  vertex -19.084843 -35.26485 92.44995
  vertex -21.358593 -34.669174 92.9436
 endloop
endfacet
facet normal 0.30247048 0.9038944 0.3024673
 outer loop
  vertex -21.358593 -34.669174 92.9436
  vertex -19.084843 -35.26485 92.44995
  vertex -19.904705 -34.669174 91.4897
 endloop
endfacet
facet normal 0.47992024 0.86783665 0.1285927
 outer loop
  vertex -19.084843 -35.26485 92.44995
  vertex -18.493837 -35.26485 90.24426
  vertex -19.904705 -34.669174 91.4897
 endloop
endfacet
facet normal 0.47992012 0.8678367 0.1285925
 outer loop
  vertex -19.904705 -34.669174 91.4897
  vertex -18.493837 -35.26485 90.24426
  vertex -19.372555 -34.669174 89.50366
 endloop
endfacet
facet normal -0.11109307 0.9031951 -0.4146046
 outer loop
  vertex -33.935543 -35.26485 71.55023
  vertex -33.27648 -34.669174 72.67129
  vertex -31.729834 -35.26485 70.95921
 endloop
endfacet
facet normal -0.1110923 0.90319544 -0.41460407
 outer loop
  vertex -31.729834 -35.26485 70.95921
  vertex -33.27648 -34.669174 72.67129
  vertex -31.290432 -34.669174 72.13913
 endloop
endfacet
facet normal -0.3024691 0.9038948 -0.3024677
 outer loop
  vertex -33.935543 -35.26485 71.55023
  vertex -35.550236 -35.26485 73.16493
  vertex -33.27648 -34.669174 72.67129
 endloop
endfacet
facet normal -0.302469 0.9038952 -0.3024666
 outer loop
  vertex -33.27648 -34.669174 72.67129
  vertex -35.550236 -35.26485 73.16493
  vertex -34.730373 -34.669174 74.12519
 endloop
endfacet
facet normal -0.479919 0.8678373 -0.12859316
 outer loop
  vertex -35.550236 -35.26485 73.16493
  vertex -36.141247 -35.26485 75.37063
  vertex -34.730373 -34.669174 74.12519
 endloop
endfacet
facet normal -0.630142 0.66923404 -0.39376003
 outer loop
  vertex -34.730373 -34.669174 74.12519
  vertex -36.141247 -35.26485 75.37063
  vertex -35.26253 -34.00171 76.11124
 endloop
endfacet
facet normal 0.47991994 0.86783695 -0.12859216
 outer loop
  vertex -19.084843 -35.26485 73.16493
  vertex -19.904705 -34.669174 74.12519
  vertex -18.493837 -35.26485 75.37063
 endloop
endfacet
facet normal 0.47991976 0.867837 -0.12859191
 outer loop
  vertex -18.493837 -35.26485 75.37063
  vertex -19.904705 -34.669174 74.12519
  vertex -19.372555 -34.669174 76.11124
 endloop
endfacet
facet normal 0.30246955 0.9038947 -0.3024674
 outer loop
  vertex -20.699532 -35.26485 71.55023
  vertex -21.358593 -34.669174 72.67129
  vertex -19.084843 -35.26485 73.16493
 endloop
endfacet
facet normal 0.30246937 0.90389514 -0.3024662
 outer loop
  vertex -19.084843 -35.26485 73.16493
  vertex -21.358593 -34.669174 72.67129
  vertex -19.904705 -34.669174 74.12519
 endloop
endfacet
facet normal 0.111092664 0.903195 -0.41460484
 outer loop
  vertex -20.699532 -35.26485 71.55023
  vertex -22.90525 -35.26485 70.95921
  vertex -21.358593 -34.669174 72.67129
 endloop
endfacet
facet normal 0.1110918 0.9031954 -0.4146042
 outer loop
  vertex -21.358593 -34.669174 72.67129
  vertex -22.90525 -35.26485 70.95921
  vertex -23.344652 -34.669174 72.13913
 endloop
endfacet
facet normal -0.15643498 0 0.9876883
 outer loop
  vertex -1.7865542e-08 -40.462044 90.806946
  vertex -4.7076483 -40.462044 90.061325
  vertex -1.796153e-08 -42.058598 90.806946
 endloop
endfacet
facet normal -0.15643498 0 0.9876883
 outer loop
  vertex -1.796153e-08 -42.058598 90.806946
  vertex -4.7076483 -40.462044 90.061325
  vertex -4.7076483 -42.058598 90.061325
 endloop
endfacet
facet normal -0.45399112 0 0.8910062
 outer loop
  vertex -4.7076483 -40.462044 90.061325
  vertex -8.954478 -40.462044 87.89745
  vertex -4.7076483 -42.058598 90.061325
 endloop
endfacet
facet normal -0.45399112 0 0.8910062
 outer loop
  vertex -4.7076483 -42.058598 90.061325
  vertex -8.954478 -40.462044 87.89745
  vertex -8.954478 -42.058598 87.89745
 endloop
endfacet
facet normal -0.7071059 0 0.7071077
 outer loop
  vertex -8.954478 -40.462044 87.89745
  vertex -12.3247795 -40.462044 84.52716
  vertex -8.954478 -42.058598 87.89745
 endloop
endfacet
facet normal -0.7071059 0 0.7071077
 outer loop
  vertex -8.954478 -42.058598 87.89745
  vertex -12.3247795 -40.462044 84.52716
  vertex -12.3247795 -42.058598 84.52716
 endloop
endfacet
facet normal -0.89100724 0 0.45398903
 outer loop
  vertex -12.3247795 -40.462044 84.52716
  vertex -14.488648 -40.462044 80.28031
  vertex -12.3247795 -42.058598 84.52716
 endloop
endfacet
facet normal -0.89100724 0 0.45398903
 outer loop
  vertex -12.3247795 -42.058598 84.52716
  vertex -14.488648 -40.462044 80.28031
  vertex -14.488648 -42.058598 80.28031
 endloop
endfacet
facet normal -0.9876883 0 0.15643491
 outer loop
  vertex -14.488648 -40.462044 80.28031
  vertex -15.234265 -40.462044 75.572685
  vertex -14.488648 -42.058598 80.28031
 endloop
endfacet
facet normal -0.9876883 0 0.15643491
 outer loop
  vertex -14.488648 -42.058598 80.28031
  vertex -15.234265 -40.462044 75.572685
  vertex -15.234265 -42.058598 75.572685
 endloop
endfacet
facet normal -0.9876884 0 -0.15643393
 outer loop
  vertex -15.234265 -40.462044 75.572685
  vertex -14.488648 -40.462044 70.86503
  vertex -15.234265 -42.058598 75.572685
 endloop
endfacet
facet normal -0.9876884 0 -0.15643393
 outer loop
  vertex -15.234265 -42.058598 75.572685
  vertex -14.488648 -40.462044 70.86503
  vertex -14.488648 -42.058598 70.86503
 endloop
endfacet
facet normal -0.8910066 0 -0.4539903
 outer loop
  vertex -12.3247795 -40.336014 66.618195
  vertex -12.3247795 -42.058598 66.618195
  vertex -14.488648 -40.462044 70.86503
 endloop
endfacet
facet normal -0.8910066 0 -0.45399034
 outer loop
  vertex -14.488648 -40.462044 70.86503
  vertex -12.3247795 -42.058598 66.618195
  vertex -14.488648 -42.058598 70.86503
 endloop
endfacet
facet normal -0.7071058 0 -0.7071078
 outer loop
  vertex -8.954477 -40.25659 63.247902
  vertex -8.954477 -42.058598 63.247902
  vertex -12.3247795 -40.336014 66.618195
 endloop
endfacet
facet normal -0.70710576 0 -0.7071078
 outer loop
  vertex -12.3247795 -40.336014 66.618195
  vertex -8.954477 -42.058598 63.247902
  vertex -12.3247795 -42.058598 66.618195
 endloop
endfacet
facet normal -0.45399112 0 -0.89100623
 outer loop
  vertex -4.7076473 -40.044918 61.08403
  vertex -4.7076473 -42.058598 61.08403
  vertex -8.954477 -40.25659 63.247902
 endloop
endfacet
facet normal -0.45399114 0 -0.8910062
 outer loop
  vertex -8.954477 -40.25659 63.247902
  vertex -4.7076473 -42.058598 61.08403
  vertex -8.954477 -42.058598 63.247902
 endloop
endfacet
facet normal -0.15643501 9.405199e-12 -0.9876883
 outer loop
  vertex -1.5671718e-08 -39.944416 60.33841
  vertex -1.5798827e-08 -42.058598 60.33841
  vertex -4.7076473 -40.044918 61.08403
 endloop
endfacet
facet normal -0.156435 0 -0.9876882
 outer loop
  vertex -4.7076473 -40.044918 61.08403
  vertex -1.5798827e-08 -42.058598 60.33841
  vertex -4.7076473 -42.058598 61.08403
 endloop
endfacet
facet normal 0 -1 0
 outer loop
  vertex -1.796153e-08 -42.058598 90.806946
  vertex -4.7076483 -42.058598 90.061325
  vertex -1.7776141e-08 -42.058598 88.19518
 endloop
endfacet
facet normal 0 -1 0
 outer loop
  vertex -1.7776141e-08 -42.058598 88.19518
  vertex -4.7076483 -42.058598 90.061325
  vertex -3.9005692 -42.058598 87.57741
 endloop
endfacet
facet normal 0 -1 0
 outer loop
  vertex -4.7076483 -42.058598 90.061325
  vertex -8.954478 -42.058598 87.89745
  vertex -3.9005692 -42.058598 87.57741
 endloop
endfacet
facet normal 0 -1 0
 outer loop
  vertex -3.9005692 -42.058598 87.57741
  vertex -8.954478 -42.058598 87.89745
  vertex -7.419321 -42.058598 85.78449
 endloop
endfacet
facet normal -0 -1 0
 outer loop
  vertex -8.954478 -42.058598 87.89745
  vertex -12.3247795 -42.058598 84.52716
  vertex -7.419321 -42.058598 85.78449
 endloop
endfacet
facet normal 0 -1 0
 outer loop
  vertex -7.419321 -42.058598 85.78449
  vertex -12.3247795 -42.058598 84.52716
  vertex -10.211817 -42.058598 82.99199
 endloop
endfacet
facet normal -0 -1 0
 outer loop
  vertex -12.3247795 -42.058598 84.52716
  vertex -14.488648 -42.058598 80.28031
  vertex -10.211817 -42.058598 82.99199
 endloop
endfacet
facet normal 0 -1 0
 outer loop
  vertex -10.211817 -42.058598 82.99199
  vertex -14.488648 -42.058598 80.28031
  vertex -12.00471 -42.058598 79.47324
 endloop
endfacet
facet normal -0 -1 0
 outer loop
  vertex -14.488648 -42.058598 80.28031
  vertex -15.234265 -42.058598 75.572685
  vertex -12.00471 -42.058598 79.47324
 endloop
endfacet
facet normal 0 -1 0
 outer loop
  vertex -12.00471 -42.058598 79.47324
  vertex -15.234265 -42.058598 75.572685
  vertex -12.622499 -42.058598 75.572685
 endloop
endfacet
facet normal -0 -1 0
 outer loop
  vertex -15.234265 -42.058598 75.572685
  vertex -14.488648 -42.058598 70.86503
  vertex -12.622499 -42.058598 75.572685
 endloop
endfacet
facet normal -0 -1 0
 outer loop
  vertex -12.622499 -42.058598 75.572685
  vertex -14.488648 -42.058598 70.86503
  vertex -12.004714 -42.058598 71.67211
 endloop
endfacet
facet normal -0 -1 0
 outer loop
  vertex -14.488648 -42.058598 70.86503
  vertex -12.3247795 -42.058598 66.618195
  vertex -12.004714 -42.058598 71.67211
 endloop
endfacet
facet normal -0 -1 0
 outer loop
  vertex -12.004714 -42.058598 71.67211
  vertex -12.3247795 -42.058598 66.618195
  vertex -10.211819 -42.058598 68.153366
 endloop
endfacet
facet normal -0 -1 -0
 outer loop
  vertex -12.3247795 -42.058598 66.618195
  vertex -8.954477 -42.058598 63.247902
  vertex -10.211819 -42.058598 68.153366
 endloop
endfacet
facet normal -0 -1 0
 outer loop
  vertex -10.211819 -42.058598 68.153366
  vertex -8.954477 -42.058598 63.247902
  vertex -7.419321 -42.058598 65.36086
 endloop
endfacet
facet normal -0 -1 -0
 outer loop
  vertex -8.954477 -42.058598 63.247902
  vertex -4.7076473 -42.058598 61.08403
  vertex -7.419321 -42.058598 65.36086
 endloop
endfacet
facet normal -0 -1 0
 outer loop
  vertex -7.419321 -42.058598 65.36086
  vertex -4.7076473 -42.058598 61.08403
  vertex -3.9005678 -42.058598 63.567966
 endloop
endfacet
facet normal -0 -1 -0
 outer loop
  vertex -4.7076473 -42.058598 61.08403
  vertex -1.5798827e-08 -42.058598 60.33841
  vertex -3.9005678 -42.058598 63.567966
 endloop
endfacet
facet normal -0 -1 -0
 outer loop
  vertex -3.9005678 -42.058598 63.567966
  vertex -1.5798827e-08 -42.058598 60.33841
  vertex -1.5984213e-08 -42.058598 62.950176
 endloop
endfacet
facet normal 0.15643089 0 -0.9876889
 outer loop
  vertex -1.7776141e-08 -42.058598 88.19518
  vertex -3.9005692 -42.058598 87.57741
  vertex -1.7157642e-08 -31.771204 88.19518
 endloop
endfacet
facet normal 0.25823858 -0.039948624 -0.96525484
 outer loop
  vertex -1.7157642e-08 -31.771204 88.19518
  vertex -3.9005692 -42.058598 87.57741
  vertex -5.659947 -31.771204 86.680954
 endloop
endfacet
facet normal 0.4539949 4.107939e-07 -0.8910043
 outer loop
  vertex -3.9005692 -42.058598 87.57741
  vertex -7.419321 -42.058598 85.78449
  vertex -5.659947 -31.771204 86.680954
 endloop
endfacet
facet normal 0.7071077 0 -0.7071058
 outer loop
  vertex -10.211817 -42.058598 82.99199
  vertex -10.211817 -31.771204 82.99199
  vertex -7.419321 -42.058598 85.78449
 endloop
endfacet
facet normal 0.6291202 -0.03994713 -0.77628094
 outer loop
  vertex -7.419321 -42.058598 85.78449
  vertex -10.211817 -31.771204 82.99199
  vertex -5.659947 -31.771204 86.680954
 endloop
endfacet
facet normal 0.8910062 0 -0.4539911
 outer loop
  vertex -10.211817 -42.058598 82.99199
  vertex -12.00471 -42.058598 79.47324
  vertex -10.211817 -31.771204 82.99199
 endloop
endfacet
facet normal 0.9326969 -0.039947875 -0.35844213
 outer loop
  vertex -10.211817 -31.771204 82.99199
  vertex -12.00471 -42.058598 79.47324
  vertex -12.313605 -31.771204 77.52296
 endloop
endfacet
facet normal 0.98768836 -7.0422125e-08 -0.15643485
 outer loop
  vertex -12.00471 -42.058598 79.47324
  vertex -12.622499 -42.058598 75.572685
  vertex -12.313605 -31.771204 77.52296
 endloop
endfacet
facet normal 0.9876885 3.4179448e-07 0.15643327
 outer loop
  vertex -12.004714 -42.058598 71.67211
  vertex -12.004719 -31.771204 71.67212
  vertex -12.622499 -42.058598 75.572685
 endloop
endfacet
facet normal 0.9978123 -0.039947428 0.05267806
 outer loop
  vertex -12.622499 -42.058598 75.572685
  vertex -12.004719 -31.771204 71.67212
  vertex -12.313605 -31.771204 77.52296
 endloop
endfacet
facet normal 0.891006 7.042207e-08 0.45399147
 outer loop
  vertex -12.004714 -42.058598 71.67211
  vertex -10.211819 -42.058598 68.153366
  vertex -12.004719 -31.771204 71.67212
 endloop
endfacet
facet normal 0.8382108 -0.039947473 0.54388124
 outer loop
  vertex -12.004719 -31.771204 71.67212
  vertex -10.211819 -42.058598 68.153366
  vertex -8.815568 -31.771204 66.75711
 endloop
endfacet
facet normal 0.70710754 1.3497531e-07 0.70710605
 outer loop
  vertex -10.211819 -42.058598 68.153366
  vertex -7.419321 -42.058598 65.36086
  vertex -8.815568 -31.771204 66.75711
 endloop
endfacet
facet normal 0.45399082 3.7248293e-07 0.8910063
 outer loop
  vertex -3.9005678 -42.058598 63.567966
  vertex -3.9005687 -31.771204 63.567963
  vertex -7.419321 -42.058598 65.36086
 endloop
endfacet
facet normal 0.5438816 -0.03994761 0.8382106
 outer loop
  vertex -7.419321 -42.058598 65.36086
  vertex -3.9005687 -31.771204 63.567963
  vertex -8.815568 -31.771204 66.75711
 endloop
endfacet
facet normal 0.1564347 3.8145225e-07 0.98768824
 outer loop
  vertex -3.9005678 -42.058598 63.567966
  vertex -1.5984213e-08 -42.058598 62.950176
  vertex -3.9005687 -31.771204 63.567963
 endloop
endfacet
facet normal 0.15643279 -3.6625698e-07 0.98768866
 outer loop
  vertex -3.9005687 -31.771204 63.567963
  vertex -1.5984213e-08 -42.058598 62.950176
  vertex -1.5365714e-08 -31.771204 62.95018
 endloop
endfacet
facet normal -0.10021748 0.76784694 0.6327461
 outer loop
  vertex -1.7865542e-08 -40.462044 90.806946
  vertex -1.7639397e-08 -38.91585 88.93062
  vertex -4.7076483 -40.462044 90.061325
 endloop
endfacet
facet normal -0.143803 0.83090556 0.5375096
 outer loop
  vertex -4.7076483 -40.462044 90.061325
  vertex -1.7639397e-08 -38.91585 88.93062
  vertex -5.989716 -38.91585 87.328156
 endloop
endfacet
facet normal -0.29084215 0.76784635 0.5708088
 outer loop
  vertex -8.954478 -40.462044 87.89745
  vertex -4.7076483 -40.462044 90.061325
  vertex -5.989716 -38.91585 87.328156
 endloop
endfacet
facet normal -0.45299453 0.7678482 0.4529957
 outer loop
  vertex -12.3247795 -40.462044 84.52716
  vertex -8.954478 -40.462044 87.89745
  vertex -10.8068 -38.91585 83.42427
 endloop
endfacet
facet normal -0.35032967 0.83090556 0.432279
 outer loop
  vertex -10.8068 -38.91585 83.42427
  vertex -8.954478 -40.462044 87.89745
  vertex -5.989716 -38.91585 87.328156
 endloop
endfacet
facet normal -0.5708083 0.7678476 0.29084018
 outer loop
  vertex -12.3247795 -40.462044 84.52716
  vertex -10.8068 -38.91585 83.42427
  vertex -14.488648 -40.462044 80.28031
 endloop
endfacet
facet normal -0.5193802 0.83090514 0.19960192
 outer loop
  vertex -14.488648 -40.462044 80.28031
  vertex -10.8068 -38.91585 83.42427
  vertex -13.031049 -38.91585 77.6366
 endloop
endfacet
facet normal -0.63274676 0.76784635 0.100217536
 outer loop
  vertex -15.234265 -40.462044 75.572685
  vertex -14.488648 -40.462044 80.28031
  vertex -13.031049 -38.91585 77.6366
 endloop
endfacet
facet normal -0.5196845 0.8503841 -0.08230964
 outer loop
  vertex -15.234265 -40.462044 75.572685
  vertex -13.031049 -38.91585 77.6366
  vertex -14.488648 -40.462044 70.86503
 endloop
endfacet
facet normal -0.5326632 0.84274626 -0.07777194
 outer loop
  vertex -14.488648 -40.462044 70.86503
  vertex -13.031049 -38.91585 77.6366
  vertex -11.755479 -38.85284 69.58296
 endloop
endfacet
facet normal -0.57990575 0.76768935 -0.27269447
 outer loop
  vertex -12.3247795 -40.336014 66.618195
  vertex -14.488648 -40.462044 70.86503
  vertex -11.755479 -38.85284 69.58296
 endloop
endfacet
facet normal -0.3759842 0.85558504 -0.35582313
 outer loop
  vertex -12.3247795 -40.336014 66.618195
  vertex -11.755479 -38.85284 69.58296
  vertex -8.954477 -40.25659 63.247902
 endloop
endfacet
facet normal -0.39935705 0.8418233 -0.36310792
 outer loop
  vertex -8.954477 -40.25659 63.247902
  vertex -11.755479 -38.85284 69.58296
  vertex -5.989716 -38.604565 63.8172
 endloop
endfacet
facet normal -0.3210389 0.7674007 -0.5550047
 outer loop
  vertex -4.7076473 -40.044918 61.08403
  vertex -8.954477 -40.25659 63.247902
  vertex -5.989716 -38.604565 63.8172
 endloop
endfacet
facet normal -0.116403304 0.76648587 -0.6316246
 outer loop
  vertex -1.5671718e-08 -39.944416 60.33841
  vertex -4.7076473 -40.044918 61.08403
  vertex -1.5711942e-08 -38.398224 62.214737
 endloop
endfacet
facet normal -0.16799667 0.837413 -0.5201119
 outer loop
  vertex -1.5711942e-08 -38.398224 62.214737
  vertex -4.7076473 -40.044918 61.08403
  vertex -5.989716 -38.604565 63.8172
 endloop
endfacet
facet normal 0 -1 0
 outer loop
  vertex -1.7157642e-08 -31.771204 88.19518
  vertex -5.659947 -31.771204 86.680954
  vertex -1.6798676e-08 -31.771204 83.138016
 endloop
endfacet
facet normal 0 -1 0
 outer loop
  vertex -1.6798676e-08 -31.771204 83.138016
  vertex -5.659947 -31.771204 86.680954
  vertex -3.3922994 -31.771204 82.23046
 endloop
endfacet
facet normal -0 -1 0
 outer loop
  vertex -10.211817 -31.771204 82.99199
  vertex -6.1204796 -31.771204 80.01947
  vertex -5.659947 -31.771204 86.680954
 endloop
endfacet
facet normal -0 -1 0
 outer loop
  vertex -5.659947 -31.771204 86.680954
  vertex -6.1204796 -31.771204 80.01947
  vertex -3.3922994 -31.771204 82.23046
 endloop
endfacet
facet normal -0 -1 0
 outer loop
  vertex -10.211817 -31.771204 82.99199
  vertex -12.313605 -31.771204 77.52296
  vertex -6.1204796 -31.771204 80.01947
 endloop
endfacet
facet normal 0 -1 0
 outer loop
  vertex -6.1204796 -31.771204 80.01947
  vertex -12.313605 -31.771204 77.52296
  vertex -7.3801966 -31.771204 76.741585
 endloop
endfacet
facet normal 3.8987912e-07 -1 2.0583105e-08
 outer loop
  vertex -12.004719 -31.771204 71.67212
  vertex -7.1950684 -31.771202 73.23487
  vertex -12.313605 -31.771204 77.52296
 endloop
endfacet
facet normal -8.687346e-08 -1 -5.4849966e-07
 outer loop
  vertex -12.313605 -31.771204 77.52296
  vertex -7.1950684 -31.771202 73.23487
  vertex -7.3801966 -31.771204 76.741585
 endloop
endfacet
facet normal 3.2751734e-07 -1 2.1251279e-07
 outer loop
  vertex -12.004719 -31.771204 71.67212
  vertex -8.815568 -31.771204 66.75711
  vertex -7.1950684 -31.771202 73.23487
 endloop
endfacet
facet normal -3.9267948e-07 -1 3.9267982e-07
 outer loop
  vertex -7.1950684 -31.771202 73.23487
  vertex -8.815568 -31.771204 66.75711
  vertex -5.283636 -31.771204 70.28904
 endloop
endfacet
facet normal 0 -1 -0
 outer loop
  vertex -3.9005687 -31.771204 63.567963
  vertex -2.337823 -31.771204 68.37762
  vertex -8.815568 -31.771204 66.75711
 endloop
endfacet
facet normal 0 -1 -0
 outer loop
  vertex -8.815568 -31.771204 66.75711
  vertex -2.337823 -31.771204 68.37762
  vertex -5.283636 -31.771204 70.28904
 endloop
endfacet
facet normal -0 -1 -0
 outer loop
  vertex -3.9005687 -31.771204 63.567963
  vertex -1.5365714e-08 -31.771204 62.95018
  vertex -2.337823 -31.771204 68.37762
 endloop
endfacet
facet normal -0 -1 -0
 outer loop
  vertex -2.337823 -31.771204 68.37762
  vertex -1.5365714e-08 -31.771204 62.95018
  vertex -1.572468e-08 -31.771204 68.00735
 endloop
endfacet
facet normal 0.25844458 0 -0.96602607
 outer loop
  vertex -1.6798676e-08 -31.771204 83.138016
  vertex -3.3922994 -31.771204 82.23046
  vertex -1.635835e-08 -24.447325 83.138016
 endloop
endfacet
facet normal 0.2584445 5.889307e-08 -0.96602607
 outer loop
  vertex -1.635835e-08 -24.447325 83.138016
  vertex -3.3922994 -31.771204 82.23046
  vertex -3.392301 -24.447325 82.23046
 endloop
endfacet
facet normal 0.62962204 1.4832415e-07 -0.77690154
 outer loop
  vertex -3.3922994 -31.771204 82.23046
  vertex -6.1204796 -31.771204 80.01947
  vertex -3.392301 -24.447325 82.23046
 endloop
endfacet
facet normal 0.6296224 -8.198588e-08 -0.77690125
 outer loop
  vertex -3.392301 -24.447325 82.23046
  vertex -6.1204796 -31.771204 80.01947
  vertex -6.1204786 -24.447325 80.01947
 endloop
endfacet
facet normal 0.93344176 -1.1124324e-07 -0.35872895
 outer loop
  vertex -6.1204796 -31.771204 80.01947
  vertex -7.3801966 -31.771204 76.741585
  vertex -6.1204786 -24.447325 80.01947
 endloop
endfacet
facet normal 0.93344176 -1.8232124e-07 -0.35872883
 outer loop
  vertex -6.1204786 -24.447325 80.01947
  vertex -7.3801966 -31.771204 76.741585
  vertex -7.380195 -24.447323 76.741585
 endloop
endfacet
facet normal 0.99860936 -1.9467645e-07 0.05271909
 outer loop
  vertex -7.3801966 -31.771204 76.741585
  vertex -7.1950684 -31.771202 73.23487
  vertex -7.380195 -24.447323 76.741585
 endloop
endfacet
facet normal 0.99860936 -7.511529e-08 0.052718844
 outer loop
  vertex -7.380195 -24.447323 76.741585
  vertex -7.1950684 -31.771202 73.23487
  vertex -7.1950674 -24.447323 73.23486
 endloop
endfacet
facet normal 0.8388803 4.449716e-07 0.54431593
 outer loop
  vertex -7.1950684 -31.771202 73.23487
  vertex -5.283636 -31.771204 70.28904
  vertex -7.1950674 -24.447323 73.23486
 endloop
endfacet
facet normal 0.83888024 4.0317065e-07 0.54431605
 outer loop
  vertex -7.1950674 -24.447323 73.23486
  vertex -5.283636 -31.771204 70.28904
  vertex -5.2836347 -24.447323 70.28903
 endloop
endfacet
facet normal 0.54431635 7.60164e-07 0.83888
 outer loop
  vertex -5.283636 -31.771204 70.28904
  vertex -2.337823 -31.771204 68.37762
  vertex -5.2836347 -24.447323 70.28903
 endloop
endfacet
facet normal 0.5443151 3.5438823e-08 0.8388809
 outer loop
  vertex -5.2836347 -24.447323 70.28903
  vertex -2.337823 -31.771204 68.37762
  vertex -2.3378234 -24.447325 68.37762
 endloop
endfacet
facet normal 0.1564324 1.0314986e-08 0.9876887
 outer loop
  vertex -2.337823 -31.771204 68.37762
  vertex -1.572468e-08 -31.771204 68.00735
  vertex -2.3378234 -24.447325 68.37762
 endloop
endfacet
facet normal 0.15642294 -3.086686e-06 0.9876902
 outer loop
  vertex -2.3378234 -24.447325 68.37762
  vertex -1.572468e-08 -31.771204 68.00735
  vertex -1.5284353e-08 -24.447329 68.00737
 endloop
endfacet
facet normal -2.0234997e-07 -1 7.5635336e-07
 outer loop
  vertex -1.635835e-08 -24.447325 83.138016
  vertex -3.392301 -24.447325 82.23046
  vertex -1.5821353e-08 -24.44733 75.57271
 endloop
endfacet
facet normal -4.929649e-07 -1 6.0827733e-07
 outer loop
  vertex -3.392301 -24.447325 82.23046
  vertex -6.1204786 -24.447325 80.01947
  vertex -1.5821353e-08 -24.44733 75.57271
 endloop
endfacet
facet normal -1.0613254e-06 -1 -1.7400835e-07
 outer loop
  vertex -6.1204786 -24.447325 80.01947
  vertex -7.380195 -24.447323 76.741585
  vertex -1.5821353e-08 -24.44733 75.57271
 endloop
endfacet
facet normal -1.0424824e-06 -1 -5.5034995e-08
 outer loop
  vertex -7.380195 -24.447323 76.741585
  vertex -7.1950674 -24.447323 73.23486
  vertex -1.5821353e-08 -24.44733 75.57271
 endloop
endfacet
facet normal -8.7573375e-07 -1 -5.682288e-07
 outer loop
  vertex -7.1950674 -24.447323 73.23486
  vertex -5.2836347 -24.447323 70.28903
  vertex -1.5821353e-08 -24.44733 75.57271
 endloop
endfacet
facet normal -9.609109e-07 -1 -4.8305236e-07
 outer loop
  vertex -5.2836347 -24.447323 70.28903
  vertex -2.3378234 -24.447325 68.37762
  vertex -1.5821353e-08 -24.44733 75.57271
 endloop
endfacet
facet normal -1.6716587e-06 -1 -2.5211676e-07
 outer loop
  vertex -2.3378234 -24.447325 68.37762
  vertex -1.5284353e-08 -24.447329 68.00737
  vertex -1.5821353e-08 -24.44733 75.57271
 endloop
endfacet
facet normal 0.15643498 -9.405107e-12 0.9876883
 outer loop
  vertex -1.7865542e-08 -40.462044 90.806946
  vertex -1.796153e-08 -42.058598 90.806946
  vertex 4.7076483 -40.462044 90.061325
 endloop
endfacet
facet normal 0.15643498 0 0.9876883
 outer loop
  vertex 4.7076483 -40.462044 90.061325
  vertex -1.796153e-08 -42.058598 90.806946
  vertex 4.7076483 -42.058598 90.061325
 endloop
endfacet
facet normal 0.45399112 -0 0.8910062
 outer loop
  vertex 4.7076483 -40.462044 90.061325
  vertex 4.7076483 -42.058598 90.061325
  vertex 8.954478 -40.462044 87.89745
 endloop
endfacet
facet normal 0.45399112 0 0.8910062
 outer loop
  vertex 8.954478 -40.462044 87.89745
  vertex 4.7076483 -42.058598 90.061325
  vertex 8.954478 -42.058598 87.89745
 endloop
endfacet
facet normal 0.7071059 -0 0.7071077
 outer loop
  vertex 8.954478 -40.462044 87.89745
  vertex 8.954478 -42.058598 87.89745
  vertex 12.3247795 -40.462044 84.52716
 endloop
endfacet
facet normal 0.7071059 0 0.7071077
 outer loop
  vertex 12.3247795 -40.462044 84.52716
  vertex 8.954478 -42.058598 87.89745
  vertex 12.3247795 -42.058598 84.52716
 endloop
endfacet
facet normal 0.89100724 -0 0.45398903
 outer loop
  vertex 12.3247795 -40.462044 84.52716
  vertex 12.3247795 -42.058598 84.52716
  vertex 14.488648 -40.462044 80.28031
 endloop
endfacet
facet normal 0.89100724 0 0.45398903
 outer loop
  vertex 14.488648 -40.462044 80.28031
  vertex 12.3247795 -42.058598 84.52716
  vertex 14.488648 -42.058598 80.28031
 endloop
endfacet
facet normal 0.9876883 -0 0.15643491
 outer loop
  vertex 14.488648 -40.462044 80.28031
  vertex 14.488648 -42.058598 80.28031
  vertex 15.234265 -40.462044 75.572685
 endloop
endfacet
facet normal 0.9876883 0 0.15643491
 outer loop
  vertex 15.234265 -40.462044 75.572685
  vertex 14.488648 -42.058598 80.28031
  vertex 15.234265 -42.058598 75.572685
 endloop
endfacet
facet normal 0.9876884 0 -0.15643393
 outer loop
  vertex 15.234265 -40.462044 75.572685
  vertex 15.234265 -42.058598 75.572685
  vertex 14.488648 -40.462044 70.86503
 endloop
endfacet
facet normal 0.9876884 0 -0.15643393
 outer loop
  vertex 14.488648 -40.462044 70.86503
  vertex 15.234265 -42.058598 75.572685
  vertex 14.488648 -42.058598 70.86503
 endloop
endfacet
facet normal 0.8910066 0 -0.45399034
 outer loop
  vertex 14.488648 -42.058598 70.86503
  vertex 12.3247795 -42.058598 66.618195
  vertex 14.488648 -40.462044 70.86503
 endloop
endfacet
facet normal 0.8910066 0 -0.4539903
 outer loop
  vertex 14.488648 -40.462044 70.86503
  vertex 12.3247795 -42.058598 66.618195
  vertex 12.3247795 -40.336014 66.618195
 endloop
endfacet
facet normal 0.70710576 0 -0.7071078
 outer loop
  vertex 12.3247795 -42.058598 66.618195
  vertex 8.954477 -42.058598 63.247902
  vertex 12.3247795 -40.336014 66.618195
 endloop
endfacet
facet normal 0.7071058 0 -0.7071078
 outer loop
  vertex 12.3247795 -40.336014 66.618195
  vertex 8.954477 -42.058598 63.247902
  vertex 8.954477 -40.25659 63.247902
 endloop
endfacet
facet normal 0.45399114 0 -0.8910062
 outer loop
  vertex 8.954477 -42.058598 63.247902
  vertex 4.7076473 -42.058598 61.08403
  vertex 8.954477 -40.25659 63.247902
 endloop
endfacet
facet normal 0.45399112 0 -0.89100623
 outer loop
  vertex 8.954477 -40.25659 63.247902
  vertex 4.7076473 -42.058598 61.08403
  vertex 4.7076473 -40.044918 61.08403
 endloop
endfacet
facet normal 0.156435 0 -0.9876882
 outer loop
  vertex 4.7076473 -42.058598 61.08403
  vertex -1.5798827e-08 -42.058598 60.33841
  vertex 4.7076473 -40.044918 61.08403
 endloop
endfacet
facet normal 0.15643501 -9.405199e-12 -0.9876883
 outer loop
  vertex 4.7076473 -40.044918 61.08403
  vertex -1.5798827e-08 -42.058598 60.33841
  vertex -1.5671718e-08 -39.944416 60.33841
 endloop
endfacet
facet normal -0 -1 0
 outer loop
  vertex -1.796153e-08 -42.058598 90.806946
  vertex -1.7776141e-08 -42.058598 88.19518
  vertex 4.7076483 -42.058598 90.061325
 endloop
endfacet
facet normal 0 -1 0
 outer loop
  vertex 4.7076483 -42.058598 90.061325
  vertex -1.7776141e-08 -42.058598 88.19518
  vertex 3.9005692 -42.058598 87.57741
 endloop
endfacet
facet normal -0 -1 0
 outer loop
  vertex 4.7076483 -42.058598 90.061325
  vertex 3.9005692 -42.058598 87.57741
  vertex 8.954478 -42.058598 87.89745
 endloop
endfacet
facet normal 0 -1 0
 outer loop
  vertex 8.954478 -42.058598 87.89745
  vertex 3.9005692 -42.058598 87.57741
  vertex 7.419321 -42.058598 85.78449
 endloop
endfacet
facet normal 0 -1 0
 outer loop
  vertex 8.954478 -42.058598 87.89745
  vertex 7.419321 -42.058598 85.78449
  vertex 12.3247795 -42.058598 84.52716
 endloop
endfacet
facet normal 0 -1 0
 outer loop
  vertex 12.3247795 -42.058598 84.52716
  vertex 7.419321 -42.058598 85.78449
  vertex 10.211817 -42.058598 82.99199
 endloop
endfacet
facet normal 0 -1 0
 outer loop
  vertex 12.3247795 -42.058598 84.52716
  vertex 10.211817 -42.058598 82.99199
  vertex 14.488648 -42.058598 80.28031
 endloop
endfacet
facet normal 0 -1 0
 outer loop
  vertex 14.488648 -42.058598 80.28031
  vertex 10.211817 -42.058598 82.99199
  vertex 12.00471 -42.058598 79.47324
 endloop
endfacet
facet normal 0 -1 0
 outer loop
  vertex 14.488648 -42.058598 80.28031
  vertex 12.00471 -42.058598 79.47324
  vertex 15.234265 -42.058598 75.572685
 endloop
endfacet
facet normal 0 -1 0
 outer loop
  vertex 15.234265 -42.058598 75.572685
  vertex 12.00471 -42.058598 79.47324
  vertex 12.622499 -42.058598 75.572685
 endloop
endfacet
facet normal 0 -1 0
 outer loop
  vertex 15.234265 -42.058598 75.572685
  vertex 12.622499 -42.058598 75.572685
  vertex 14.488648 -42.058598 70.86503
 endloop
endfacet
facet normal 0 -1 0
 outer loop
  vertex 14.488648 -42.058598 70.86503
  vertex 12.622499 -42.058598 75.572685
  vertex 12.004714 -42.058598 71.67211
 endloop
endfacet
facet normal 0 -1 0
 outer loop
  vertex 14.488648 -42.058598 70.86503
  vertex 12.004714 -42.058598 71.67211
  vertex 12.3247795 -42.058598 66.618195
 endloop
endfacet
facet normal 0 -1 0
 outer loop
  vertex 12.3247795 -42.058598 66.618195
  vertex 12.004714 -42.058598 71.67211
  vertex 10.211819 -42.058598 68.153366
 endloop
endfacet
facet normal 0 -1 0
 outer loop
  vertex 12.3247795 -42.058598 66.618195
  vertex 10.211819 -42.058598 68.153366
  vertex 8.954477 -42.058598 63.247902
 endloop
endfacet
facet normal 0 -1 -0
 outer loop
  vertex 8.954477 -42.058598 63.247902
  vertex 10.211819 -42.058598 68.153366
  vertex 7.419321 -42.058598 65.36086
 endloop
endfacet
facet normal 0 -1 0
 outer loop
  vertex 8.954477 -42.058598 63.247902
  vertex 7.419321 -42.058598 65.36086
  vertex 4.7076473 -42.058598 61.08403
 endloop
endfacet
facet normal 0 -1 -0
 outer loop
  vertex 4.7076473 -42.058598 61.08403
  vertex 7.419321 -42.058598 65.36086
  vertex 3.9005678 -42.058598 63.567966
 endloop
endfacet
facet normal 0 -1 0
 outer loop
  vertex 4.7076473 -42.058598 61.08403
  vertex 3.9005678 -42.058598 63.567966
  vertex -1.5798827e-08 -42.058598 60.33841
 endloop
endfacet
facet normal 0 -1 -0
 outer loop
  vertex -1.5798827e-08 -42.058598 60.33841
  vertex 3.9005678 -42.058598 63.567966
  vertex -1.5984213e-08 -42.058598 62.950176
 endloop
endfacet
facet normal -0.15643089 9.404943e-12 -0.9876889
 outer loop
  vertex -1.7776141e-08 -42.058598 88.19518
  vertex -1.7157642e-08 -31.771204 88.19518
  vertex 3.9005692 -42.058598 87.57741
 endloop
endfacet
facet normal -0.25823858 -0.039948627 -0.96525484
 outer loop
  vertex 3.9005692 -42.058598 87.57741
  vertex -1.7157642e-08 -31.771204 88.19518
  vertex 5.659947 -31.771204 86.680954
 endloop
endfacet
facet normal -0.4539949 4.0785963e-07 -0.8910043
 outer loop
  vertex 3.9005692 -42.058598 87.57741
  vertex 5.659947 -31.771204 86.680954
  vertex 7.419321 -42.058598 85.78449
 endloop
endfacet
facet normal -0.6291202 -0.03994713 -0.77628094
 outer loop
  vertex 5.659947 -31.771204 86.680954
  vertex 10.211817 -31.771204 82.99199
  vertex 7.419321 -42.058598 85.78449
 endloop
endfacet
facet normal -0.7071077 0 -0.7071058
 outer loop
  vertex 7.419321 -42.058598 85.78449
  vertex 10.211817 -31.771204 82.99199
  vertex 10.211817 -42.058598 82.99199
 endloop
endfacet
facet normal -0.8910062 -0 -0.4539911
 outer loop
  vertex 10.211817 -42.058598 82.99199
  vertex 10.211817 -31.771204 82.99199
  vertex 12.00471 -42.058598 79.47324
 endloop
endfacet
facet normal -0.9326969 -0.03994787 -0.3584421
 outer loop
  vertex 12.00471 -42.058598 79.47324
  vertex 10.211817 -31.771204 82.99199
  vertex 12.313605 -31.771204 77.52296
 endloop
endfacet
facet normal -0.98768836 -6.8954996e-08 -0.15643483
 outer loop
  vertex 12.00471 -42.058598 79.47324
  vertex 12.313605 -31.771204 77.52296
  vertex 12.622499 -42.058598 75.572685
 endloop
endfacet
facet normal -0.9978123 -0.039947428 0.05267806
 outer loop
  vertex 12.313605 -31.771204 77.52296
  vertex 12.004719 -31.771204 71.67212
  vertex 12.622499 -42.058598 75.572685
 endloop
endfacet
facet normal -0.9876885 3.4179448e-07 0.15643327
 outer loop
  vertex 12.622499 -42.058598 75.572685
  vertex 12.004719 -31.771204 71.67212
  vertex 12.004714 -42.058598 71.67211
 endloop
endfacet
facet normal -0.891006 7.630383e-08 0.45399147
 outer loop
  vertex 12.004714 -42.058598 71.67211
  vertex 12.004719 -31.771204 71.67212
  vertex 10.211819 -42.058598 68.153366
 endloop
endfacet
facet normal -0.8382108 -0.03994747 0.5438812
 outer loop
  vertex 10.211819 -42.058598 68.153366
  vertex 12.004719 -31.771204 71.67212
  vertex 8.815568 -31.771204 66.75711
 endloop
endfacet
facet normal -0.7071075 1.2910681e-07 0.70710605
 outer loop
  vertex 10.211819 -42.058598 68.153366
  vertex 8.815568 -31.771204 66.75711
  vertex 7.419321 -42.058598 65.36086
 endloop
endfacet
facet normal -0.5438816 -0.03994761 0.8382106
 outer loop
  vertex 8.815568 -31.771204 66.75711
  vertex 3.9005687 -31.771204 63.567963
  vertex 7.419321 -42.058598 65.36086
 endloop
endfacet
facet normal -0.45399082 3.7248293e-07 0.8910063
 outer loop
  vertex 7.419321 -42.058598 65.36086
  vertex 3.9005687 -31.771204 63.567963
  vertex 3.9005678 -42.058598 63.567966
 endloop
endfacet
facet normal -0.1564347 3.807495e-07 0.98768824
 outer loop
  vertex 3.9005678 -42.058598 63.567966
  vertex 3.9005687 -31.771204 63.567963
  vertex -1.5984213e-08 -42.058598 62.950176
 endloop
endfacet
facet normal -0.15643279 -3.638468e-07 0.98768866
 outer loop
  vertex -1.5984213e-08 -42.058598 62.950176
  vertex 3.9005687 -31.771204 63.567963
  vertex -1.5365714e-08 -31.771204 62.95018
 endloop
endfacet
facet normal 0.143803 0.83090556 0.5375096
 outer loop
  vertex 5.989716 -38.91585 87.328156
  vertex -1.7639397e-08 -38.91585 88.93062
  vertex 4.7076483 -40.462044 90.061325
 endloop
endfacet
facet normal 0.10021748 0.76784694 0.6327461
 outer loop
  vertex 4.7076483 -40.462044 90.061325
  vertex -1.7639397e-08 -38.91585 88.93062
  vertex -1.7865542e-08 -40.462044 90.806946
 endloop
endfacet
facet normal 0.29084215 0.76784635 0.5708088
 outer loop
  vertex 8.954478 -40.462044 87.89745
  vertex 5.989716 -38.91585 87.328156
  vertex 4.7076483 -40.462044 90.061325
 endloop
endfacet
facet normal 0.45299456 0.76784825 0.4529957
 outer loop
  vertex 12.3247795 -40.462044 84.52716
  vertex 10.8068 -38.91585 83.42427
  vertex 8.954478 -40.462044 87.89745
 endloop
endfacet
facet normal 0.35032967 0.8309055 0.432279
 outer loop
  vertex 8.954478 -40.462044 87.89745
  vertex 10.8068 -38.91585 83.42427
  vertex 5.989716 -38.91585 87.328156
 endloop
endfacet
facet normal 0.5193802 0.83090514 0.19960192
 outer loop
  vertex 13.031049 -38.91585 77.6366
  vertex 10.8068 -38.91585 83.42427
  vertex 14.488648 -40.462044 80.28031
 endloop
endfacet
facet normal 0.5708083 0.7678476 0.29084018
 outer loop
  vertex 14.488648 -40.462044 80.28031
  vertex 10.8068 -38.91585 83.42427
  vertex 12.3247795 -40.462044 84.52716
 endloop
endfacet
facet normal 0.63274676 0.76784635 0.100217536
 outer loop
  vertex 15.234265 -40.462044 75.572685
  vertex 13.031049 -38.91585 77.6366
  vertex 14.488648 -40.462044 80.28031
 endloop
endfacet
facet normal 0.5326632 0.84274626 -0.07777194
 outer loop
  vertex 11.755479 -38.85284 69.58296
  vertex 13.031049 -38.91585 77.6366
  vertex 14.488648 -40.462044 70.86503
 endloop
endfacet
facet normal 0.5196845 0.8503841 -0.08230964
 outer loop
  vertex 14.488648 -40.462044 70.86503
  vertex 13.031049 -38.91585 77.6366
  vertex 15.234265 -40.462044 75.572685
 endloop
endfacet
facet normal 0.57990575 0.76768935 -0.27269447
 outer loop
  vertex 12.3247795 -40.336014 66.618195
  vertex 11.755479 -38.85284 69.58296
  vertex 14.488648 -40.462044 70.86503
 endloop
endfacet
facet normal 0.39935705 0.8418233 -0.36310792
 outer loop
  vertex 5.989716 -38.604565 63.8172
  vertex 11.755479 -38.85284 69.58296
  vertex 8.954477 -40.25659 63.247902
 endloop
endfacet
facet normal 0.3759842 0.85558504 -0.35582313
 outer loop
  vertex 8.954477 -40.25659 63.247902
  vertex 11.755479 -38.85284 69.58296
  vertex 12.3247795 -40.336014 66.618195
 endloop
endfacet
facet normal 0.3210389 0.7674007 -0.5550047
 outer loop
  vertex 4.7076473 -40.044918 61.08403
  vertex 5.989716 -38.604565 63.8172
  vertex 8.954477 -40.25659 63.247902
 endloop
endfacet
facet normal 0.11640333 0.7664859 -0.6316246
 outer loop
  vertex -1.5671718e-08 -39.944416 60.33841
  vertex -1.5711942e-08 -38.398224 62.214737
  vertex 4.7076473 -40.044918 61.08403
 endloop
endfacet
facet normal 0.16799667 0.837413 -0.5201119
 outer loop
  vertex 4.7076473 -40.044918 61.08403
  vertex -1.5711942e-08 -38.398224 62.214737
  vertex 5.989716 -38.604565 63.8172
 endloop
endfacet
facet normal -0 -1 0
 outer loop
  vertex -1.7157642e-08 -31.771204 88.19518
  vertex -1.6798676e-08 -31.771204 83.138016
  vertex 5.659947 -31.771204 86.680954
 endloop
endfacet
facet normal 0 -1 0
 outer loop
  vertex 5.659947 -31.771204 86.680954
  vertex -1.6798676e-08 -31.771204 83.138016
  vertex 3.3922994 -31.771204 82.23046
 endloop
endfacet
facet normal -0 -1 -0
 outer loop
  vertex 3.3922994 -31.771204 82.23046
  vertex 6.1204796 -31.771204 80.01947
  vertex 5.659947 -31.771204 86.680954
 endloop
endfacet
facet normal -0 -1 0
 outer loop
  vertex 5.659947 -31.771204 86.680954
  vertex 6.1204796 -31.771204 80.01947
  vertex 10.211817 -31.771204 82.99199
 endloop
endfacet
facet normal 0 -1 0
 outer loop
  vertex 10.211817 -31.771204 82.99199
  vertex 6.1204796 -31.771204 80.01947
  vertex 12.313605 -31.771204 77.52296
 endloop
endfacet
facet normal 0 -1 0
 outer loop
  vertex 12.313605 -31.771204 77.52296
  vertex 6.1204796 -31.771204 80.01947
  vertex 7.3801966 -31.771204 76.741585
 endloop
endfacet
facet normal 8.687346e-08 -1 -5.4849966e-07
 outer loop
  vertex 7.3801966 -31.771204 76.741585
  vertex 7.1950684 -31.771202 73.23487
  vertex 12.313605 -31.771204 77.52296
 endloop
endfacet
facet normal -3.8987912e-07 -1 2.0583105e-08
 outer loop
  vertex 12.313605 -31.771204 77.52296
  vertex 7.1950684 -31.771202 73.23487
  vertex 12.004719 -31.771204 71.67212
 endloop
endfacet
facet normal -3.2751734e-07 -1 2.1251279e-07
 outer loop
  vertex 12.004719 -31.771204 71.67212
  vertex 7.1950684 -31.771202 73.23487
  vertex 8.815568 -31.771204 66.75711
 endloop
endfacet
facet normal 3.9267948e-07 -1 3.9267982e-07
 outer loop
  vertex 8.815568 -31.771204 66.75711
  vertex 7.1950684 -31.771202 73.23487
  vertex 5.283636 -31.771204 70.28904
 endloop
endfacet
facet normal 0 -1 0
 outer loop
  vertex 5.283636 -31.771204 70.28904
  vertex 2.337823 -31.771204 68.37762
  vertex 8.815568 -31.771204 66.75711
 endloop
endfacet
facet normal 0 -1 0
 outer loop
  vertex 8.815568 -31.771204 66.75711
  vertex 2.337823 -31.771204 68.37762
  vertex 3.9005687 -31.771204 63.567963
 endloop
endfacet
facet normal 0 -1 0
 outer loop
  vertex 3.9005687 -31.771204 63.567963
  vertex 2.337823 -31.771204 68.37762
  vertex -1.5365714e-08 -31.771204 62.95018
 endloop
endfacet
facet normal 0 -1 -0
 outer loop
  vertex -1.5365714e-08 -31.771204 62.95018
  vertex 2.337823 -31.771204 68.37762
  vertex -1.572468e-08 -31.771204 68.00735
 endloop
endfacet
facet normal -0.25844458 1.5538227e-11 -0.96602607
 outer loop
  vertex -1.6798676e-08 -31.771204 83.138016
  vertex -1.635835e-08 -24.447325 83.138016
  vertex 3.3922994 -31.771204 82.23046
 endloop
endfacet
facet normal -0.2584445 6.489204e-08 -0.96602607
 outer loop
  vertex 3.3922994 -31.771204 82.23046
  vertex -1.635835e-08 -24.447325 83.138016
  vertex 3.392301 -24.447325 82.23046
 endloop
endfacet
facet normal -0.62962204 1.4347522e-07 -0.77690154
 outer loop
  vertex 3.3922994 -31.771204 82.23046
  vertex 3.392301 -24.447325 82.23046
  vertex 6.1204796 -31.771204 80.01947
 endloop
endfacet
facet normal -0.6296224 -7.416211e-08 -0.77690125
 outer loop
  vertex 6.1204796 -31.771204 80.01947
  vertex 3.392301 -24.447325 82.23046
  vertex 6.1204786 -24.447325 80.01947
 endloop
endfacet
facet normal -0.93344176 -1.2154753e-07 -0.35872895
 outer loop
  vertex 6.1204796 -31.771204 80.01947
  vertex 6.1204786 -24.447325 80.01947
  vertex 7.3801966 -31.771204 76.741585
 endloop
endfacet
facet normal -0.93344176 -1.8540536e-07 -0.35872883
 outer loop
  vertex 7.3801966 -31.771204 76.741585
  vertex 6.1204786 -24.447325 80.01947
  vertex 7.380195 -24.447323 76.741585
 endloop
endfacet
facet normal -0.99860936 -1.9504988e-07 0.05271909
 outer loop
  vertex 7.3801966 -31.771204 76.741585
  vertex 7.380195 -24.447323 76.741585
  vertex 7.1950684 -31.771202 73.23487
 endloop
endfacet
facet normal -0.99860936 -7.6479886e-08 0.052718844
 outer loop
  vertex 7.1950684 -31.771202 73.23487
  vertex 7.380195 -24.447323 76.741585
  vertex 7.1950674 -24.447323 73.23486
 endloop
endfacet
facet normal -0.8388803 4.5778776e-07 0.54431593
 outer loop
  vertex 7.1950684 -31.771202 73.23487
  vertex 7.1950674 -24.447323 73.23486
  vertex 5.283636 -31.771204 70.28904
 endloop
endfacet
facet normal -0.8388803 3.8935002e-07 0.54431605
 outer loop
  vertex 5.283636 -31.771204 70.28904
  vertex 7.1950674 -24.447323 73.23486
  vertex 5.2836347 -24.447323 70.28903
 endloop
endfacet
facet normal -0.54431635 7.6755697e-07 0.83888
 outer loop
  vertex 5.283636 -31.771204 70.28904
  vertex 5.2836347 -24.447323 70.28903
  vertex 2.337823 -31.771204 68.37762
 endloop
endfacet
facet normal -0.5443151 3.7081243e-08 0.8388809
 outer loop
  vertex 2.337823 -31.771204 68.37762
  vertex 5.2836347 -24.447323 70.28903
  vertex 2.3378234 -24.447325 68.37762
 endloop
endfacet
facet normal -0.1564324 1.0184873e-08 0.9876887
 outer loop
  vertex 2.337823 -31.771204 68.37762
  vertex 2.3378234 -24.447325 68.37762
  vertex -1.572468e-08 -31.771204 68.00735
 endloop
endfacet
facet normal -0.15642294 -3.0841866e-06 0.9876902
 outer loop
  vertex -1.572468e-08 -31.771204 68.00735
  vertex 2.3378234 -24.447325 68.37762
  vertex -1.5284353e-08 -24.447329 68.00737
 endloop
endfacet
facet normal 2.0234997e-07 -1 7.5635336e-07
 outer loop
  vertex -1.635835e-08 -24.447325 83.138016
  vertex -1.5821353e-08 -24.44733 75.57271
  vertex 3.392301 -24.447325 82.23046
 endloop
endfacet
facet normal 4.929649e-07 -1 6.0827733e-07
 outer loop
  vertex 3.392301 -24.447325 82.23046
  vertex -1.5821353e-08 -24.44733 75.57271
  vertex 6.1204786 -24.447325 80.01947
 endloop
endfacet
facet normal 1.0613255e-06 -1 -1.740084e-07
 outer loop
  vertex 6.1204786 -24.447325 80.01947
  vertex -1.5821353e-08 -24.44733 75.57271
  vertex 7.380195 -24.447323 76.741585
 endloop
endfacet
facet normal 1.0424824e-06 -1 -5.5034995e-08
 outer loop
  vertex 7.380195 -24.447323 76.741585
  vertex -1.5821353e-08 -24.44733 75.57271
  vertex 7.1950674 -24.447323 73.23486
 endloop
endfacet
facet normal 8.7573375e-07 -1 -5.682288e-07
 outer loop
  vertex 7.1950674 -24.447323 73.23486
  vertex -1.5821353e-08 -24.44733 75.57271
  vertex 5.2836347 -24.447323 70.28903
 endloop
endfacet
facet normal 9.609109e-07 -1 -4.8305236e-07
 outer loop
  vertex 5.2836347 -24.447323 70.28903
  vertex -1.5821353e-08 -24.44733 75.57271
  vertex 2.3378234 -24.447325 68.37762
 endloop
endfacet
facet normal 1.6716587e-06 -1 -2.5211676e-07
 outer loop
  vertex 2.3378234 -24.447325 68.37762
  vertex -1.5821353e-08 -24.44733 75.57271
  vertex -1.5284353e-08 -24.447329 68.00737
 endloop
endfacet
facet normal 0.9838201 -0.04473567 0.17348398
 outer loop
  vertex -22.457504 -36.100033 64.362595
  vertex -22.775827 -36.09952 66.16792
  vertex -22.550064 -38.13234 64.363434
 endloop
endfacet
facet normal 0.9838204 -0.044734463 0.17348267
 outer loop
  vertex -22.550064 -38.13234 64.363434
  vertex -22.775827 -36.09952 66.16792
  vertex -22.862804 -38.131832 66.137115
 endloop
endfacet
facet normal 0.8651569 -0.044598263 0.49951428
 outer loop
  vertex -22.775827 -36.09952 66.16792
  vertex -23.692429 -36.099037 67.755516
  vertex -22.862804 -38.131832 66.137115
 endloop
endfacet
facet normal 0.8651569 -0.044598244 0.49951425
 outer loop
  vertex -22.862804 -38.131832 66.137115
  vertex -23.692429 -36.099037 67.755516
  vertex -23.763325 -38.131382 67.69685
 endloop
endfacet
facet normal 0.64213634 -0.044490132 0.76529837
 outer loop
  vertex -23.692429 -36.099037 67.755516
  vertex -25.096731 -36.09872 68.93384
  vertex -23.763325 -38.131382 67.69685
 endloop
endfacet
facet normal 0.64214265 -0.044483006 0.7652935
 outer loop
  vertex -23.763325 -38.131382 67.69685
  vertex -25.096731 -36.09872 68.93384
  vertex -25.142998 -38.13103 68.85453
 endloop
endfacet
facet normal 0.3416917 -0.04441244 0.9387621
 outer loop
  vertex -25.096731 -36.09872 68.93384
  vertex -26.819344 -36.09855 69.560844
  vertex -25.142998 -38.13103 68.85453
 endloop
endfacet
facet normal 0.34168267 -0.044420876 0.938765
 outer loop
  vertex -25.142998 -38.13103 68.85453
  vertex -26.819344 -36.09855 69.560844
  vertex -26.835415 -38.13087 69.47053
 endloop
endfacet
facet normal 0 -0.044396374 0.99901396
 outer loop
  vertex -26.819344 -36.09855 69.560844
  vertex -28.652527 -36.09855 69.560844
  vertex -26.835415 -38.13087 69.47053
 endloop
endfacet
facet normal 0 -0.04439637 0.99901396
 outer loop
  vertex -26.835415 -38.13087 69.47053
  vertex -28.652527 -36.09855 69.560844
  vertex -28.636465 -38.13087 69.47053
 endloop
endfacet
facet normal -0.34168994 -0.044419236 0.9387625
 outer loop
  vertex -28.652527 -36.09855 69.560844
  vertex -30.375149 -36.09872 68.93384
  vertex -28.636465 -38.13087 69.47053
 endloop
endfacet
facet normal -0.34168515 -0.04441461 0.9387644
 outer loop
  vertex -28.636465 -38.13087 69.47053
  vertex -30.375149 -36.09872 68.93384
  vertex -30.328869 -38.13103 68.85453
 endloop
endfacet
facet normal -0.64213383 -0.044487324 0.76530063
 outer loop
  vertex -30.375149 -36.09872 68.93384
  vertex -31.77946 -36.099037 67.755516
  vertex -30.328869 -38.13103 68.85453
 endloop
endfacet
facet normal -0.6421397 -0.044494357 0.76529527
 outer loop
  vertex -30.328869 -38.13103 68.85453
  vertex -31.77946 -36.099037 67.755516
  vertex -31.708551 -38.131382 67.69685
 endloop
endfacet
facet normal -0.86516166 -0.04460385 0.4995056
 outer loop
  vertex -31.77946 -36.099037 67.755516
  vertex -32.69604 -36.09952 66.16792
  vertex -31.708551 -38.131382 67.69685
 endloop
endfacet
facet normal -0.86515915 -0.044599123 0.4995103
 outer loop
  vertex -31.708551 -38.131382 67.69685
  vertex -32.69604 -36.09952 66.16792
  vertex -32.609062 -38.131832 66.137115
 endloop
endfacet
facet normal -0.9838203 -0.04473538 0.173483
 outer loop
  vertex -32.69604 -36.09952 66.16792
  vertex -33.014362 -36.100033 64.362595
  vertex -32.609062 -38.131832 66.137115
 endloop
endfacet
facet normal -0.98381954 -0.044730105 0.17348884
 outer loop
  vertex -32.609062 -38.131832 66.137115
  vertex -33.014362 -36.100033 64.362595
  vertex -32.921814 -38.13234 64.363434
 endloop
endfacet
facet normal -0.98381865 -0.044873342 -0.17345677
 outer loop
  vertex -33.014362 -36.100033 64.362595
  vertex -32.69604 -36.10055 62.557262
  vertex -32.921814 -38.13234 64.363434
 endloop
endfacet
facet normal -0.983817 -0.044880193 -0.17346427
 outer loop
  vertex -32.921814 -38.13234 64.363434
  vertex -32.69604 -36.10055 62.557262
  vertex -32.609062 -38.132847 62.589767
 endloop
endfacet
facet normal -0.86515355 -0.045016006 -0.49948263
 outer loop
  vertex -32.69604 -36.10055 62.557262
  vertex -31.77946 -36.101013 60.969696
  vertex -32.609062 -38.132847 62.589767
 endloop
endfacet
facet normal -0.8651581 -0.045008432 -0.49947545
 outer loop
  vertex -32.609062 -38.132847 62.589767
  vertex -31.77946 -36.101013 60.969696
  vertex -31.708551 -38.13329 61.030003
 endloop
endfacet
facet normal -0.64213514 -0.045113847 -0.76526284
 outer loop
  vertex -31.77946 -36.101013 60.969696
  vertex -30.375149 -36.10134 59.79135
  vertex -31.708551 -38.13329 61.030003
 endloop
endfacet
facet normal -0.6421416 -0.045106653 -0.76525784
 outer loop
  vertex -31.708551 -38.13329 61.030003
  vertex -30.375149 -36.10134 59.79135
  vertex -30.328888 -38.133625 59.872322
 endloop
endfacet
facet normal -0.34168136 -0.04517877 -0.9387293
 outer loop
  vertex -30.375149 -36.10134 59.79135
  vertex -28.652527 -36.101543 59.164356
  vertex -30.328888 -38.133625 59.872322
 endloop
endfacet
facet normal -0.3416626 -0.045196373 -0.93873537
 outer loop
  vertex -30.328888 -38.133625 59.872322
  vertex -28.652527 -36.101543 59.164356
  vertex -28.636465 -38.133797 59.256355
 endloop
endfacet
facet normal -0 -0.04522317 -0.9989769
 outer loop
  vertex -28.652527 -36.101543 59.164356
  vertex -26.819344 -36.101543 59.164356
  vertex -28.636465 -38.133797 59.256355
 endloop
endfacet
facet normal 0 -0.04522317 -0.9989769
 outer loop
  vertex -28.636465 -38.133797 59.256355
  vertex -26.819344 -36.101543 59.164356
  vertex -26.835424 -38.133797 59.256355
 endloop
endfacet
facet normal 0.3416827 -0.045199398 -0.9387278
 outer loop
  vertex -26.819344 -36.101543 59.164356
  vertex -25.096731 -36.10134 59.79135
  vertex -26.835424 -38.133797 59.256355
 endloop
endfacet
facet normal 0.34166214 -0.04517958 -0.93873626
 outer loop
  vertex -26.835424 -38.133797 59.256355
  vertex -25.096731 -36.10134 59.79135
  vertex -25.142998 -38.133625 59.872322
 endloop
endfacet
facet normal 0.6421379 -0.045108497 -0.7652609
 outer loop
  vertex -25.096731 -36.10134 59.79135
  vertex -23.692429 -36.101013 60.969696
  vertex -25.142998 -38.133625 59.872322
 endloop
endfacet
facet normal 0.6421389 -0.045109697 -0.76526
 outer loop
  vertex -25.142998 -38.133625 59.872322
  vertex -23.692429 -36.101013 60.969696
  vertex -23.763325 -38.13329 61.030003
 endloop
endfacet
facet normal 0.86515176 -0.045002893 -0.49948683
 outer loop
  vertex -23.692429 -36.101013 60.969696
  vertex -22.775839 -36.10055 62.557262
  vertex -23.763325 -38.13329 61.030003
 endloop
endfacet
facet normal 0.86515576 -0.045010366 -0.4994794
 outer loop
  vertex -23.763325 -38.13329 61.030003
  vertex -22.775839 -36.10055 62.557262
  vertex -22.862804 -38.132847 62.589767
 endloop
endfacet
facet normal 0.9838174 -0.044873726 -0.17346382
 outer loop
  vertex -22.775839 -36.10055 62.557262
  vertex -22.457504 -36.100033 64.362595
  vertex -22.862804 -38.132847 62.589767
 endloop
endfacet
facet normal 0.9838181 -0.044878855 -0.1734581
 outer loop
  vertex -22.862804 -38.132847 62.589767
  vertex -22.457504 -36.100033 64.362595
  vertex -22.550064 -38.13234 64.363434
 endloop
endfacet
facet normal 0.81077826 -0.56758773 0.1431181
 outer loop
  vertex -23.298746 -38.794537 65.97857
  vertex -23.013983 -38.794983 64.36359
  vertex -22.862804 -38.131832 66.137115
 endloop
endfacet
facet normal 0.81077445 -0.5675927 0.14312027
 outer loop
  vertex -22.862804 -38.131832 66.137115
  vertex -23.013983 -38.794983 64.36359
  vertex -22.550064 -38.13234 64.363434
 endloop
endfacet
facet normal 0.7129727 -0.5675295 0.41180107
 outer loop
  vertex -23.763325 -38.131382 67.69685
  vertex -24.118708 -38.79413 67.39877
  vertex -22.862804 -38.131832 66.137115
 endloop
endfacet
facet normal 0.7129728 -0.5675293 0.41180128
 outer loop
  vertex -22.862804 -38.131832 66.137115
  vertex -24.118708 -38.79413 67.39877
  vertex -23.298746 -38.794537 65.97857
 endloop
endfacet
facet normal 0.5291814 -0.5674818 0.630818
 outer loop
  vertex -24.118708 -38.79413 67.39877
  vertex -23.763325 -38.131382 67.69685
  vertex -25.374975 -38.793827 68.4529
 endloop
endfacet
facet normal 0.5291816 -0.56746894 0.6308296
 outer loop
  vertex -25.374975 -38.793827 68.4529
  vertex -23.763325 -38.131382 67.69685
  vertex -25.142998 -38.13103 68.85453
 endloop
endfacet
facet normal 0.2815644 -0.5674541 0.7737683
 outer loop
  vertex -26.915972 -38.793655 69.01378
  vertex -25.374975 -38.793827 68.4529
  vertex -26.835415 -38.13087 69.47053
 endloop
endfacet
facet normal 0.28158233 -0.5674308 0.7737788
 outer loop
  vertex -26.835415 -38.13087 69.47053
  vertex -25.374975 -38.793827 68.4529
  vertex -25.142998 -38.13103 68.85453
 endloop
endfacet
facet normal 0 -0.5674434 0.82341236
 outer loop
  vertex -26.915972 -38.793655 69.01378
  vertex -26.835415 -38.13087 69.47053
  vertex -28.555916 -38.793655 69.01378
 endloop
endfacet
facet normal 0 -0.56744343 0.8234124
 outer loop
  vertex -28.555916 -38.793655 69.01378
  vertex -26.835415 -38.13087 69.47053
  vertex -28.636465 -38.13087 69.47053
 endloop
endfacet
facet normal -0.28157037 -0.56741965 0.7737913
 outer loop
  vertex -30.096926 -38.793827 68.4529
  vertex -28.555916 -38.793655 69.01378
  vertex -30.328869 -38.13103 68.85453
 endloop
endfacet
facet normal -0.2815796 -0.56745064 0.77376527
 outer loop
  vertex -30.328869 -38.13103 68.85453
  vertex -28.555916 -38.793655 69.01378
  vertex -28.636465 -38.13087 69.47053
 endloop
endfacet
facet normal -0.5291873 -0.5674814 0.6308134
 outer loop
  vertex -31.35317 -38.79413 67.39877
  vertex -30.096926 -38.793827 68.4529
  vertex -31.708551 -38.131382 67.69685
 endloop
endfacet
facet normal -0.52918756 -0.5674505 0.6308411
 outer loop
  vertex -31.708551 -38.131382 67.69685
  vertex -30.096926 -38.793827 68.4529
  vertex -30.328869 -38.13103 68.85453
 endloop
endfacet
facet normal -0.7129756 -0.5675278 0.41179842
 outer loop
  vertex -31.708551 -38.131382 67.69685
  vertex -32.609062 -38.131832 66.137115
  vertex -31.35317 -38.79413 67.39877
 endloop
endfacet
facet normal -0.71298003 -0.56751364 0.41181028
 outer loop
  vertex -31.35317 -38.79413 67.39877
  vertex -32.609062 -38.131832 66.137115
  vertex -32.17314 -38.794537 65.97857
 endloop
endfacet
facet normal -0.81079227 -0.56756955 0.14311099
 outer loop
  vertex -32.17314 -38.794537 65.97857
  vertex -32.609062 -38.131832 66.137115
  vertex -32.457886 -38.794983 64.36359
 endloop
endfacet
facet normal -0.8107685 -0.5676002 0.14312448
 outer loop
  vertex -32.457886 -38.794983 64.36359
  vertex -32.609062 -38.131832 66.137115
  vertex -32.921814 -38.13234 64.363434
 endloop
endfacet
facet normal -0.81077784 -0.5676726 -0.14278327
 outer loop
  vertex -32.457886 -38.794983 64.36359
  vertex -32.921814 -38.13234 64.363434
  vertex -32.17314 -38.795452 62.748566
 endloop
endfacet
facet normal -0.81079733 -0.5676391 -0.14280607
 outer loop
  vertex -32.17314 -38.795452 62.748566
  vertex -32.921814 -38.13234 64.363434
  vertex -32.609062 -38.132847 62.589767
 endloop
endfacet
facet normal -0.7130156 -0.5677016 -0.41148964
 outer loop
  vertex -32.609062 -38.132847 62.589767
  vertex -31.708551 -38.13329 61.030003
  vertex -32.17314 -38.795452 62.748566
 endloop
endfacet
facet normal -0.712997 -0.5677227 -0.41149274
 outer loop
  vertex -32.17314 -38.795452 62.748566
  vertex -31.708551 -38.13329 61.030003
  vertex -31.35317 -38.79586 61.328358
 endloop
endfacet
facet normal -0.5292191 -0.56777143 -0.6305258
 outer loop
  vertex -30.096926 -38.796185 60.274246
  vertex -31.35317 -38.79586 61.328358
  vertex -30.328888 -38.133625 59.872322
 endloop
endfacet
facet normal -0.5292138 -0.5677774 -0.6305248
 outer loop
  vertex -30.328888 -38.133625 59.872322
  vertex -31.35317 -38.79586 61.328358
  vertex -31.708551 -38.13329 61.030003
 endloop
endfacet
facet normal -0.28158513 -0.56777984 -0.7735217
 outer loop
  vertex -28.636465 -38.133797 59.256355
  vertex -28.555916 -38.796345 59.713356
  vertex -30.328888 -38.133625 59.872322
 endloop
endfacet
facet normal -0.28159353 -0.567808 -0.773498
 outer loop
  vertex -30.328888 -38.133625 59.872322
  vertex -28.555916 -38.796345 59.713356
  vertex -30.096926 -38.796185 60.274246
 endloop
endfacet
facet normal 0 -0.5677928 -0.82317156
 outer loop
  vertex -26.835424 -38.133797 59.256355
  vertex -26.91599 -38.796345 59.713356
  vertex -28.636465 -38.133797 59.256355
 endloop
endfacet
facet normal 0 -0.5677928 -0.8231715
 outer loop
  vertex -28.636465 -38.133797 59.256355
  vertex -26.91599 -38.796345 59.713356
  vertex -28.555916 -38.796345 59.713356
 endloop
endfacet
facet normal 0.2815834 -0.56778485 -0.7735187
 outer loop
  vertex -26.835424 -38.133797 59.256355
  vertex -25.142998 -38.133625 59.872322
  vertex -26.91599 -38.796345 59.713356
 endloop
endfacet
facet normal 0.2815916 -0.5678123 -0.77349555
 outer loop
  vertex -26.91599 -38.796345 59.713356
  vertex -25.142998 -38.133625 59.872322
  vertex -25.374975 -38.796185 60.274246
 endloop
endfacet
facet normal 0.5292113 -0.5677782 -0.6305262
 outer loop
  vertex -23.763325 -38.13329 61.030003
  vertex -24.118708 -38.79586 61.328358
  vertex -25.142998 -38.133625 59.872322
 endloop
endfacet
facet normal 0.5292095 -0.5677803 -0.6305259
 outer loop
  vertex -25.142998 -38.133625 59.872322
  vertex -24.118708 -38.79586 61.328358
  vertex -25.374975 -38.796185 60.274246
 endloop
endfacet
facet normal 0.7129914 -0.56772476 -0.41149935
 outer loop
  vertex -24.118708 -38.79586 61.328358
  vertex -23.763325 -38.13329 61.030003
  vertex -23.298746 -38.795475 62.748547
 endloop
endfacet
facet normal 0.71301746 -0.56769526 -0.41149503
 outer loop
  vertex -23.298746 -38.795475 62.748547
  vertex -23.763325 -38.13329 61.030003
  vertex -22.862804 -38.132847 62.589767
 endloop
endfacet
facet normal 0.81078154 -0.56766355 -0.14279805
 outer loop
  vertex -22.550064 -38.13234 64.363434
  vertex -23.013983 -38.794983 64.36359
  vertex -22.862804 -38.132847 62.589767
 endloop
endfacet
facet normal 0.8108008 -0.56763893 -0.1427872
 outer loop
  vertex -22.862804 -38.132847 62.589767
  vertex -23.013983 -38.794983 64.36359
  vertex -23.298746 -38.795475 62.748547
 endloop
endfacet
facet normal 0.08205211 -0.99651897 0.014743317
 outer loop
  vertex -23.013983 -38.794983 64.36359
  vertex -23.298746 -38.794537 65.97857
  vertex -27.735933 -39.18378 64.3637
 endloop
endfacet
facet normal 0.072152115 -0.9965113 0.041943766
 outer loop
  vertex -23.298746 -38.794537 65.97857
  vertex -24.118708 -38.79413 67.39877
  vertex -27.735933 -39.18378 64.3637
 endloop
endfacet
facet normal 0.05355405 -0.99650496 0.064108305
 outer loop
  vertex -24.118708 -38.79413 67.39877
  vertex -25.374975 -38.793827 68.4529
  vertex -27.735933 -39.18378 64.3637
 endloop
endfacet
facet normal 0.02848942 -0.9965007 0.0785793
 outer loop
  vertex -25.374975 -38.793827 68.4529
  vertex -26.915972 -38.793655 69.01378
  vertex -27.735933 -39.18378 64.3637
 endloop
endfacet
facet normal 0 -0.9964991 0.08360279
 outer loop
  vertex -26.915972 -38.793655 69.01378
  vertex -28.555916 -38.793655 69.01378
  vertex -27.735933 -39.18378 64.3637
 endloop
endfacet
facet normal -0.028489145 -0.99650073 0.07857923
 outer loop
  vertex -28.555916 -38.793655 69.01378
  vertex -30.096926 -38.793827 68.4529
  vertex -27.735933 -39.18378 64.3637
 endloop
endfacet
facet normal -0.05355445 -0.996505 0.06410762
 outer loop
  vertex -30.096926 -38.793827 68.4529
  vertex -31.35317 -38.79413 67.39877
  vertex -27.735933 -39.18378 64.3637
 endloop
endfacet
facet normal -0.0721517 -0.99651134 0.04194401
 outer loop
  vertex -31.35317 -38.79413 67.39877
  vertex -32.17314 -38.794537 65.97857
  vertex -27.735933 -39.18378 64.3637
 endloop
endfacet
facet normal -0.08205208 -0.996519 0.014742343
 outer loop
  vertex -32.17314 -38.794537 65.97857
  vertex -32.457886 -38.794983 64.36359
  vertex -27.735933 -39.18378 64.3637
 endloop
endfacet
facet normal -0.08205205 -0.9965272 -0.014177077
 outer loop
  vertex -32.457886 -38.794983 64.36359
  vertex -32.17314 -38.795452 62.748566
  vertex -27.735933 -39.18378 64.3637
 endloop
endfacet
facet normal -0.072153755 -0.99653506 -0.04137227
 outer loop
  vertex -32.17314 -38.795452 62.748566
  vertex -31.35317 -38.79586 61.328358
  vertex -27.735933 -39.18378 64.3637
 endloop
endfacet
facet normal -0.05356312 -0.9965416 -0.06352768
 outer loop
  vertex -31.35317 -38.79586 61.328358
  vertex -30.096926 -38.796185 60.274246
  vertex -27.735933 -39.18378 64.3637
 endloop
endfacet
facet normal -0.028494194 -0.996546 -0.078001305
 outer loop
  vertex -30.096926 -38.796185 60.274246
  vertex -28.555916 -38.796345 59.713356
  vertex -27.735933 -39.18378 64.3637
 endloop
endfacet
facet normal -0 -0.9965474 -0.08302572
 outer loop
  vertex -28.555916 -38.796345 59.713356
  vertex -26.91599 -38.796345 59.713356
  vertex -27.735933 -39.18378 64.3637
 endloop
endfacet
facet normal 0.028494176 -0.996546 -0.07800155
 outer loop
  vertex -26.91599 -38.796345 59.713356
  vertex -25.374975 -38.796185 60.274246
  vertex -27.735933 -39.18378 64.3637
 endloop
endfacet
facet normal 0.053562712 -0.9965416 -0.06352836
 outer loop
  vertex -25.374975 -38.796185 60.274246
  vertex -24.118708 -38.79586 61.328358
  vertex -27.735933 -39.18378 64.3637
 endloop
endfacet
facet normal 0.07214481 -0.9965353 -0.041383237
 outer loop
  vertex -24.118708 -38.79586 61.328358
  vertex -23.298746 -38.795475 62.748547
  vertex -27.735933 -39.18378 64.3637
 endloop
endfacet
facet normal 0.082052104 -0.9965274 -0.014163765
 outer loop
  vertex -23.298746 -38.795475 62.748547
  vertex -23.013983 -38.794983 64.36359
  vertex -27.735933 -39.18378 64.3637
 endloop
endfacet
facet normal 0.97394717 -0.14308187 0.17593886
 outer loop
  vertex -21.362019 -37.083923 66.56329
  vertex -20.959225 -37.083923 64.33354
  vertex -21.157232 -35.681 66.57058
 endloop
endfacet
facet normal 0.9719087 -0.15087032 0.18064283
 outer loop
  vertex -21.157232 -35.681 66.57058
  vertex -20.959225 -37.083923 64.33354
  vertex -20.741293 -35.681 64.33271
 endloop
endfacet
facet normal 0.84727025 -0.12635633 0.5159139
 outer loop
  vertex -21.157232 -35.681 66.57058
  vertex -22.354887 -35.681 68.53745
  vertex -21.362019 -37.083923 66.56329
 endloop
endfacet
facet normal 0.8556395 -0.10702566 0.5063858
 outer loop
  vertex -21.362019 -37.083923 66.56329
  vertex -22.354887 -35.681 68.53745
  vertex -22.52184 -37.083923 68.52304
 endloop
endfacet
facet normal 0.63198006 -0.059953455 0.7726621
 outer loop
  vertex -24.298782 -37.083923 69.97645
  vertex -22.52184 -37.083923 68.52304
  vertex -24.189814 -35.680996 69.99618
 endloop
endfacet
facet normal 0.6202081 -0.081821024 0.78015846
 outer loop
  vertex -24.189814 -35.680996 69.99618
  vertex -22.52184 -37.083923 68.52304
  vertex -22.354887 -35.681 68.53745
 endloop
endfacet
facet normal 0.33405387 -0.02412114 0.9422453
 outer loop
  vertex -26.47852 -37.083923 70.74923
  vertex -24.298782 -37.083923 69.97645
  vertex -26.44068 -35.680996 70.77173
 endloop
endfacet
facet normal 0.32551935 -0.03857003 0.9447484
 outer loop
  vertex -26.44068 -35.680996 70.77173
  vertex -24.298782 -37.083923 69.97645
  vertex -24.189814 -35.680996 69.99618
 endloop
endfacet
facet normal 0 -0.01603518 0.99987143
 outer loop
  vertex -28.835993 -35.680996 70.77173
  vertex -28.798153 -37.083923 70.74923
  vertex -26.44068 -35.680996 70.77173
 endloop
endfacet
facet normal 0 -0.016035179 0.99987143
 outer loop
  vertex -26.44068 -35.680996 70.77173
  vertex -28.798153 -37.083923 70.74923
  vertex -26.47852 -37.083923 70.74923
 endloop
endfacet
facet normal -0.3255184 -0.038569514 0.94474876
 outer loop
  vertex -31.086866 -35.680996 69.99618
  vertex -30.9779 -37.083923 69.97645
  vertex -28.835993 -35.680996 70.77173
 endloop
endfacet
facet normal -0.33405256 -0.024121119 0.9422457
 outer loop
  vertex -28.835993 -35.680996 70.77173
  vertex -30.9779 -37.083923 69.97645
  vertex -28.798153 -37.083923 70.74923
 endloop
endfacet
facet normal -0.6319781 -0.059952505 0.7726638
 outer loop
  vertex -30.9779 -37.083923 69.97645
  vertex -31.086866 -35.680996 69.99618
  vertex -32.754852 -37.083923 68.52304
 endloop
endfacet
facet normal -0.6202063 -0.08181978 0.78016
 outer loop
  vertex -32.754852 -37.083923 68.52304
  vertex -31.086866 -35.680996 69.99618
  vertex -32.921803 -35.680996 68.53745
 endloop
endfacet
facet normal -0.97394717 -0.14308584 0.17593554
 outer loop
  vertex -33.91467 -37.083923 66.56329
  vertex -34.11946 -35.681 66.57058
  vertex -34.317455 -37.083923 64.33354
 endloop
endfacet
facet normal -0.97190994 -0.1508692 0.18063645
 outer loop
  vertex -34.317455 -37.083923 64.33354
  vertex -34.11946 -35.681 66.57058
  vertex -34.535385 -35.681 64.33271
 endloop
endfacet
facet normal -0.97327614 -0.13132507 -0.1883807
 outer loop
  vertex -34.11946 -35.553337 62.094826
  vertex -33.91467 -37.083923 62.10377
  vertex -34.535385 -35.681 64.33271
 endloop
endfacet
facet normal -0.97275776 -0.15121213 -0.17571916
 outer loop
  vertex -34.535385 -35.681 64.33271
  vertex -33.91467 -37.083923 62.10377
  vertex -34.317455 -37.083923 64.33354
 endloop
endfacet
facet normal -0.8546496 -0.117307894 -0.50577956
 outer loop
  vertex -33.91467 -37.083923 62.10377
  vertex -34.11946 -35.553337 62.094826
  vertex -32.754852 -37.083923 60.14395
 endloop
endfacet
facet normal -0.8431364 -0.07264078 -0.53277045
 outer loop
  vertex -32.754852 -37.083923 60.14395
  vertex -34.11946 -35.553337 62.094826
  vertex -32.921803 -35.028496 60.12791
 endloop
endfacet
facet normal -0.6151252 -0.030804768 -0.78782743
 outer loop
  vertex -31.086866 -34.36178 58.669147
  vertex -30.9779 -37.083923 58.690506
  vertex -32.921803 -35.028496 60.12791
 endloop
endfacet
facet normal -0.632084 -0.057371262 -0.772773
 outer loop
  vertex -32.921803 -35.028496 60.12791
  vertex -30.9779 -37.083923 58.690506
  vertex -32.754852 -37.083923 60.14395
 endloop
endfacet
facet normal -0.32341212 -0.010717386 -0.9461975
 outer loop
  vertex -28.835993 -33.808517 57.893528
  vertex -28.798153 -37.083923 57.917694
  vertex -31.086866 -34.36178 58.669147
 endloop
endfacet
facet normal -0.33408946 -0.020767098 -0.94231254
 outer loop
  vertex -31.086866 -34.36178 58.669147
  vertex -28.798153 -37.083923 57.917694
  vertex -30.9779 -37.083923 58.690506
 endloop
endfacet
facet normal 0 -0.007377849 -0.99997276
 outer loop
  vertex -26.44069 -33.808517 57.893528
  vertex -26.478527 -37.083923 57.917694
  vertex -28.835993 -33.808517 57.893528
 endloop
endfacet
facet normal 0 -0.0073778485 -0.99997276
 outer loop
  vertex -28.835993 -33.808517 57.893528
  vertex -26.478527 -37.083923 57.917694
  vertex -28.798153 -37.083923 57.917694
 endloop
endfacet
facet normal 0.33408967 -0.020771297 -0.94231236
 outer loop
  vertex -24.298782 -37.083923 58.690506
  vertex -26.478527 -37.083923 57.917694
  vertex -24.189814 -34.36178 58.669136
 endloop
endfacet
facet normal 0.32340762 -0.010717157 -0.94619906
 outer loop
  vertex -24.189814 -34.36178 58.669136
  vertex -26.478527 -37.083923 57.917694
  vertex -26.44069 -33.808517 57.893528
 endloop
endfacet
facet normal 0.6320894 -0.05738108 -0.772768
 outer loop
  vertex -22.521856 -37.083923 60.14395
  vertex -24.298782 -37.083923 58.690506
  vertex -22.354908 -35.028496 60.127884
 endloop
endfacet
facet normal 0.61512655 -0.030808553 -0.7878262
 outer loop
  vertex -22.354908 -35.028496 60.127884
  vertex -24.298782 -37.083923 58.690506
  vertex -24.189814 -34.36178 58.669136
 endloop
endfacet
facet normal 0.8546456 -0.11730673 -0.5057864
 outer loop
  vertex -21.362019 -37.083923 62.10377
  vertex -22.521856 -37.083923 60.14395
  vertex -21.157232 -35.553337 62.09482
 endloop
endfacet
facet normal 0.8431342 -0.07264676 -0.5327729
 outer loop
  vertex -21.157232 -35.553337 62.09482
  vertex -22.521856 -37.083923 60.14395
  vertex -22.354908 -35.028496 60.127884
 endloop
endfacet
facet normal 0.972757 -0.15121332 -0.17572236
 outer loop
  vertex -20.959225 -37.083923 64.33354
  vertex -21.362019 -37.083923 62.10377
  vertex -20.741293 -35.681 64.33271
 endloop
endfacet
facet normal 0.9732755 -0.13132231 -0.18838641
 outer loop
  vertex -20.741293 -35.681 64.33271
  vertex -21.362019 -37.083923 62.10377
  vertex -21.157232 -35.553337 62.09482
 endloop
endfacet
facet normal -0 -1 0
 outer loop
  vertex -22.491219 -37.083923 66.17116
  vertex -22.160881 -37.083923 64.33354
  vertex -21.362019 -37.083923 66.56329
 endloop
endfacet
facet normal 0 -1 0
 outer loop
  vertex -21.362019 -37.083923 66.56329
  vertex -22.160881 -37.083923 64.33354
  vertex -20.959225 -37.083923 64.33354
 endloop
endfacet
facet normal 0 -1 0
 outer loop
  vertex -21.362019 -37.083923 66.56329
  vertex -22.52184 -37.083923 68.52304
  vertex -22.491219 -37.083923 66.17116
 endloop
endfacet
facet normal 0 -1 0
 outer loop
  vertex -22.491219 -37.083923 66.17116
  vertex -22.52184 -37.083923 68.52304
  vertex -23.442379 -37.083923 67.78663
 endloop
endfacet
facet normal -0 -1 -0
 outer loop
  vertex -24.899614 -37.083923 68.985146
  vertex -23.442379 -37.083923 67.78663
  vertex -24.298782 -37.083923 69.97645
 endloop
endfacet
facet normal -0 -1 0
 outer loop
  vertex -24.298782 -37.083923 69.97645
  vertex -23.442379 -37.083923 67.78663
  vertex -22.52184 -37.083923 68.52304
 endloop
endfacet
facet normal -0 -1 -0
 outer loop
  vertex -26.687195 -37.083923 69.6226
  vertex -24.899614 -37.083923 68.985146
  vertex -26.47852 -37.083923 70.74923
 endloop
endfacet
facet normal -0 -1 0
 outer loop
  vertex -26.47852 -37.083923 70.74923
  vertex -24.899614 -37.083923 68.985146
  vertex -24.298782 -37.083923 69.97645
 endloop
endfacet
facet normal 0 -1 0
 outer loop
  vertex -26.47852 -37.083923 70.74923
  vertex -28.798153 -37.083923 70.74923
  vertex -26.687195 -37.083923 69.6226
 endloop
endfacet
facet normal 0 -1 0
 outer loop
  vertex -26.687195 -37.083923 69.6226
  vertex -28.798153 -37.083923 70.74923
  vertex -28.589487 -37.083923 69.6226
 endloop
endfacet
facet normal 0 -1 0
 outer loop
  vertex -28.589487 -37.083923 69.6226
  vertex -28.798153 -37.083923 70.74923
  vertex -30.377066 -37.083923 68.985146
 endloop
endfacet
facet normal 0 -1 -0
 outer loop
  vertex -30.377066 -37.083923 68.985146
  vertex -28.798153 -37.083923 70.74923
  vertex -30.9779 -37.083923 69.97645
 endloop
endfacet
facet normal 0 -1 0
 outer loop
  vertex -30.377066 -37.083923 68.985146
  vertex -30.9779 -37.083923 69.97645
  vertex -31.834322 -37.083923 67.78663
 endloop
endfacet
facet normal 0 -1 -0
 outer loop
  vertex -31.834322 -37.083923 67.78663
  vertex -30.9779 -37.083923 69.97645
  vertex -32.754852 -37.083923 68.52304
 endloop
endfacet
facet normal -0 -1 0
 outer loop
  vertex -33.91467 -37.083923 66.56329
  vertex -32.785454 -37.083923 66.17116
  vertex -32.754852 -37.083923 68.52304
 endloop
endfacet
facet normal -0 -1 0
 outer loop
  vertex -32.754852 -37.083923 68.52304
  vertex -32.785454 -37.083923 66.17116
  vertex -31.834322 -37.083923 67.78663
 endloop
endfacet
facet normal -0 -1 -0
 outer loop
  vertex -34.317455 -37.083923 64.33354
  vertex -33.115788 -37.083923 64.33354
  vertex -33.91467 -37.083923 66.56329
 endloop
endfacet
facet normal -0 -1 0
 outer loop
  vertex -33.91467 -37.083923 66.56329
  vertex -33.115788 -37.083923 64.33354
  vertex -32.785454 -37.083923 66.17116
 endloop
endfacet
facet normal -0 -1 0
 outer loop
  vertex -34.317455 -37.083923 64.33354
  vertex -33.91467 -37.083923 62.10377
  vertex -33.115788 -37.083923 64.33354
 endloop
endfacet
facet normal -0 -1 0
 outer loop
  vertex -33.115788 -37.083923 64.33354
  vertex -33.91467 -37.083923 62.10377
  vertex -32.785454 -37.083923 62.495934
 endloop
endfacet
facet normal -0 -1 -0
 outer loop
  vertex -33.91467 -37.083923 62.10377
  vertex -32.754852 -37.083923 60.14395
  vertex -32.785454 -37.083923 62.495934
 endloop
endfacet
facet normal -0 -1 0
 outer loop
  vertex -32.785454 -37.083923 62.495934
  vertex -32.754852 -37.083923 60.14395
  vertex -31.834322 -37.083923 60.880413
 endloop
endfacet
facet normal -0 -1 -0
 outer loop
  vertex -32.754852 -37.083923 60.14395
  vertex -30.9779 -37.083923 58.690506
  vertex -31.834322 -37.083923 60.880413
 endloop
endfacet
facet normal -0 -1 0
 outer loop
  vertex -31.834322 -37.083923 60.880413
  vertex -30.9779 -37.083923 58.690506
  vertex -30.377066 -37.083923 59.681858
 endloop
endfacet
facet normal -0 -1 -0
 outer loop
  vertex -30.9779 -37.083923 58.690506
  vertex -28.798153 -37.083923 57.917694
  vertex -30.377066 -37.083923 59.681858
 endloop
endfacet
facet normal -0 -1 0
 outer loop
  vertex -30.377066 -37.083923 59.681858
  vertex -28.798153 -37.083923 57.917694
  vertex -28.589487 -37.083923 59.044376
 endloop
endfacet
facet normal -0 -1 0
 outer loop
  vertex -28.589487 -37.083923 59.044376
  vertex -28.798153 -37.083923 57.917694
  vertex -26.687195 -37.083923 59.044376
 endloop
endfacet
facet normal 0 -1 0
 outer loop
  vertex -26.687195 -37.083923 59.044376
  vertex -28.798153 -37.083923 57.917694
  vertex -26.478527 -37.083923 57.917694
 endloop
endfacet
facet normal 0 -1 0
 outer loop
  vertex -24.298782 -37.083923 58.690506
  vertex -24.899614 -37.083923 59.681858
  vertex -26.478527 -37.083923 57.917694
 endloop
endfacet
facet normal 0 -1 -0
 outer loop
  vertex -26.478527 -37.083923 57.917694
  vertex -24.899614 -37.083923 59.681858
  vertex -26.687195 -37.083923 59.044376
 endloop
endfacet
facet normal -0 -1 0
 outer loop
  vertex -24.899614 -37.083923 59.681858
  vertex -24.298782 -37.083923 58.690506
  vertex -23.442379 -37.083923 60.8804
 endloop
endfacet
facet normal -0 -1 0
 outer loop
  vertex -23.442379 -37.083923 60.8804
  vertex -24.298782 -37.083923 58.690506
  vertex -22.521856 -37.083923 60.14395
 endloop
endfacet
facet normal 0 -1 0
 outer loop
  vertex -21.362019 -37.083923 62.10377
  vertex -22.491219 -37.083923 62.495922
  vertex -22.521856 -37.083923 60.14395
 endloop
endfacet
facet normal 0 -1 -0
 outer loop
  vertex -22.521856 -37.083923 60.14395
  vertex -22.491219 -37.083923 62.495922
  vertex -23.442379 -37.083923 60.8804
 endloop
endfacet
facet normal -0 -1 -0
 outer loop
  vertex -22.491219 -37.083923 62.495922
  vertex -21.362019 -37.083923 62.10377
  vertex -22.160881 -37.083923 64.33354
 endloop
endfacet
facet normal -0 -1 0
 outer loop
  vertex -22.160881 -37.083923 64.33354
  vertex -21.362019 -37.083923 62.10377
  vertex -20.959225 -37.083923 64.33354
 endloop
endfacet
facet normal 0.5308724 0.84168804 0.09867006
 outer loop
  vertex -20.741293 -35.681 64.33271
  vertex -21.432066 -35.245663 64.33569
  vertex -21.157232 -35.681 66.57058
 endloop
endfacet
facet normal 0.5222715 0.84680986 0.100725435
 outer loop
  vertex -21.157232 -35.681 66.57058
  vertex -21.432066 -35.245663 64.33569
  vertex -21.803988 -35.252655 66.32293
 endloop
endfacet
facet normal 0.4350578 0.8605499 0.26491237
 outer loop
  vertex -22.354887 -35.681 68.53745
  vertex -21.157232 -35.681 66.57058
  vertex -22.87649 -35.275505 68.07684
 endloop
endfacet
facet normal 0.45039025 0.84564084 0.28642648
 outer loop
  vertex -22.87649 -35.275505 68.07684
  vertex -21.157232 -35.681 66.57058
  vertex -21.803988 -35.252655 66.32293
 endloop
endfacet
facet normal 0.30060145 0.87559205 0.37812352
 outer loop
  vertex -24.189814 -35.680996 69.99618
  vertex -22.354887 -35.681 68.53745
  vertex -24.52572 -35.30114 69.38361
 endloop
endfacet
facet normal 0.3090088 0.85964185 0.40685314
 outer loop
  vertex -24.52572 -35.30114 69.38361
  vertex -22.354887 -35.681 68.53745
  vertex -22.87649 -35.275505 68.07684
 endloop
endfacet
facet normal 0.15174271 0.88488543 0.44039986
 outer loop
  vertex -26.44068 -35.680996 70.77173
  vertex -24.189814 -35.680996 69.99618
  vertex -26.556238 -35.31765 70.08148
 endloop
endfacet
facet normal 0.15093672 0.87506574 0.45986757
 outer loop
  vertex -26.556238 -35.31765 70.08148
  vertex -24.189814 -35.680996 69.99618
  vertex -24.52572 -35.30114 69.38361
 endloop
endfacet
facet normal 0 0.88488734 0.46580505
 outer loop
  vertex -28.835993 -35.680996 70.77173
  vertex -26.44068 -35.680996 70.77173
  vertex -28.72043 -35.31765 70.08148
 endloop
endfacet
facet normal 0 0.88488734 0.46580508
 outer loop
  vertex -28.72043 -35.31765 70.08148
  vertex -26.44068 -35.680996 70.77173
  vertex -26.556238 -35.31765 70.08148
 endloop
endfacet
facet normal -0.15735266 0.8756031 0.45668307
 outer loop
  vertex -31.086866 -35.680996 69.99618
  vertex -28.835993 -35.680996 70.77173
  vertex -30.750961 -35.30114 69.38361
 endloop
endfacet
facet normal -0.14465421 0.88535744 0.4418342
 outer loop
  vertex -30.750961 -35.30114 69.38361
  vertex -28.835993 -35.680996 70.77173
  vertex -28.72043 -35.31765 70.08148
 endloop
endfacet
facet normal -0.31147256 0.86572254 0.39180264
 outer loop
  vertex -32.921803 -35.680996 68.53745
  vertex -31.086866 -35.680996 69.99618
  vertex -32.400204 -35.284874 68.07684
 endloop
endfacet
facet normal -0.29406247 0.8761148 0.38203427
 outer loop
  vertex -32.400204 -35.284874 68.07684
  vertex -31.086866 -35.680996 69.99618
  vertex -30.750961 -35.30114 69.38361
 endloop
endfacet
facet normal -0.44746548 0.8517843 0.27246678
 outer loop
  vertex -34.11946 -35.681 66.57058
  vertex -32.921803 -35.680996 68.53745
  vertex -33.472706 -35.262024 66.32293
 endloop
endfacet
facet normal -0.4208185 0.8664629 0.26861492
 outer loop
  vertex -33.472706 -35.262024 66.32293
  vertex -32.921803 -35.680996 68.53745
  vertex -32.400204 -35.284874 68.07684
 endloop
endfacet
facet normal -0.5308726 0.8416883 0.09866648
 outer loop
  vertex -34.535385 -35.681 64.33271
  vertex -34.11946 -35.681 66.57058
  vertex -33.844612 -35.245663 64.33569
 endloop
endfacet
facet normal -0.51273286 0.8523505 0.10297421
 outer loop
  vertex -33.844612 -35.245663 64.33569
  vertex -34.11946 -35.681 66.57058
  vertex -33.472706 -35.262024 66.32293
 endloop
endfacet
facet normal -0.5323259 0.8450181 -0.050730903
 outer loop
  vertex -34.535385 -35.681 64.33271
  vertex -33.844612 -35.245663 64.33569
  vertex -34.11946 -35.553337 62.094826
 endloop
endfacet
facet normal -0.5285146 0.84735936 -0.051519837
 outer loop
  vertex -34.11946 -35.553337 62.094826
  vertex -33.844612 -35.245663 64.33569
  vertex -33.475998 -35.136345 62.352253
 endloop
endfacet
facet normal -0.516864 0.8515853 -0.087486945
 outer loop
  vertex -34.11946 -35.553337 62.094826
  vertex -33.475998 -35.136345 62.352253
  vertex -32.921803 -35.028496 60.12791
 endloop
endfacet
facet normal -0.5401593 0.836293 -0.09403243
 outer loop
  vertex -32.921803 -35.028496 60.12791
  vertex -33.475998 -35.136345 62.352253
  vertex -32.406017 -34.642467 60.598244
 endloop
endfacet
facet normal -0.4678775 0.8621252 -0.19450134
 outer loop
  vertex -32.921803 -35.028496 60.12791
  vertex -32.406017 -34.642467 60.598244
  vertex -31.086866 -34.36178 58.669147
 endloop
endfacet
facet normal -0.5030454 0.83513427 -0.22247703
 outer loop
  vertex -31.086866 -34.36178 58.669147
  vertex -32.406017 -34.642467 60.598244
  vertex -30.754757 -33.99764 59.28512
 endloop
endfacet
facet normal -0.33333284 0.8793278 -0.3401056
 outer loop
  vertex -31.086866 -34.36178 58.669147
  vertex -30.754757 -33.99764 59.28512
  vertex -28.835993 -33.808517 57.893528
 endloop
endfacet
facet normal -0.35895875 0.85292864 -0.37902698
 outer loop
  vertex -28.835993 -33.808517 57.893528
  vertex -30.754757 -33.99764 59.28512
  vertex -28.72147 -33.453354 58.584297
 endloop
endfacet
facet normal 0 0.8893345 -0.45725724
 outer loop
  vertex -26.44069 -33.808517 57.893528
  vertex -28.835993 -33.808517 57.893528
  vertex -26.555208 -33.453354 58.584297
 endloop
endfacet
facet normal 0 0.88933444 -0.45725724
 outer loop
  vertex -26.555208 -33.453354 58.584297
  vertex -28.835993 -33.808517 57.893528
  vertex -28.72147 -33.453354 58.584297
 endloop
endfacet
facet normal 0.33333108 0.87932837 -0.34010583
 outer loop
  vertex -24.189814 -34.36178 58.669136
  vertex -26.44069 -33.808517 57.893528
  vertex -24.521925 -33.99764 59.285107
 endloop
endfacet
facet normal 0.35895786 0.85292816 -0.37902892
 outer loop
  vertex -24.521925 -33.99764 59.285107
  vertex -26.44069 -33.808517 57.893528
  vertex -26.555208 -33.453354 58.584297
 endloop
endfacet
facet normal 0.46788043 0.86212444 -0.19449757
 outer loop
  vertex -22.354908 -35.028496 60.127884
  vertex -24.189814 -34.36178 58.669136
  vertex -22.870693 -34.642467 60.598217
 endloop
endfacet
facet normal 0.5030486 0.8351334 -0.22247316
 outer loop
  vertex -22.870693 -34.642467 60.598217
  vertex -24.189814 -34.36178 58.669136
  vertex -24.521925 -33.99764 59.285107
 endloop
endfacet
facet normal 0.5168651 0.8515843 -0.08749153
 outer loop
  vertex -21.157232 -35.553337 62.09482
  vertex -22.354908 -35.028496 60.127884
  vertex -21.800692 -35.136345 62.35224
 endloop
endfacet
facet normal 0.5401567 0.8362942 -0.0940362
 outer loop
  vertex -21.800692 -35.136345 62.35224
  vertex -22.354908 -35.028496 60.127884
  vertex -22.870693 -34.642467 60.598217
 endloop
endfacet
facet normal 0.53232574 0.8450179 -0.050734345
 outer loop
  vertex -20.741293 -35.681 64.33271
  vertex -21.157232 -35.553337 62.09482
  vertex -21.432066 -35.245663 64.33569
 endloop
endfacet
facet normal 0.5285161 0.8473584 -0.05152293
 outer loop
  vertex -21.432066 -35.245663 64.33569
  vertex -21.157232 -35.553337 62.09482
  vertex -21.800692 -35.136345 62.35224
 endloop
endfacet
facet normal 0 -0 1
 outer loop
  vertex -8.683803 -38.854195 97.628624
  vertex -8.683803 -43.207565 97.628624
  vertex -1.8253086e-08 -38.854195 97.628624
 endloop
endfacet
facet normal 0 -0 1
 outer loop
  vertex -1.8253086e-08 -38.854195 97.628624
  vertex -8.683803 -43.207565 97.628624
  vertex -1.8514822e-08 -43.207565 97.628624
 endloop
endfacet
facet normal -0.6893342 0 -0.7244435
 outer loop
  vertex -1.0277761 -40.370693 84.83592
  vertex -1.0277761 -43.207565 84.83592
  vertex -10.278789 -40.370693 93.638596
 endloop
endfacet
facet normal -0.6893342 0 -0.7244435
 outer loop
  vertex -10.278789 -40.370693 93.638596
  vertex -1.0277761 -43.207565 84.83592
  vertex -10.278789 -43.207565 93.638596
 endloop
endfacet
facet normal -0.87147343 0 -0.49044272
 outer loop
  vertex -10.278789 -43.207565 93.638596
  vertex -10.944352 -43.207565 94.82124
  vertex -10.278789 -40.370693 93.638596
 endloop
endfacet
facet normal -0.8714734 -0 -0.4904427
 outer loop
  vertex -10.278789 -40.370693 93.638596
  vertex -10.944352 -43.207565 94.82124
  vertex -10.944352 -40.088764 94.82124
 endloop
endfacet
facet normal -0.99658585 0 0.08256346
 outer loop
  vertex -10.944352 -43.207565 94.82124
  vertex -10.832309 -43.207565 96.17367
  vertex -10.944352 -40.088764 94.82124
 endloop
endfacet
facet normal -0.9965858 0 0.082563445
 outer loop
  vertex -10.944352 -40.088764 94.82124
  vertex -10.832309 -43.207565 96.17367
  vertex -10.832309 -39.58856 96.17367
 endloop
endfacet
facet normal -0.77888525 0 0.62716645
 outer loop
  vertex -10.832309 -43.207565 96.17367
  vertex -9.981202 -43.207565 97.23067
  vertex -10.832309 -39.58856 96.17367
 endloop
endfacet
facet normal -0.7788853 0 0.62716645
 outer loop
  vertex -10.832309 -39.58856 96.17367
  vertex -9.981202 -43.207565 97.23067
  vertex -9.981202 -39.05521 97.23067
 endloop
endfacet
facet normal -0.293249 0 0.95603615
 outer loop
  vertex -9.981202 -43.207565 97.23067
  vertex -8.683803 -43.207565 97.628624
  vertex -9.981202 -39.05521 97.23067
 endloop
endfacet
facet normal -0.293249 0 0.9560361
 outer loop
  vertex -9.981202 -39.05521 97.23067
  vertex -8.683803 -43.207565 97.628624
  vertex -8.683803 -38.854195 97.628624
 endloop
endfacet
facet normal -0.37118226 0 -0.92856
 outer loop
  vertex -1.7577612e-08 -43.207565 84.42508
  vertex -1.0277761 -43.207565 84.83592
  vertex -1.7407054e-08 -40.370693 84.42508
 endloop
endfacet
facet normal -0.37118226 -0 -0.92856
 outer loop
  vertex -1.7407054e-08 -40.370693 84.42508
  vertex -1.0277761 -43.207565 84.83592
  vertex -1.0277761 -40.370693 84.83592
 endloop
endfacet
facet normal 0 -0.86316586 0.5049205
 outer loop
  vertex -1.8466327e-08 -43.99968 96.2745
  vertex -1.8514822e-08 -43.207565 97.628624
  vertex -8.480787 -43.99968 96.2745
 endloop
endfacet
facet normal 0 -0.86316586 0.5049205
 outer loop
  vertex -8.480787 -43.99968 96.2745
  vertex -1.8514822e-08 -43.207565 97.628624
  vertex -8.683803 -43.207565 97.628624
 endloop
endfacet
facet normal -0.44002348 -0.86316675 -0.24763386
 outer loop
  vertex -10.278789 -43.207565 93.638596
  vertex -9.198268 -43.99968 94.479645
  vertex -10.944352 -43.207565 94.82124
 endloop
endfacet
facet normal -0.43736067 -0.8755206 -0.20537645
 outer loop
  vertex -10.944352 -43.207565 94.82124
  vertex -9.198268 -43.99968 94.479645
  vertex -9.627154 -43.99968 95.39298
 endloop
endfacet
facet normal -0.5287554 -0.847643 0.04380543
 outer loop
  vertex -10.832309 -43.207565 96.17367
  vertex -10.944352 -43.207565 94.82124
  vertex -9.627154 -43.99968 95.39298
 endloop
endfacet
facet normal -0.41324982 -0.84764373 0.332753
 outer loop
  vertex -9.981202 -43.207565 97.23067
  vertex -10.832309 -43.207565 96.17367
  vertex -9.23898 -43.99968 96.134636
 endloop
endfacet
facet normal -0.4293609 -0.8747277 0.22472322
 outer loop
  vertex -9.23898 -43.99968 96.134636
  vertex -10.832309 -43.207565 96.17367
  vertex -9.627154 -43.99968 95.39298
 endloop
endfacet
facet normal -0.15558773 -0.84764415 0.5072395
 outer loop
  vertex -9.981202 -43.207565 97.23067
  vertex -9.23898 -43.99968 96.134636
  vertex -8.683803 -43.207565 97.628624
 endloop
endfacet
facet normal -0.09087706 -0.8654723 0.49264508
 outer loop
  vertex -8.683803 -43.207565 97.628624
  vertex -9.23898 -43.99968 96.134636
  vertex -8.480787 -43.99968 96.2745
 endloop
endfacet
facet normal -0.3480577 -0.863167 -0.36578503
 outer loop
  vertex -10.278789 -43.207565 93.638596
  vertex -1.0277761 -43.207565 84.83592
  vertex -9.198268 -43.99968 94.479645
 endloop
endfacet
facet normal -0.35066965 -0.8612346 -0.36783925
 outer loop
  vertex -9.198268 -43.99968 94.479645
  vertex -1.0277761 -43.207565 84.83592
  vertex -1.7716495e-08 -43.99968 85.710724
 endloop
endfacet
facet normal -0.20522156 -0.8332567 -0.51338804
 outer loop
  vertex -1.0277761 -43.207565 84.83592
  vertex -1.7577612e-08 -43.207565 84.42508
  vertex -1.7716495e-08 -43.99968 85.710724
 endloop
endfacet
facet normal 0 -1 0
 outer loop
  vertex -9.627154 -43.99968 95.39298
  vertex -9.198268 -43.99968 94.479645
  vertex -1.825585e-08 -43.99968 93.30929
 endloop
endfacet
facet normal 0 -1 0
 outer loop
  vertex -9.23898 -43.99968 96.134636
  vertex -9.627154 -43.99968 95.39298
  vertex -1.825585e-08 -43.99968 93.30929
 endloop
endfacet
facet normal 0 -1 0
 outer loop
  vertex -8.480787 -43.99968 96.2745
  vertex -9.23898 -43.99968 96.134636
  vertex -1.825585e-08 -43.99968 93.30929
 endloop
endfacet
facet normal -0 -1 -0
 outer loop
  vertex -9.198268 -43.99968 94.479645
  vertex -1.7716495e-08 -43.99968 85.710724
  vertex -1.825585e-08 -43.99968 93.30929
 endloop
endfacet
facet normal -0.38675636 0.8277767 -0.40645468
 outer loop
  vertex -1.0277761 -40.370693 84.83592
  vertex -10.278789 -40.370693 93.638596
  vertex -1.7442265e-08 -39.476944 85.67815
 endloop
endfacet
facet normal -0.49887577 0.6520182 -0.57096
 outer loop
  vertex -1.7442265e-08 -39.476944 85.67815
  vertex -10.278789 -40.370693 93.638596
  vertex -9.4547825 -38.74301 94.77738
 endloop
endfacet
facet normal 0 0.8708884 0.4914808
 outer loop
  vertex -1.8253086e-08 -38.854195 97.628624
  vertex -1.8104654e-08 -38.05573 96.21377
  vertex -8.683803 -38.854195 97.628624
 endloop
endfacet
facet normal -0.014121007 0.9054135 0.42429593
 outer loop
  vertex -8.683803 -38.854195 97.628624
  vertex -1.8104654e-08 -38.05573 96.21377
  vertex -8.966001 -38.151016 96.118706
 endloop
endfacet
facet normal -0.59344083 0.64099497 -0.48677868
 outer loop
  vertex -10.278789 -40.370693 93.638596
  vertex -10.944352 -40.088764 94.82124
  vertex -9.4547825 -38.74301 94.77738
 endloop
endfacet
facet normal -0.65850943 0.72195774 -0.21246727
 outer loop
  vertex -10.944352 -40.088764 94.82124
  vertex -10.832309 -39.58856 96.17367
  vertex -9.4547825 -38.74301 94.77738
 endloop
endfacet
facet normal -0.60776377 0.78427094 -0.124668434
 outer loop
  vertex -9.4547825 -38.74301 94.77738
  vertex -10.832309 -39.58856 96.17367
  vertex -8.966001 -38.151016 96.118706
 endloop
endfacet
facet normal -0.6061349 0.79033595 0.08927276
 outer loop
  vertex -10.832309 -39.58856 96.17367
  vertex -9.981202 -39.05521 97.23067
  vertex -8.966001 -38.151016 96.118706
 endloop
endfacet
facet normal -0.2693815 0.8527571 0.4474807
 outer loop
  vertex -9.981202 -39.05521 97.23067
  vertex -8.683803 -38.854195 97.628624
  vertex -8.966001 -38.151016 96.118706
 endloop
endfacet
facet normal -0.22610913 0.79304796 -0.565641
 outer loop
  vertex -1.7407054e-08 -40.370693 84.42508
  vertex -1.0277761 -40.370693 84.83592
  vertex -1.7442265e-08 -39.476944 85.67815
 endloop
endfacet
facet normal 0 -1 0
 outer loop
  vertex -1.825585e-08 -43.99968 93.30929
  vertex -1.8466327e-08 -43.99968 96.2745
  vertex -8.480787 -43.99968 96.2745
 endloop
endfacet
facet normal 0 -0 1
 outer loop
  vertex 8.683803 -38.854195 97.628624
  vertex -1.8253086e-08 -38.854195 97.628624
  vertex 8.683803 -43.207565 97.628624
 endloop
endfacet
facet normal -0 0 1
 outer loop
  vertex 8.683803 -43.207565 97.628624
  vertex -1.8253086e-08 -38.854195 97.628624
  vertex -1.8514822e-08 -43.207565 97.628624
 endloop
endfacet
facet normal 0.6893342 0 -0.7244435
 outer loop
  vertex 1.0277761 -40.370693 84.83592
  vertex 10.278789 -40.370693 93.638596
  vertex 1.0277761 -43.207565 84.83592
 endloop
endfacet
facet normal 0.6893342 0 -0.7244435
 outer loop
  vertex 1.0277761 -43.207565 84.83592
  vertex 10.278789 -40.370693 93.638596
  vertex 10.278789 -43.207565 93.638596
 endloop
endfacet
facet normal 0.87147343 0 -0.49044272
 outer loop
  vertex 10.278789 -43.207565 93.638596
  vertex 10.278789 -40.370693 93.638596
  vertex 10.944352 -43.207565 94.82124
 endloop
endfacet
facet normal 0.8714734 0 -0.4904427
 outer loop
  vertex 10.944352 -43.207565 94.82124
  vertex 10.278789 -40.370693 93.638596
  vertex 10.944352 -40.088764 94.82124
 endloop
endfacet
facet normal 0.99658585 0 0.08256346
 outer loop
  vertex 10.944352 -43.207565 94.82124
  vertex 10.944352 -40.088764 94.82124
  vertex 10.832309 -43.207565 96.17367
 endloop
endfacet
facet normal 0.9965858 0 0.08256346
 outer loop
  vertex 10.832309 -43.207565 96.17367
  vertex 10.944352 -40.088764 94.82124
  vertex 10.832309 -39.58856 96.17367
 endloop
endfacet
facet normal 0.77888525 0 0.62716645
 outer loop
  vertex 10.832309 -43.207565 96.17367
  vertex 10.832309 -39.58856 96.17367
  vertex 9.981202 -43.207565 97.23067
 endloop
endfacet
facet normal 0.7788853 0 0.62716645
 outer loop
  vertex 9.981202 -43.207565 97.23067
  vertex 10.832309 -39.58856 96.17367
  vertex 9.981202 -39.05521 97.23067
 endloop
endfacet
facet normal 0.293249 0 0.95603615
 outer loop
  vertex 9.981202 -43.207565 97.23067
  vertex 9.981202 -39.05521 97.23067
  vertex 8.683803 -43.207565 97.628624
 endloop
endfacet
facet normal 0.293249 0 0.95603615
 outer loop
  vertex 8.683803 -43.207565 97.628624
  vertex 9.981202 -39.05521 97.23067
  vertex 8.683803 -38.854195 97.628624
 endloop
endfacet
facet normal 0.37118226 -2.2316255e-11 -0.92856
 outer loop
  vertex -1.7577612e-08 -43.207565 84.42508
  vertex -1.7407054e-08 -40.370693 84.42508
  vertex 1.0277761 -43.207565 84.83592
 endloop
endfacet
facet normal 0.37118226 0 -0.92856
 outer loop
  vertex 1.0277761 -43.207565 84.83592
  vertex -1.7407054e-08 -40.370693 84.42508
  vertex 1.0277761 -40.370693 84.83592
 endloop
endfacet
facet normal 0 -0.86316586 0.5049205
 outer loop
  vertex -1.8466327e-08 -43.99968 96.2745
  vertex 8.480787 -43.99968 96.2745
  vertex -1.8514822e-08 -43.207565 97.628624
 endloop
endfacet
facet normal 0 -0.86316586 0.5049205
 outer loop
  vertex -1.8514822e-08 -43.207565 97.628624
  vertex 8.480787 -43.99968 96.2745
  vertex 8.683803 -43.207565 97.628624
 endloop
endfacet
facet normal 0.43736067 -0.8755206 -0.20537645
 outer loop
  vertex 9.627154 -43.99968 95.39298
  vertex 9.198268 -43.99968 94.479645
  vertex 10.944352 -43.207565 94.82124
 endloop
endfacet
facet normal 0.44002348 -0.86316675 -0.24763386
 outer loop
  vertex 10.944352 -43.207565 94.82124
  vertex 9.198268 -43.99968 94.479645
  vertex 10.278789 -43.207565 93.638596
 endloop
endfacet
facet normal 0.52875537 -0.8476431 0.043805446
 outer loop
  vertex 10.832309 -43.207565 96.17367
  vertex 9.627154 -43.99968 95.39298
  vertex 10.944352 -43.207565 94.82124
 endloop
endfacet
facet normal 0.41324985 -0.84764373 0.332753
 outer loop
  vertex 9.981202 -43.207565 97.23067
  vertex 9.23898 -43.99968 96.134636
  vertex 10.832309 -43.207565 96.17367
 endloop
endfacet
facet normal 0.42936087 -0.8747277 0.22472322
 outer loop
  vertex 10.832309 -43.207565 96.17367
  vertex 9.23898 -43.99968 96.134636
  vertex 9.627154 -43.99968 95.39298
 endloop
endfacet
facet normal 0.09087706 -0.8654723 0.49264508
 outer loop
  vertex 8.480787 -43.99968 96.2745
  vertex 9.23898 -43.99968 96.134636
  vertex 8.683803 -43.207565 97.628624
 endloop
endfacet
facet normal 0.15558773 -0.84764415 0.5072395
 outer loop
  vertex 8.683803 -43.207565 97.628624
  vertex 9.23898 -43.99968 96.134636
  vertex 9.981202 -43.207565 97.23067
 endloop
endfacet
facet normal 0.34805772 -0.86316687 -0.3657851
 outer loop
  vertex 10.278789 -43.207565 93.638596
  vertex 9.198268 -43.99968 94.479645
  vertex 1.0277761 -43.207565 84.83592
 endloop
endfacet
facet normal 0.35066968 -0.8612346 -0.36783934
 outer loop
  vertex 1.0277761 -43.207565 84.83592
  vertex 9.198268 -43.99968 94.479645
  vertex -1.7716495e-08 -43.99968 85.710724
 endloop
endfacet
facet normal 0.20522155 -0.8332568 -0.5133881
 outer loop
  vertex 1.0277761 -43.207565 84.83592
  vertex -1.7716495e-08 -43.99968 85.710724
  vertex -1.7577612e-08 -43.207565 84.42508
 endloop
endfacet
facet normal -0 -1 0
 outer loop
  vertex 9.627154 -43.99968 95.39298
  vertex -1.825585e-08 -43.99968 93.30929
  vertex 9.198268 -43.99968 94.479645
 endloop
endfacet
facet normal -0 -1 0
 outer loop
  vertex 9.23898 -43.99968 96.134636
  vertex -1.825585e-08 -43.99968 93.30929
  vertex 9.627154 -43.99968 95.39298
 endloop
endfacet
facet normal -0 -1 0
 outer loop
  vertex 8.480787 -43.99968 96.2745
  vertex -1.825585e-08 -43.99968 93.30929
  vertex 9.23898 -43.99968 96.134636
 endloop
endfacet
facet normal 0 -1 0
 outer loop
  vertex 9.198268 -43.99968 94.479645
  vertex -1.825585e-08 -43.99968 93.30929
  vertex -1.7716495e-08 -43.99968 85.710724
 endloop
endfacet
facet normal 0.38675627 0.8277767 -0.40645462
 outer loop
  vertex 1.0277761 -40.370693 84.83592
  vertex -1.7442265e-08 -39.476944 85.67815
  vertex 10.278789 -40.370693 93.638596
 endloop
endfacet
facet normal 0.49887568 0.6520183 -0.57095987
 outer loop
  vertex 10.278789 -40.370693 93.638596
  vertex -1.7442265e-08 -39.476944 85.67815
  vertex 9.4547825 -38.74301 94.77738
 endloop
endfacet
facet normal 0.014121007 0.9054135 0.42429593
 outer loop
  vertex 8.966001 -38.151016 96.118706
  vertex -1.8104654e-08 -38.05573 96.21377
  vertex 8.683803 -38.854195 97.628624
 endloop
endfacet
facet normal 0 0.8708884 0.4914808
 outer loop
  vertex 8.683803 -38.854195 97.628624
  vertex -1.8104654e-08 -38.05573 96.21377
  vertex -1.8253086e-08 -38.854195 97.628624
 endloop
endfacet
facet normal 0.5934409 0.64099497 -0.48677868
 outer loop
  vertex 10.278789 -40.370693 93.638596
  vertex 9.4547825 -38.74301 94.77738
  vertex 10.944352 -40.088764 94.82124
 endloop
endfacet
facet normal 0.6585095 0.7219577 -0.21246727
 outer loop
  vertex 10.944352 -40.088764 94.82124
  vertex 9.4547825 -38.74301 94.77738
  vertex 10.832309 -39.58856 96.17367
 endloop
endfacet
facet normal 0.6077637 0.78427094 -0.124668434
 outer loop
  vertex 10.832309 -39.58856 96.17367
  vertex 9.4547825 -38.74301 94.77738
  vertex 8.966001 -38.151016 96.118706
 endloop
endfacet
facet normal 0.60613483 0.79033595 0.08927276
 outer loop
  vertex 10.832309 -39.58856 96.17367
  vertex 8.966001 -38.151016 96.118706
  vertex 9.981202 -39.05521 97.23067
 endloop
endfacet
facet normal 0.2693815 0.8527571 0.44748074
 outer loop
  vertex 9.981202 -39.05521 97.23067
  vertex 8.966001 -38.151016 96.118706
  vertex 8.683803 -38.854195 97.628624
 endloop
endfacet
facet normal 0.2261091 0.79304796 -0.565641
 outer loop
  vertex -1.7407054e-08 -40.370693 84.42508
  vertex -1.7442265e-08 -39.476944 85.67815
  vertex 1.0277761 -40.370693 84.83592
 endloop
endfacet
facet normal 0 -1 -0
 outer loop
  vertex -1.825585e-08 -43.99968 93.30929
  vertex 8.480787 -43.99968 96.2745
  vertex -1.8466327e-08 -43.99968 96.2745
 endloop
endfacet
facet normal 0 -0 -1
 outer loop
  vertex 5.456344 32.881905 64.10501
  vertex -5.4573565 32.88191 64.10501
  vertex 5.456344 34.97065 64.10501
 endloop
endfacet
facet normal 0 0 -1
 outer loop
  vertex 5.456344 34.97065 64.10501
  vertex -5.4573565 32.88191 64.10501
  vertex -5.4573565 34.97065 64.10501
 endloop
endfacet
facet normal 0 -0 1
 outer loop
  vertex -5.4573565 34.97065 77.608734
  vertex -5.4573565 32.88191 77.608734
  vertex 5.456344 34.97065 77.608734
 endloop
endfacet
facet normal 0 -0 1
 outer loop
  vertex 5.456344 34.97065 77.608734
  vertex -5.4573565 32.88191 77.608734
  vertex 5.456344 32.881905 77.608734
 endloop
endfacet
facet normal -1 0 -0
 outer loop
  vertex -6.752367 34.97065 65.40004
  vertex -6.752367 32.88191 65.40004
  vertex -6.752367 34.97065 76.31372
 endloop
endfacet
facet normal -1 0 0
 outer loop
  vertex -6.752367 34.97065 76.31372
  vertex -6.752367 32.88191 65.40004
  vertex -6.752367 32.88191 76.31372
 endloop
endfacet
facet normal 1 0 -0
 outer loop
  vertex 6.751369 32.881905 76.31372
  vertex 6.751369 32.881905 65.40004
  vertex 6.751369 34.97065 76.31372
 endloop
endfacet
facet normal 1 0 -0
 outer loop
  vertex 6.751369 34.97065 76.31372
  vertex 6.751369 32.881905 65.40004
  vertex 6.751369 34.97065 65.40004
 endloop
endfacet
facet normal -0 1 -0
 outer loop
  vertex 4.80025 34.97065 65.303154
  vertex 5.456344 34.97065 64.10501
  vertex -4.801292 34.97065 65.30317
 endloop
endfacet
facet normal 0 1 -0
 outer loop
  vertex -4.801292 34.97065 65.30317
  vertex 5.456344 34.97065 64.10501
  vertex -5.4573565 34.97065 64.10501
 endloop
endfacet
facet normal 0 1 0
 outer loop
  vertex -4.8012843 34.97065 76.41057
  vertex -5.4573565 34.97065 77.608734
  vertex 4.800243 34.97065 76.410576
 endloop
endfacet
facet normal 0 1 0
 outer loop
  vertex 4.800243 34.97065 76.410576
  vertex -5.4573565 34.97065 77.608734
  vertex 5.456344 34.97065 77.608734
 endloop
endfacet
facet normal -0 1 0
 outer loop
  vertex -5.554214 34.97065 66.05615
  vertex -6.752367 34.97065 65.40004
  vertex -5.554204 34.97065 75.65762
 endloop
endfacet
facet normal -0 1 0
 outer loop
  vertex -5.554204 34.97065 75.65762
  vertex -6.752367 34.97065 65.40004
  vertex -6.752367 34.97065 76.31372
 endloop
endfacet
facet normal 0 1 -0
 outer loop
  vertex 5.553209 34.97065 75.65763
  vertex 6.751369 34.97065 76.31372
  vertex 5.5532193 34.97065 66.056145
 endloop
endfacet
facet normal 0 1 -0
 outer loop
  vertex 5.5532193 34.97065 66.056145
  vertex 6.751369 34.97065 76.31372
  vertex 6.751369 34.97065 65.40004
 endloop
endfacet
facet normal 1.589202e-06 0 1
 outer loop
  vertex 4.80025 34.187576 65.303154
  vertex 4.80025 34.97065 65.303154
  vertex -4.801292 34.187576 65.30317
 endloop
endfacet
facet normal 1.589202e-06 0 1
 outer loop
  vertex -4.801292 34.187576 65.30317
  vertex 4.80025 34.97065 65.303154
  vertex -4.801292 34.97065 65.30317
 endloop
endfacet
facet normal 7.946022e-07 0 -1
 outer loop
  vertex -4.8012843 34.187576 76.41057
  vertex -4.8012843 34.97065 76.41057
  vertex 4.800243 34.187576 76.410576
 endloop
endfacet
facet normal 7.946022e-07 0 -1
 outer loop
  vertex 4.800243 34.187576 76.410576
  vertex -4.8012843 34.97065 76.41057
  vertex 4.800243 34.97065 76.410576
 endloop
endfacet
facet normal 1 0 -1.0429214e-06
 outer loop
  vertex -5.554214 34.187576 66.05615
  vertex -5.554214 34.97065 66.05615
  vertex -5.554204 34.187576 75.65762
 endloop
endfacet
facet normal 1 0 -1.0429214e-06
 outer loop
  vertex -5.554204 34.187576 75.65762
  vertex -5.554214 34.97065 66.05615
  vertex -5.554204 34.97065 75.65762
 endloop
endfacet
facet normal -1 -0 -1.0925827e-06
 outer loop
  vertex 5.553209 34.187576 75.65763
  vertex 5.553209 34.97065 75.65763
  vertex 5.5532193 34.187576 66.056145
 endloop
endfacet
facet normal -1 0 -1.0925827e-06
 outer loop
  vertex 5.5532193 34.187576 66.056145
  vertex 5.553209 34.97065 75.65763
  vertex 5.5532193 34.97065 66.056145
 endloop
endfacet
facet normal 6.8687035e-07 1 7.504626e-13
 outer loop
  vertex -0.00052319164 34.18758 70.85689
  vertex 5.553209 34.187576 75.65763
  vertex 5.5532193 34.187576 66.056145
 endloop
endfacet
facet normal -5.457939e-13 1 6.868769e-07
 outer loop
  vertex -4.8012843 34.187576 76.41057
  vertex 4.800243 34.187576 76.410576
  vertex -0.00052319164 34.18758 70.85689
 endloop
endfacet
facet normal 3.6840572e-07 1 3.6841598e-07
 outer loop
  vertex -0.00052319164 34.18758 70.85689
  vertex 4.800243 34.187576 76.410576
  vertex 5.553209 34.187576 75.65763
 endloop
endfacet
facet normal 0.19613712 0 -0.98057646
 outer loop
  vertex 5.456344 34.97065 64.10501
  vertex 6.175792 34.97065 64.24892
  vertex 5.456344 32.881905 64.10501
 endloop
endfacet
facet normal 0.35836226 -0.059244193 -0.93170094
 outer loop
  vertex 5.456344 32.881905 64.10501
  vertex 6.175792 34.97065 64.24892
  vertex 6.39163 32.881905 64.46475
 endloop
endfacet
facet normal -0.35836193 -0.059244346 -0.931701
 outer loop
  vertex -6.3926435 32.88191 64.46475
  vertex -6.1768055 34.97065 64.24892
  vertex -5.4573565 32.88191 64.10501
 endloop
endfacet
facet normal -0.19613689 0 -0.9805765
 outer loop
  vertex -5.4573565 32.88191 64.10501
  vertex -6.1768055 34.97065 64.24892
  vertex -5.4573565 34.97065 64.10501
 endloop
endfacet
facet normal -0.35834867 -0.059246235 0.931706
 outer loop
  vertex -6.3926435 32.88191 77.24901
  vertex -5.4573565 32.88191 77.608734
  vertex -6.1768055 34.97065 77.46484
 endloop
endfacet
facet normal -0.1961169 0 0.98058057
 outer loop
  vertex -6.1768055 34.97065 77.46484
  vertex -5.4573565 32.88191 77.608734
  vertex -5.4573565 34.97065 77.608734
 endloop
endfacet
facet normal 0.19611712 -0 0.9805804
 outer loop
  vertex 5.456344 34.97065 77.608734
  vertex 5.456344 32.881905 77.608734
  vertex 6.175792 34.97065 77.46484
 endloop
endfacet
facet normal 0.358349 -0.05924608 0.9317059
 outer loop
  vertex 6.175792 34.97065 77.46484
  vertex 5.456344 32.881905 77.608734
  vertex 6.39163 32.881905 77.24901
 endloop
endfacet
facet normal 0 1 0
 outer loop
  vertex -5.4573565 34.97065 64.10501
  vertex -6.1768055 34.97065 64.24892
  vertex -4.801292 34.97065 65.30317
 endloop
endfacet
facet normal -0 1 0
 outer loop
  vertex 6.751369 34.97065 65.40004
  vertex 6.607468 34.97065 64.68059
  vertex 5.5532193 34.97065 66.056145
 endloop
endfacet
facet normal 0 1 0
 outer loop
  vertex -6.752367 34.97065 76.31372
  vertex -6.6084814 34.97065 77.03317
  vertex -5.554204 34.97065 75.65762
 endloop
endfacet
facet normal 0 1 -0
 outer loop
  vertex 5.456344 34.97065 77.608734
  vertex 6.175792 34.97065 77.46484
  vertex 4.800243 34.97065 76.410576
 endloop
endfacet
facet normal 0.70710284 0 -0.7071107
 outer loop
  vertex 6.175792 34.97065 64.24892
  vertex 6.607468 34.97065 64.68059
  vertex 6.39163 32.881905 64.46475
 endloop
endfacet
facet normal 0.98057795 0 -0.19612987
 outer loop
  vertex 6.751369 34.97065 65.40004
  vertex 6.751369 32.881905 65.40004
  vertex 6.607468 34.97065 64.68059
 endloop
endfacet
facet normal 0.93170184 -0.059246022 -0.3583597
 outer loop
  vertex 6.607468 34.97065 64.68059
  vertex 6.751369 32.881905 65.40004
  vertex 6.39163 32.881905 64.46475
 endloop
endfacet
facet normal -0.70710284 0 -0.70711064
 outer loop
  vertex -6.3926435 32.88191 64.46475
  vertex -6.6084814 34.97065 64.68059
  vertex -6.1768055 34.97065 64.24892
 endloop
endfacet
facet normal -0.9317068 -0.059248026 -0.3583464
 outer loop
  vertex -6.3926435 32.88191 64.46475
  vertex -6.752367 32.88191 65.40004
  vertex -6.6084814 34.97065 64.68059
 endloop
endfacet
facet normal -0.98058194 -0 -0.19610988
 outer loop
  vertex -6.6084814 34.97065 64.68059
  vertex -6.752367 32.88191 65.40004
  vertex -6.752367 34.97065 65.40004
 endloop
endfacet
facet normal -0.70710284 0 0.70711064
 outer loop
  vertex -6.1768055 34.97065 77.46484
  vertex -6.6084814 34.97065 77.03317
  vertex -6.3926435 32.88191 77.24901
 endloop
endfacet
facet normal -0.98058194 0 0.19610988
 outer loop
  vertex -6.752367 34.97065 76.31372
  vertex -6.752367 32.88191 76.31372
  vertex -6.6084814 34.97065 77.03317
 endloop
endfacet
facet normal -0.9317068 -0.059248026 0.3583464
 outer loop
  vertex -6.6084814 34.97065 77.03317
  vertex -6.752367 32.88191 76.31372
  vertex -6.3926435 32.88191 77.24901
 endloop
endfacet
facet normal 0.70710284 0 0.7071107
 outer loop
  vertex 6.39163 32.881905 77.24901
  vertex 6.607468 34.97065 77.03317
  vertex 6.175792 34.97065 77.46484
 endloop
endfacet
facet normal 0.93170184 -0.059246022 0.3583597
 outer loop
  vertex 6.39163 32.881905 77.24901
  vertex 6.751369 32.881905 76.31372
  vertex 6.607468 34.97065 77.03317
 endloop
endfacet
facet normal 0.98057795 0 0.19612987
 outer loop
  vertex 6.607468 34.97065 77.03317
  vertex 6.751369 32.881905 76.31372
  vertex 6.751369 34.97065 76.31372
 endloop
endfacet
facet normal 0 1 -0
 outer loop
  vertex -5.554214 34.97065 66.05615
  vertex -4.801292 34.97065 65.30317
  vertex -6.6084814 34.97065 64.68059
 endloop
endfacet
facet normal 0 1 -0
 outer loop
  vertex -6.6084814 34.97065 64.68059
  vertex -4.801292 34.97065 65.30317
  vertex -6.1768055 34.97065 64.24892
 endloop
endfacet
facet normal 0 1 0
 outer loop
  vertex -6.6084814 34.97065 64.68059
  vertex -6.752367 34.97065 65.40004
  vertex -5.554214 34.97065 66.05615
 endloop
endfacet
facet normal 0 1 0
 outer loop
  vertex 6.175792 34.97065 64.24892
  vertex 4.80025 34.97065 65.303154
  vertex 6.607468 34.97065 64.68059
 endloop
endfacet
facet normal 0 1 0
 outer loop
  vertex 6.607468 34.97065 64.68059
  vertex 4.80025 34.97065 65.303154
  vertex 5.5532193 34.97065 66.056145
 endloop
endfacet
facet normal -0 1 0
 outer loop
  vertex 6.175792 34.97065 64.24892
  vertex 5.456344 34.97065 64.10501
  vertex 4.80025 34.97065 65.303154
 endloop
endfacet
facet normal 0 1 0
 outer loop
  vertex -6.6084814 34.97065 77.03317
  vertex -6.1768055 34.97065 77.46484
  vertex -5.554204 34.97065 75.65762
 endloop
endfacet
facet normal 0 1 0
 outer loop
  vertex -5.554204 34.97065 75.65762
  vertex -6.1768055 34.97065 77.46484
  vertex -4.8012843 34.97065 76.41057
 endloop
endfacet
facet normal 0 1 0
 outer loop
  vertex -6.1768055 34.97065 77.46484
  vertex -5.4573565 34.97065 77.608734
  vertex -4.8012843 34.97065 76.41057
 endloop
endfacet
facet normal 0 1 0
 outer loop
  vertex 5.553209 34.97065 75.65763
  vertex 4.800243 34.97065 76.410576
  vertex 6.607468 34.97065 77.03317
 endloop
endfacet
facet normal -0 1 0
 outer loop
  vertex 6.607468 34.97065 77.03317
  vertex 4.800243 34.97065 76.410576
  vertex 6.175792 34.97065 77.46484
 endloop
endfacet
facet normal 0 1 -0
 outer loop
  vertex 6.607468 34.97065 77.03317
  vertex 6.751369 34.97065 76.31372
  vertex 5.553209 34.97065 75.65763
 endloop
endfacet
facet normal 0.70713544 0 0.7070781
 outer loop
  vertex -4.801292 34.97065 65.30317
  vertex -5.554214 34.97065 66.05615
  vertex -4.801292 34.187576 65.30317
 endloop
endfacet
facet normal 0.70713544 -0 0.7070781
 outer loop
  vertex -4.801292 34.187576 65.30317
  vertex -5.554214 34.97065 66.05615
  vertex -5.554214 34.187576 66.05615
 endloop
endfacet
facet normal -0.70711684 0 0.70709676
 outer loop
  vertex 5.5532193 34.97065 66.056145
  vertex 4.80025 34.97065 65.303154
  vertex 5.5532193 34.187576 66.056145
 endloop
endfacet
facet normal -0.70711684 0 0.70709676
 outer loop
  vertex 5.5532193 34.187576 66.056145
  vertex 4.80025 34.97065 65.303154
  vertex 4.80025 34.187576 65.303154
 endloop
endfacet
facet normal 0.70711863 0 -0.7070949
 outer loop
  vertex -5.554204 34.97065 75.65762
  vertex -4.8012843 34.97065 76.41057
  vertex -5.554204 34.187576 75.65762
 endloop
endfacet
facet normal 0.70711863 0 -0.7070949
 outer loop
  vertex -5.554204 34.187576 75.65762
  vertex -4.8012843 34.97065 76.41057
  vertex -4.8012843 34.187576 76.41057
 endloop
endfacet
facet normal -0.70709693 0 -0.70711666
 outer loop
  vertex 5.553209 34.97065 75.65763
  vertex 5.553209 34.187576 75.65763
  vertex 4.800243 34.97065 76.410576
 endloop
endfacet
facet normal -0.70709693 0 -0.70711666
 outer loop
  vertex 4.800243 34.97065 76.410576
  vertex 5.553209 34.187576 75.65763
  vertex 4.800243 34.187576 76.410576
 endloop
endfacet
facet normal -1.0915779e-12 1 -6.8687166e-07
 outer loop
  vertex -0.00052319164 34.18758 70.85689
  vertex 4.80025 34.187576 65.303154
  vertex -4.801292 34.187576 65.30317
 endloop
endfacet
facet normal 3.6841502e-07 1 -3.684045e-07
 outer loop
  vertex 4.80025 34.187576 65.303154
  vertex -0.00052319164 34.18758 70.85689
  vertex 5.5532193 34.187576 66.056145
 endloop
endfacet
facet normal -3.6841828e-07 1 3.6840592e-07
 outer loop
  vertex -4.8012843 34.187576 76.41057
  vertex -0.00052319164 34.18758 70.85689
  vertex -5.554204 34.187576 75.65762
 endloop
endfacet
facet normal -6.8687666e-07 1 7.163584e-13
 outer loop
  vertex -5.554214 34.187576 66.05615
  vertex -5.554204 34.187576 75.65762
  vertex -0.00052319164 34.18758 70.85689
 endloop
endfacet
facet normal -3.6842607e-07 1 -3.683962e-07
 outer loop
  vertex -4.801292 34.187576 65.30317
  vertex -5.554214 34.187576 66.05615
  vertex -0.00052319164 34.18758 70.85689
 endloop
endfacet
facet normal -0 -0 -1
 outer loop
  vertex -41.959854 -25.84712 92.47818
  vertex -41.959854 -22.265491 92.47818
  vertex -36.856796 -25.847118 92.47818
 endloop
endfacet
facet normal -0 -0 -1
 outer loop
  vertex -36.856796 -25.847118 92.47818
  vertex -41.959854 -22.265491 92.47818
  vertex -36.856796 -22.265491 92.47818
 endloop
endfacet
facet normal 1.4950633e-06 -0 1
 outer loop
  vertex -41.959854 -22.106392 73.13671
  vertex -41.959854 -26.026411 73.13671
  vertex -36.856796 -22.106392 73.1367
 endloop
endfacet
facet normal 1.4950634e-06 0 1
 outer loop
  vertex -36.856796 -22.106392 73.1367
  vertex -41.959854 -26.026411 73.13671
  vertex -36.856796 -26.026413 73.1367
 endloop
endfacet
facet normal -0 -1 0
 outer loop
  vertex -41.959854 -20.88128 91.01369
  vertex -41.959854 -20.88128 74.43537
  vertex -36.856796 -20.88128 91.01369
 endloop
endfacet
facet normal 0 -1 0
 outer loop
  vertex -36.856796 -20.88128 91.01369
  vertex -41.959854 -20.88128 74.43537
  vertex -36.856796 -20.88128 74.43537
 endloop
endfacet
facet normal 0 1 0
 outer loop
  vertex -41.959854 -27.384089 74.43537
  vertex -41.959854 -27.384089 91.01369
  vertex -36.856796 -27.384089 74.43537
 endloop
endfacet
facet normal -1.1212975e-06 1 -3.4515242e-07
 outer loop
  vertex -36.856796 -27.384089 74.43537
  vertex -41.959854 -27.384089 91.01369
  vertex -36.856796 -27.384083 91.01369
 endloop
endfacet
facet normal 0 -0.89176995 -0.452489
 outer loop
  vertex -41.959854 -21.343649 91.92493
  vertex -41.959854 -20.88128 91.01369
  vertex -36.856796 -21.343649 91.92493
 endloop
endfacet
facet normal -0 -0.89176995 -0.452489
 outer loop
  vertex -36.856796 -21.343649 91.92493
  vertex -41.959854 -20.88128 91.01369
  vertex -36.856796 -20.88128 91.01369
 endloop
endfacet
facet normal 0 -0.5145967 -0.8574323
 outer loop
  vertex -41.959854 -22.265491 92.47818
  vertex -41.959854 -21.343649 91.92493
  vertex -36.856796 -22.265491 92.47818
 endloop
endfacet
facet normal -0 -0.5145967 -0.8574323
 outer loop
  vertex -36.856796 -22.265491 92.47818
  vertex -41.959854 -21.343649 91.92493
  vertex -36.856796 -21.343649 91.92493
 endloop
endfacet
facet normal -7.020404e-07 0.4683581 -0.88353866
 outer loop
  vertex -41.959854 -26.89081 91.92493
  vertex -41.959854 -25.84712 92.47818
  vertex -36.856796 -26.890802 91.92493
 endloop
endfacet
facet normal -1.7505702e-07 0.4683602 -0.88353765
 outer loop
  vertex -36.856796 -26.890802 91.92493
  vertex -41.959854 -25.84712 92.47818
  vertex -36.856796 -25.847118 92.47818
 endloop
endfacet
facet normal -9.863248e-07 0.87941706 -0.47605214
 outer loop
  vertex -41.959854 -27.384089 91.01369
  vertex -41.959854 -26.89081 91.92493
  vertex -36.856796 -27.384083 91.01369
 endloop
endfacet
facet normal -1.3147832e-06 0.87941635 -0.47605354
 outer loop
  vertex -36.856796 -27.384083 91.01369
  vertex -41.959854 -26.89081 91.92493
  vertex -36.856796 -26.890802 91.92493
 endloop
endfacet
facet normal 0 -0.5806871 0.81412685
 outer loop
  vertex -41.959854 -21.343649 73.68075
  vertex -41.959854 -22.106392 73.13671
  vertex -36.856796 -21.343649 73.68075
 endloop
endfacet
facet normal 1.2171654e-06 -0.58069247 0.814123
 outer loop
  vertex -36.856796 -21.343649 73.68075
  vertex -41.959854 -22.106392 73.13671
  vertex -36.856796 -22.106392 73.1367
 endloop
endfacet
facet normal 0 -0.85267323 0.5224445
 outer loop
  vertex -41.959854 -20.88128 74.43537
  vertex -41.959854 -21.343649 73.68075
  vertex -36.856796 -20.88128 74.43537
 endloop
endfacet
facet normal 0 -0.85267323 0.5224445
 outer loop
  vertex -36.856796 -20.88128 74.43537
  vertex -41.959854 -21.343649 73.68075
  vertex -36.856796 -21.343649 73.68075
 endloop
endfacet
facet normal 1.1336293e-06 0.8370351 0.547149
 outer loop
  vertex -41.959854 -26.89081 73.68075
  vertex -41.959854 -27.384089 74.43537
  vertex -36.856796 -26.890812 73.68074
 endloop
endfacet
facet normal 0 0.8370387 0.5471437
 outer loop
  vertex -36.856796 -26.890812 73.68074
  vertex -41.959854 -27.384089 74.43537
  vertex -36.856796 -27.384089 74.43537
 endloop
endfacet
facet normal 1.4638068e-06 0.532663 0.8463275
 outer loop
  vertex -41.959854 -26.026411 73.13671
  vertex -41.959854 -26.89081 73.68075
  vertex -36.856796 -26.026413 73.1367
 endloop
endfacet
facet normal 1.4644045e-06 0.53266305 0.8463274
 outer loop
  vertex -36.856796 -26.026413 73.1367
  vertex -41.959854 -26.89081 73.68075
  vertex -36.856796 -26.890812 73.68074
 endloop
endfacet
facet normal 0 -0.046366554 -0.99892443
 outer loop
  vertex -23.177261 -36.735245 92.47818
  vertex -31.457829 -36.735245 92.47818
  vertex -21.753517 -30.980713 92.211075
 endloop
endfacet
facet normal 0 -0.046366557 -0.9989245
 outer loop
  vertex -21.753517 -30.980713 92.211075
  vertex -31.457829 -36.735245 92.47818
  vertex -32.88156 -30.980713 92.211075
 endloop
endfacet
facet normal 0 -0.04636788 0.99892443
 outer loop
  vertex -31.457819 -36.735245 73.13671
  vertex -23.177267 -36.735245 73.13671
  vertex -32.881557 -30.980713 73.403824
 endloop
endfacet
facet normal 0 -0.046367876 0.9989244
 outer loop
  vertex -32.881557 -30.980713 73.403824
  vertex -23.177267 -36.735245 73.13671
  vertex -21.753513 -30.980713 73.403824
 endloop
endfacet
facet normal 1 -1.3258062e-06 0
 outer loop
  vertex -33.963764 -36.735245 89.972244
  vertex -33.963764 -36.735245 75.642654
  vertex -33.963757 -30.980713 89.972244
 endloop
endfacet
facet normal 1 0 -5.324224e-07
 outer loop
  vertex -33.963757 -30.980713 89.972244
  vertex -33.963764 -36.735245 75.642654
  vertex -33.963764 -30.980713 75.642654
 endloop
endfacet
facet normal -1 -0 -0
 outer loop
  vertex -20.671326 -36.735245 75.642654
  vertex -20.671326 -36.735245 89.972244
  vertex -20.671326 -30.980713 75.642654
 endloop
endfacet
facet normal -1 -3.3145156e-07 -1.331056e-07
 outer loop
  vertex -20.671326 -30.980713 75.642654
  vertex -20.671326 -36.735245 89.972244
  vertex -20.671328 -30.980713 89.972244
 endloop
endfacet
facet normal 0.9828501 0 -0.18440618
 outer loop
  vertex -33.69664 -36.735245 91.395966
  vertex -33.963764 -36.735245 89.972244
  vertex -33.69664 -30.980713 91.395966
 endloop
endfacet
facet normal 0.9828511 -1.30307e-06 -0.1844011
 outer loop
  vertex -33.69664 -30.980713 91.395966
  vertex -33.963764 -36.735245 89.972244
  vertex -33.963757 -30.980713 89.972244
 endloop
endfacet
facet normal 0.70712006 0 -0.7070936
 outer loop
  vertex -32.88156 -36.735245 92.211075
  vertex -33.69664 -36.735245 91.395966
  vertex -32.88156 -30.980713 92.211075
 endloop
endfacet
facet normal 0.70712006 0 -0.7070936
 outer loop
  vertex -32.88156 -30.980713 92.211075
  vertex -33.69664 -36.735245 91.395966
  vertex -33.69664 -30.980713 91.395966
 endloop
endfacet
facet normal 0.18439204 0 -0.98285276
 outer loop
  vertex -31.457829 -36.735245 92.47818
  vertex -32.88156 -36.735245 92.211075
  vertex -32.88156 -30.980713 92.211075
 endloop
endfacet
facet normal -0.18439013 -1.2155547e-07 -0.9828532
 outer loop
  vertex -21.753513 -36.735245 92.211075
  vertex -23.177261 -36.735245 92.47818
  vertex -21.753517 -30.980713 92.211075
 endloop
endfacet
facet normal -0.70712084 -4.672521e-07 -0.70709264
 outer loop
  vertex -20.938437 -36.735245 91.395966
  vertex -21.753513 -36.735245 92.211075
  vertex -20.93844 -30.980713 91.395966
 endloop
endfacet
facet normal -0.70712084 -4.6875263e-07 -0.70709264
 outer loop
  vertex -20.93844 -30.980713 91.395966
  vertex -21.753513 -36.735245 92.211075
  vertex -21.753517 -30.980713 92.211075
 endloop
endfacet
facet normal -0.98285174 -3.2534527e-07 -0.18439727
 outer loop
  vertex -20.671326 -36.735245 89.972244
  vertex -20.938437 -36.735245 91.395966
  vertex -20.671328 -30.980713 89.972244
 endloop
endfacet
facet normal -0.9828515 -6.5153534e-07 -0.18439853
 outer loop
  vertex -20.671328 -30.980713 89.972244
  vertex -20.938437 -36.735245 91.395966
  vertex -20.93844 -30.980713 91.395966
 endloop
endfacet
facet normal 0.18439642 0 0.9828519
 outer loop
  vertex -32.881557 -36.735245 73.403824
  vertex -31.457819 -36.735245 73.13671
  vertex -32.881557 -30.980713 73.403824
 endloop
endfacet
facet normal 0.70710844 4.6725265e-07 0.7071051
 outer loop
  vertex -33.696648 -36.735245 74.21892
  vertex -32.881557 -36.735245 73.403824
  vertex -33.69665 -30.980713 74.21892
 endloop
endfacet
facet normal 0.7071068 0 0.7071068
 outer loop
  vertex -33.69665 -30.980713 74.21892
  vertex -32.881557 -36.735245 73.403824
  vertex -32.881557 -30.980713 73.403824
 endloop
endfacet
facet normal 0.98285145 0 0.1843992
 outer loop
  vertex -33.963764 -36.735245 75.642654
  vertex -33.696648 -36.735245 74.21892
  vertex -33.963764 -30.980713 75.642654
 endloop
endfacet
facet normal 0.9828519 6.5153563e-07 0.18439665
 outer loop
  vertex -33.963764 -30.980713 75.642654
  vertex -33.696648 -36.735245 74.21892
  vertex -33.69665 -30.980713 74.21892
 endloop
endfacet
facet normal -0.9828526 6.5068065e-07 0.18439314
 outer loop
  vertex -20.938435 -36.735245 74.21891
  vertex -20.671326 -36.735245 75.642654
  vertex -20.93843 -30.980713 74.21891
 endloop
endfacet
facet normal -0.98285306 0 0.18439059
 outer loop
  vertex -20.93843 -30.980713 74.21891
  vertex -20.671326 -36.735245 75.642654
  vertex -20.671326 -30.980713 75.642654
 endloop
endfacet
facet normal -0.70710844 4.67257e-07 0.7071051
 outer loop
  vertex -21.753517 -36.735245 73.403824
  vertex -20.938435 -36.735245 74.21891
  vertex -21.753513 -30.980713 73.403824
 endloop
endfacet
facet normal -0.70710844 4.687444e-07 0.7071051
 outer loop
  vertex -21.753513 -30.980713 73.403824
  vertex -20.938435 -36.735245 74.21891
  vertex -20.93843 -30.980713 74.21891
 endloop
endfacet
facet normal -0.18439499 1.2223602e-07 0.9828522
 outer loop
  vertex -23.177267 -36.735245 73.13671
  vertex -21.753517 -36.735245 73.403824
  vertex -21.753513 -30.980713 73.403824
 endloop
endfacet
facet normal -0.006971834 0.014401308 -0.999872
 outer loop
  vertex -21.129799 -21.406311 92.34463
  vertex -21.753517 -30.980713 92.211075
  vertex -34.453995 -27.856703 92.34463
 endloop
endfacet
facet normal 0 0.042711344 -0.99908745
 outer loop
  vertex -34.453995 -27.856703 92.34463
  vertex -21.753517 -30.980713 92.211075
  vertex -32.88156 -30.980713 92.211075
 endloop
endfacet
facet normal -0.85088354 0.034932394 -0.5241917
 outer loop
  vertex -20.682976 -20.789225 91.66045
  vertex -20.93844 -30.980713 91.395966
  vertex -21.129799 -21.406311 92.34463
 endloop
endfacet
facet normal -0.7060175 0.05584085 -0.7059894
 outer loop
  vertex -21.129799 -21.406311 92.34463
  vertex -20.93844 -30.980713 91.395966
  vertex -21.753517 -30.980713 92.211075
 endloop
endfacet
facet normal -0.99128264 0.020427797 -0.13015938
 outer loop
  vertex -20.523882 -20.50787 90.492966
  vertex -20.671328 -30.980713 89.972244
  vertex -20.682976 -20.789225 91.66045
 endloop
endfacet
facet normal -0.9824264 0.029409371 -0.1843188
 outer loop
  vertex -20.682976 -20.789225 91.66045
  vertex -20.671328 -30.980713 89.972244
  vertex -20.93844 -30.980713 91.395966
 endloop
endfacet
facet normal -0.99990094 0.0140776355 -2.4819485e-07
 outer loop
  vertex -20.523878 -20.507872 75.03901
  vertex -20.671326 -30.980713 75.642654
  vertex -20.523882 -20.50787 90.492966
 endloop
endfacet
facet normal -0.9999009 0.01407747 -1.330924e-07
 outer loop
  vertex -20.523882 -20.50787 90.492966
  vertex -20.671326 -30.980713 75.642654
  vertex -20.671328 -30.980713 89.972244
 endloop
endfacet
facet normal -0.990057 0.021947669 0.13894404
 outer loop
  vertex -20.523878 -20.507872 75.03901
  vertex -20.68297 -20.789225 73.94983
  vertex -20.671326 -30.980713 75.642654
 endloop
endfacet
facet normal -0.9824256 0.029491829 0.18431042
 outer loop
  vertex -20.671326 -30.980713 75.642654
  vertex -20.68297 -20.789225 73.94983
  vertex -20.93843 -30.980713 74.21891
 endloop
endfacet
facet normal -0.8545229 0.035102036 0.51822627
 outer loop
  vertex -20.68297 -20.789225 73.94983
  vertex -21.11722 -21.327765 73.270256
  vertex -20.93843 -30.980713 74.21891
 endloop
endfacet
facet normal -0.7059867 0.056305215 0.7059834
 outer loop
  vertex -20.93843 -30.980713 74.21891
  vertex -21.11722 -21.327765 73.270256
  vertex -21.753513 -30.980713 73.403824
 endloop
endfacet
facet normal -0.0070885355 0.014302488 0.9998726
 outer loop
  vertex -21.11722 -21.327765 73.270256
  vertex -34.468155 -27.945229 73.27026
  vertex -21.753513 -30.980713 73.403824
 endloop
endfacet
facet normal 0 0.043957092 0.99903333
 outer loop
  vertex -21.753513 -30.980713 73.403824
  vertex -34.468155 -27.945229 73.27026
  vertex -32.881557 -30.980713 73.403824
 endloop
endfacet
facet normal 0.6148705 0.3524244 0.7055007
 outer loop
  vertex -34.468155 -27.945229 73.27026
  vertex -34.910446 -28.533957 73.94983
  vertex -32.881557 -30.980713 73.403824
 endloop
endfacet
facet normal 0.64993876 0.39390254 0.64993876
 outer loop
  vertex -32.881557 -30.980713 73.403824
  vertex -34.910446 -28.533957 73.94983
  vertex -33.69665 -30.980713 74.21892
 endloop
endfacet
facet normal 0.85611975 0.45221445 0.25012228
 outer loop
  vertex -34.910446 -28.533957 73.94983
  vertex -35.071983 -28.83057 75.03901
  vertex -33.69665 -30.980713 74.21892
 endloop
endfacet
facet normal 0.8581483 0.48750418 0.16100053
 outer loop
  vertex -33.69665 -30.980713 74.21892
  vertex -35.071983 -28.83057 75.03901
  vertex -33.963764 -30.980713 75.642654
 endloop
endfacet
facet normal 0.88887864 0.45814276 -1.6963382e-07
 outer loop
  vertex -35.071983 -28.83057 75.03901
  vertex -35.071983 -28.830564 90.492966
  vertex -33.963764 -30.980713 75.642654
 endloop
endfacet
facet normal 0.8888778 0.45814443 -4.7460148e-07
 outer loop
  vertex -33.963764 -30.980713 75.642654
  vertex -35.071983 -28.830564 90.492966
  vertex -33.963757 -30.980713 89.972244
 endloop
endfacet
facet normal 0.8606517 0.45224878 -0.23398633
 outer loop
  vertex -34.910442 -28.533945 91.66045
  vertex -33.69664 -30.980713 91.395966
  vertex -35.071983 -28.830564 90.492966
 endloop
endfacet
facet normal 0.8607394 0.48275092 -0.1614907
 outer loop
  vertex -35.071983 -28.830564 90.492966
  vertex -33.69664 -30.980713 91.395966
  vertex -33.963757 -30.980713 89.972244
 endloop
endfacet
facet normal 0.5987663 0.33253112 -0.7286302
 outer loop
  vertex -34.453995 -27.856703 92.34463
  vertex -32.88156 -30.980713 92.211075
  vertex -34.910442 -28.533945 91.66045
 endloop
endfacet
facet normal 0.6502623 0.39287347 -0.6502379
 outer loop
  vertex -34.910442 -28.533945 91.66045
  vertex -32.88156 -30.980713 92.211075
  vertex -33.69664 -30.980713 91.395966
 endloop
endfacet
facet normal -0.008491623 0 -0.999964
 outer loop
  vertex -36.856796 -22.265491 92.47818
  vertex -21.129799 -21.406311 92.34463
  vertex -36.856796 -25.847118 92.47818
 endloop
endfacet
facet normal -0.020355375 0.042046905 -0.9989083
 outer loop
  vertex -36.856796 -25.847118 92.47818
  vertex -21.129799 -21.406311 92.34463
  vertex -34.453995 -27.856703 92.34463
 endloop
endfacet
facet normal 0.02082712 -0.5144851 -0.85724634
 outer loop
  vertex -36.856796 -22.265491 92.47818
  vertex -36.856796 -21.343649 91.92493
  vertex -21.129799 -21.406311 92.34463
 endloop
endfacet
facet normal 0.014752126 -0.7472677 -0.66435933
 outer loop
  vertex -21.129799 -21.406311 92.34463
  vertex -36.856796 -21.343649 91.92493
  vertex -20.682976 -20.789225 91.66045
 endloop
endfacet
facet normal 0.02316381 -0.8915307 -0.4523676
 outer loop
  vertex -36.856796 -21.343649 91.92493
  vertex -36.856796 -20.88128 91.01369
  vertex -20.682976 -20.789225 91.66045
 endloop
endfacet
facet normal 0.014826547 -0.9725196 -0.23234871
 outer loop
  vertex -20.682976 -20.789225 91.66045
  vertex -36.856796 -20.88128 91.01369
  vertex -20.523882 -20.50787 90.492966
 endloop
endfacet
facet normal 0.022856401 -0.9997388 0
 outer loop
  vertex -36.856796 -20.88128 74.43537
  vertex -20.523878 -20.507872 75.03901
  vertex -36.856796 -20.88128 91.01369
 endloop
endfacet
facet normal 0.022856528 -0.99973875 1.2903111e-07
 outer loop
  vertex -36.856796 -20.88128 91.01369
  vertex -20.523878 -20.507872 75.03901
  vertex -20.523882 -20.50787 90.492966
 endloop
endfacet
facet normal 0.020532731 -0.8524935 0.52233434
 outer loop
  vertex -36.856796 -21.343649 73.68075
  vertex -20.68297 -20.789225 73.94983
  vertex -36.856796 -20.88128 74.43537
 endloop
endfacet
facet normal 0.012967245 -0.9685939 0.24830957
 outer loop
  vertex -36.856796 -20.88128 74.43537
  vertex -20.68297 -20.789225 73.94983
  vertex -20.523878 -20.507872 75.03901
 endloop
endfacet
facet normal 0.021813367 -0.5805543 0.81392926
 outer loop
  vertex -36.856796 -22.106392 73.1367
  vertex -21.11722 -21.327765 73.270256
  vertex -36.856796 -21.343649 73.68075
 endloop
endfacet
facet normal 0.016819201 -0.78883296 0.6143774
 outer loop
  vertex -36.856796 -21.343649 73.68075
  vertex -21.11722 -21.327765 73.270256
  vertex -20.68297 -20.789225 73.94983
 endloop
endfacet
facet normal -0.008484837 0 0.99996394
 outer loop
  vertex -36.856796 -22.106392 73.1367
  vertex -36.856796 -26.026413 73.1367
  vertex -21.11722 -21.327765 73.270256
 endloop
endfacet
facet normal -0.021310864 0.04299647 0.99884796
 outer loop
  vertex -36.856796 -26.026413 73.1367
  vertex -34.468155 -27.945229 73.27026
  vertex -21.11722 -21.327765 73.270256
 endloop
endfacet
facet normal 0.35568365 0.49783027 0.7909831
 outer loop
  vertex -36.856796 -26.026413 73.1367
  vertex -36.856796 -26.890812 73.68074
  vertex -34.468155 -27.945229 73.27026
 endloop
endfacet
facet normal 0.37574264 0.56533206 0.734314
 outer loop
  vertex -34.468155 -27.945229 73.27026
  vertex -36.856796 -26.890812 73.68074
  vertex -34.910446 -28.533957 73.94983
 endloop
endfacet
facet normal 0.5336425 0.7078922 0.46272498
 outer loop
  vertex -36.856796 -26.890812 73.68074
  vertex -36.856796 -27.384089 74.43537
  vertex -34.910446 -28.533957 73.94983
 endloop
endfacet
facet normal 0.5394896 0.78869885 0.2947966
 outer loop
  vertex -34.910446 -28.533957 73.94983
  vertex -36.856796 -27.384089 74.43537
  vertex -35.071983 -28.83057 75.03901
 endloop
endfacet
facet normal 0.6296277 0.7768971 -2.6814791e-07
 outer loop
  vertex -36.856796 -27.384089 74.43537
  vertex -36.856796 -27.384083 91.01369
  vertex -35.071983 -28.83057 75.03901
 endloop
endfacet
facet normal 0.6296275 0.7768972 -2.8876175e-07
 outer loop
  vertex -35.071983 -28.83057 75.03901
  vertex -36.856796 -27.384083 91.01369
  vertex -35.071983 -28.830564 90.492966
 endloop
endfacet
facet normal 0.56102467 0.7279801 -0.3940767
 outer loop
  vertex -36.856796 -26.890802 91.92493
  vertex -34.910442 -28.533945 91.66045
  vertex -36.856796 -27.384083 91.01369
 endloop
endfacet
facet normal 0.555234 0.78451246 -0.27614388
 outer loop
  vertex -36.856796 -27.384083 91.01369
  vertex -34.910442 -28.533945 91.66045
  vertex -35.071983 -28.830564 90.492966
 endloop
endfacet
facet normal 0.32411045 0.44307777 -0.83584356
 outer loop
  vertex -36.856796 -25.847118 92.47818
  vertex -34.453995 -27.856703 92.34463
  vertex -36.856796 -26.890802 91.92493
 endloop
endfacet
facet normal 0.350275 0.53828746 -0.76652074
 outer loop
  vertex -36.856796 -26.890802 91.92493
  vertex -34.453995 -27.856703 92.34463
  vertex -34.910442 -28.533945 91.66045
 endloop
endfacet
facet normal -0.85777485 0.5140255 0
 outer loop
  vertex -38.821136 -18.972898 72.7173
  vertex -40.21002 -21.29058 72.7173
  vertex -38.821136 -18.972898 92.93458
 endloop
endfacet
facet normal -0.85777485 0.5140255 0
 outer loop
  vertex -38.821136 -18.972898 92.93458
  vertex -40.21002 -21.29058 72.7173
  vertex -40.21002 -21.29058 92.93458
 endloop
endfacet
facet normal -0.9830888 0.18312952 0
 outer loop
  vertex -40.21002 -21.29058 72.7173
  vertex -40.688602 -23.85975 72.7173
  vertex -40.21002 -21.29058 92.93458
 endloop
endfacet
facet normal -0.9830888 0.18312952 0
 outer loop
  vertex -40.21002 -21.29058 92.93458
  vertex -40.688602 -23.85975 72.7173
  vertex -40.688602 -23.85975 92.93458
 endloop
endfacet
facet normal -0.9830888 -0.18312952 0
 outer loop
  vertex -40.688602 -23.85975 72.7173
  vertex -40.21002 -26.42892 72.7173
  vertex -40.688602 -23.85975 92.93458
 endloop
endfacet
facet normal -0.9830888 -0.18312952 -0
 outer loop
  vertex -40.688602 -23.85975 92.93458
  vertex -40.21002 -26.42892 72.7173
  vertex -40.21002 -26.42892 92.93458
 endloop
endfacet
facet normal -0.85777485 -0.5140255 0
 outer loop
  vertex -40.21002 -26.42892 72.7173
  vertex -38.821136 -28.746603 72.7173
  vertex -40.21002 -26.42892 92.93458
 endloop
endfacet
facet normal -0.85777485 -0.5140255 -0
 outer loop
  vertex -40.21002 -26.42892 92.93458
  vertex -38.821136 -28.746603 72.7173
  vertex -38.821136 -28.746603 92.93458
 endloop
endfacet
facet normal -0.5453564 -0.83820426 0
 outer loop
  vertex -34.765907 -32.384125 72.634445
  vertex -32.702965 -33.726326 72.634445
  vertex -34.765907 -32.384125 93.56021
 endloop
endfacet
facet normal -0.5453564 -0.83820426 -0
 outer loop
  vertex -34.765907 -32.384125 93.56021
  vertex -32.702965 -33.726326 72.634445
  vertex -32.702965 -33.726326 93.56021
 endloop
endfacet
facet normal -0.3146699 -0.9492012 0
 outer loop
  vertex -32.702965 -33.726326 72.634445
  vertex -30.103504 -34.588074 72.634445
  vertex -32.702965 -33.726326 93.56021
 endloop
endfacet
facet normal -0.3146699 -0.9492012 -0
 outer loop
  vertex -32.702965 -33.726326 93.56021
  vertex -30.103504 -34.588074 72.634445
  vertex -30.103504 -34.588074 93.56021
 endloop
endfacet
facet normal -0.102506906 -0.99473226 0
 outer loop
  vertex -30.103504 -34.588074 72.634445
  vertex -27.221985 -34.885014 72.634445
  vertex -30.103504 -34.588074 93.56021
 endloop
endfacet
facet normal -0.102506906 -0.99473226 -0
 outer loop
  vertex -30.103504 -34.588074 93.56021
  vertex -27.221985 -34.885014 72.634445
  vertex -27.221985 -34.885014 93.56021
 endloop
endfacet
facet normal 0.10250684 -0.99473226 0
 outer loop
  vertex -27.221985 -34.885014 72.634445
  vertex -24.340464 -34.588074 72.634445
  vertex -27.221985 -34.885014 93.56021
 endloop
endfacet
facet normal 0.10250684 -0.99473226 0
 outer loop
  vertex -27.221985 -34.885014 93.56021
  vertex -24.340464 -34.588074 72.634445
  vertex -24.340464 -34.588074 93.56021
 endloop
endfacet
facet normal 0.31467012 -0.9492011 0
 outer loop
  vertex -24.340464 -34.588074 72.634445
  vertex -21.741005 -33.726326 72.634445
  vertex -24.340464 -34.588074 93.56021
 endloop
endfacet
facet normal 0.31467012 -0.9492011 0
 outer loop
  vertex -24.340464 -34.588074 93.56021
  vertex -21.741005 -33.726326 72.634445
  vertex -21.741005 -33.726326 93.56021
 endloop
endfacet
facet normal 0.5453571 -0.83820385 0
 outer loop
  vertex -21.741005 -33.726326 72.634445
  vertex -19.678066 -32.384125 72.634445
  vertex -21.741005 -33.726326 93.56021
 endloop
endfacet
facet normal 0.5453571 -0.83820385 0
 outer loop
  vertex -21.741005 -33.726326 93.56021
  vertex -19.678066 -32.384125 72.634445
  vertex -19.678066 -32.384125 93.56021
 endloop
endfacet
facet normal -0.10164903 -0.8535342 0.51102525
 outer loop
  vertex 4.7508024e-06 -37.964615 88.74007
  vertex -5.01059 -37.96462 87.74339
  vertex 4.7508947e-06 -39.55226 86.08832
 endloop
endfacet
facet normal -0.10164899 -0.85353416 0.51102537
 outer loop
  vertex 4.7508947e-06 -39.55226 86.08832
  vertex -5.01059 -37.96462 87.74339
  vertex -3.9958112 -39.55226 85.2935
 endloop
endfacet
facet normal -0.28947383 -0.85353404 0.43322563
 outer loop
  vertex -5.01059 -37.96462 87.74339
  vertex -9.258373 -37.964615 84.905106
  vertex -3.9958112 -39.55226 85.2935
 endloop
endfacet
facet normal -0.2894737 -0.8535329 0.43322814
 outer loop
  vertex -3.9958112 -39.55226 85.2935
  vertex -9.258373 -37.964615 84.905106
  vertex -7.383306 -39.55226 83.03005
 endloop
endfacet
facet normal -0.43322605 -0.85353345 0.28947514
 outer loop
  vertex -9.258373 -37.964615 84.905106
  vertex -12.096653 -37.96462 80.65735
  vertex -7.383306 -39.55226 83.03005
 endloop
endfacet
facet normal -0.43322575 -0.8535339 0.28947413
 outer loop
  vertex -7.383306 -39.55226 83.03005
  vertex -12.096653 -37.96462 80.65735
  vertex -9.646759 -39.55226 79.64258
 endloop
endfacet
facet normal -0.06986628 -0.9336741 0.35124242
 outer loop
  vertex 4.7508947e-06 -39.55226 86.08832
  vertex -3.9958112 -39.55226 85.2935
  vertex 4.7510484e-06 -40.746807 82.91297
 endloop
endfacet
facet normal -0.06986478 -0.93367344 0.35124463
 outer loop
  vertex 4.7510484e-06 -40.746807 82.91297
  vertex -3.9958112 -39.55226 85.2935
  vertex -2.7806659 -40.746807 82.35988
 endloop
endfacet
facet normal -0.19896364 -0.9336737 0.29777026
 outer loop
  vertex -3.9958112 -39.55226 85.2935
  vertex -7.383306 -39.55226 83.03005
  vertex -2.7806659 -40.746807 82.35988
 endloop
endfacet
facet normal -0.19896466 -0.93367493 0.2977656
 outer loop
  vertex -2.7806659 -40.746807 82.35988
  vertex -7.383306 -39.55226 83.03005
  vertex -5.1380076 -40.746807 80.78472
 endloop
endfacet
facet normal -0.2977679 -0.93367434 0.1989635
 outer loop
  vertex -7.383306 -39.55226 83.03005
  vertex -9.646759 -39.55226 79.64258
  vertex -5.1380076 -40.746807 80.78472
 endloop
endfacet
facet normal -0.29776838 -0.9336736 0.1989661
 outer loop
  vertex -5.1380076 -40.746807 80.78472
  vertex -9.646759 -39.55226 79.64258
  vertex -6.713134 -40.746807 78.42742
 endloop
endfacet
facet normal -0.01338649 -0.997643 0.06729984
 outer loop
  vertex 4.7512553e-06 -41.488377 79.37329
  vertex -1.4260848 -41.488377 79.08963
  vertex 4.7515045e-06 -41.739765 75.64674
 endloop
endfacet
facet normal -0.038122192 -0.997643 0.057053976
 outer loop
  vertex -1.4260848 -41.488377 79.08963
  vertex -2.635068 -41.488377 78.281815
  vertex 4.7515045e-06 -41.739765 75.64674
 endloop
endfacet
facet normal -0.05705381 -0.997643 0.038122352
 outer loop
  vertex -2.635068 -41.488377 78.281815
  vertex -3.442885 -41.488377 77.07284
  vertex 4.7515045e-06 -41.739765 75.64674
 endloop
endfacet
facet normal -0.0672997 -0.99764305 0.013386639
 outer loop
  vertex -3.442885 -41.488377 77.07284
  vertex -3.726552 -41.488377 75.646736
  vertex 4.7515045e-06 -41.739765 75.64674
 endloop
endfacet
facet normal -0.06729964 -0.997643 -0.013386726
 outer loop
  vertex -3.726552 -41.488377 75.646736
  vertex -3.4428859 -41.488377 74.22065
  vertex 4.7515045e-06 -41.739765 75.64674
 endloop
endfacet
facet normal -0.057053886 -0.99764293 -0.038122118
 outer loop
  vertex -3.4428859 -41.488377 74.22065
  vertex -2.6350698 -41.488377 73.011665
  vertex 4.7515045e-06 -41.739765 75.64674
 endloop
endfacet
facet normal -0.038122345 -0.997643 -0.057053633
 outer loop
  vertex -2.6350698 -41.488377 73.011665
  vertex -1.4260874 -41.488377 72.20384
  vertex 4.7515045e-06 -41.739765 75.64674
 endloop
endfacet
facet normal -0.013386409 -0.997643 -0.06729956
 outer loop
  vertex -1.4260874 -41.488377 72.20384
  vertex 4.751784e-06 -41.488377 71.92018
  vertex 4.7515045e-06 -41.739765 75.64674
 endloop
endfacet
facet normal -0.21377958 -0.976705 0.01859035
 outer loop
  vertex -6.713134 -40.746807 78.42742
  vertex -4.8197665 -41.196476 76.575356
  vertex -3.442885 -41.488377 77.07284
 endloop
endfacet
facet normal -0.22246388 -0.9739362 0.044250473
 outer loop
  vertex -3.442885 -41.488377 77.07284
  vertex -4.8197665 -41.196476 76.575356
  vertex -3.726552 -41.488377 75.646736
 endloop
endfacet
facet normal -0.17368788 -0.97793835 0.11605665
 outer loop
  vertex -5.1380076 -40.746807 80.78472
  vertex -6.713134 -40.746807 78.42742
  vertex -2.635068 -41.488377 78.281815
 endloop
endfacet
facet normal -0.17368796 -0.9779385 0.11605527
 outer loop
  vertex -2.635068 -41.488377 78.281815
  vertex -6.713134 -40.746807 78.42742
  vertex -3.442885 -41.488377 77.07284
 endloop
endfacet
facet normal -0.116056606 -0.9779384 0.17368749
 outer loop
  vertex -2.7806659 -40.746807 82.35988
  vertex -5.1380076 -40.746807 80.78472
  vertex -1.4260848 -41.488377 79.08963
 endloop
endfacet
facet normal -0.116055556 -0.9779382 0.17368968
 outer loop
  vertex -1.4260848 -41.488377 79.08963
  vertex -5.1380076 -40.746807 80.78472
  vertex -2.635068 -41.488377 78.281815
 endloop
endfacet
facet normal -0.0407519 -0.9779384 0.20487988
 outer loop
  vertex 4.7510484e-06 -40.746807 82.91297
  vertex -2.7806659 -40.746807 82.35988
  vertex 4.7512553e-06 -41.488377 79.37329
 endloop
endfacet
facet normal -0.04075224 -0.9779385 0.20487958
 outer loop
  vertex 4.7512553e-06 -41.488377 79.37329
  vertex -2.7806659 -40.746807 82.35988
  vertex -1.4260848 -41.488377 79.08963
 endloop
endfacet
facet normal -0.15692216 0.5941546 0.7888953
 outer loop
  vertex -5.01059 -37.96462 87.74339
  vertex 4.7508024e-06 -37.964615 88.74007
  vertex -4.500466 -36.194683 86.51184
 endloop
endfacet
facet normal -0.1569215 0.59415555 0.78889465
 outer loop
  vertex -4.500466 -36.194683 86.51184
  vertex 4.7508024e-06 -37.964615 88.74007
  vertex 4.7510034e-06 -36.194683 87.40704
 endloop
endfacet
facet normal -0.44687393 0.5941549 0.6687927
 outer loop
  vertex -9.258373 -37.964615 84.905106
  vertex -5.01059 -37.96462 87.74339
  vertex -8.315787 -36.194683 83.96252
 endloop
endfacet
facet normal -0.44687447 0.59415424 0.66879284
 outer loop
  vertex -8.315787 -36.194683 83.96252
  vertex -5.01059 -37.96462 87.74339
  vertex -4.500466 -36.194683 86.51184
 endloop
endfacet
facet normal -0.6687923 0.59415424 0.44687524
 outer loop
  vertex -12.096653 -37.96462 80.65735
  vertex -9.258373 -37.964615 84.905106
  vertex -10.865106 -36.194683 80.14722
 endloop
endfacet
facet normal -0.6687919 0.59415483 0.44687527
 outer loop
  vertex -10.865106 -36.194683 80.14722
  vertex -9.258373 -37.964615 84.905106
  vertex -8.315787 -36.194683 83.96252
 endloop
endfacet
facet normal -0.7772349 0.61231977 0.14481156
 outer loop
  vertex -12.5721035 -37.27256 75.543076
  vertex -12.907349 -37.96462 76.67004
  vertex -10.865106 -36.194683 80.14722
 endloop
endfacet
facet normal -0.7879927 0.59447384 0.16021374
 outer loop
  vertex -10.865106 -36.194683 80.14722
  vertex -12.907349 -37.96462 76.67004
  vertex -12.096653 -37.96462 80.65735
 endloop
endfacet
facet normal -0.4221966 -0.7110684 -0.562256
 outer loop
  vertex -12.5721035 -37.27256 75.543076
  vertex -9.994516 -38.814705 75.55788
  vertex -12.907349 -37.96462 76.67004
 endloop
endfacet
facet normal -0.42316145 -0.70438474 -0.5698917
 outer loop
  vertex -12.907349 -37.96462 76.67004
  vertex -9.994516 -38.814705 75.55788
  vertex -10.256756 -39.55226 76.664215
 endloop
endfacet
facet normal -0.28158596 -0.7662392 -0.5775697
 outer loop
  vertex -9.994516 -38.814705 75.55788
  vertex -6.974296 -39.94782 75.58867
  vertex -10.256756 -39.55226 76.664215
 endloop
endfacet
facet normal -0.29034302 -0.73133296 -0.617133
 outer loop
  vertex -10.256756 -39.55226 76.664215
  vertex -6.974296 -39.94782 75.58867
  vertex -7.079602 -40.746807 76.58505
 endloop
endfacet
facet normal -0.106838055 -0.7701431 -0.6288602
 outer loop
  vertex -6.974296 -39.94782 75.58867
  vertex -5.8896365 -40.17029 75.67685
  vertex -7.079602 -40.746807 76.58505
 endloop
endfacet
facet normal -0.14904915 -0.73478466 -0.6617218
 outer loop
  vertex -7.079602 -40.746807 76.58505
  vertex -5.8896365 -40.17029 75.67685
  vertex -4.8197665 -41.196476 76.575356
 endloop
endfacet
facet normal -0.65011656 -0.7547358 -0.087876625
 outer loop
  vertex -4.8197665 -41.196476 76.575356
  vertex -5.8896365 -40.17029 75.67685
  vertex -4.452885 -41.196476 73.861145
 endloop
endfacet
facet normal -0.6782789 -0.7236142 -0.12775032
 outer loop
  vertex -4.452885 -41.196476 73.861145
  vertex -5.8896365 -40.17029 75.67685
  vertex -5.445675 -40.18821 73.421165
 endloop
endfacet
facet normal -0.13299434 -0.7316346 -0.668598
 outer loop
  vertex 4.7520143e-06 -40.188198 69.78248
  vertex 4.7518747e-06 -41.196476 70.88582
  vertex -2.2556705 -40.1882 70.23117
 endloop
endfacet
facet normal -0.13299257 -0.7316324 -0.6686007
 outer loop
  vertex -2.2556705 -40.1882 70.23117
  vertex 4.7518747e-06 -41.196476 70.88582
  vertex -1.8444424 -41.196476 71.2527
 endloop
endfacet
facet normal -0.37953568 -0.7302801 -0.56801724
 outer loop
  vertex -2.2556705 -40.1882 70.23117
  vertex -1.8444424 -41.196476 71.2527
  vertex -4.167939 -40.1882 71.5089
 endloop
endfacet
facet normal -0.37953573 -0.7302802 -0.56801707
 outer loop
  vertex -4.167939 -40.1882 71.5089
  vertex -1.8444424 -41.196476 71.2527
  vertex -3.408089 -41.196476 72.29749
 endloop
endfacet
facet normal -0.5702478 -0.7277587 -0.38103122
 outer loop
  vertex -4.167939 -40.1882 71.5089
  vertex -3.408089 -41.196476 72.29749
  vertex -5.445675 -40.18821 73.421165
 endloop
endfacet
facet normal -0.57024664 -0.7277625 -0.3810256
 outer loop
  vertex -5.445675 -40.18821 73.421165
  vertex -3.408089 -41.196476 72.29749
  vertex -4.452885 -41.196476 73.861145
 endloop
endfacet
facet normal -0.5109023 -0.85333973 0.103876054
 outer loop
  vertex -12.907349 -37.96462 76.67004
  vertex -10.256756 -39.55226 76.664215
  vertex -12.096653 -37.96462 80.65735
 endloop
endfacet
facet normal -0.51002795 -0.85379153 0.104458526
 outer loop
  vertex -12.096653 -37.96462 80.65735
  vertex -10.256756 -39.55226 76.664215
  vertex -9.646759 -39.55226 79.64258
 endloop
endfacet
facet normal -0.35050255 -0.93380654 0.071786225
 outer loop
  vertex -9.646759 -39.55226 79.64258
  vertex -10.256756 -39.55226 76.664215
  vertex -6.713134 -40.746807 78.42742
 endloop
endfacet
facet normal -0.34955725 -0.9343314 0.069530845
 outer loop
  vertex -6.713134 -40.746807 78.42742
  vertex -10.256756 -39.55226 76.664215
  vertex -7.079602 -40.746807 76.58505
 endloop
endfacet
facet normal -0.19485039 -0.9800669 0.038757935
 outer loop
  vertex -6.713134 -40.746807 78.42742
  vertex -7.079602 -40.746807 76.58505
  vertex -4.8197665 -41.196476 76.575356
 endloop
endfacet
facet normal -0.05394521 -0.9610097 -0.27120164
 outer loop
  vertex -1.8444424 -41.196476 71.2527
  vertex 4.7518747e-06 -41.196476 70.88582
  vertex -1.4260874 -41.488377 72.20384
 endloop
endfacet
facet normal -0.05394386 -0.96101016 -0.27120027
 outer loop
  vertex -1.4260874 -41.488377 72.20384
  vertex 4.7518747e-06 -41.196476 70.88582
  vertex 4.751784e-06 -41.488377 71.92018
 endloop
endfacet
facet normal -0.15240225 -0.9616392 -0.22808675
 outer loop
  vertex -3.408089 -41.196476 72.29749
  vertex -1.8444424 -41.196476 71.2527
  vertex -2.6350698 -41.488377 73.011665
 endloop
endfacet
facet normal -0.15240465 -0.96163857 -0.22808774
 outer loop
  vertex -2.6350698 -41.488377 73.011665
  vertex -1.8444424 -41.196476 71.2527
  vertex -1.4260874 -41.488377 72.20384
 endloop
endfacet
facet normal -0.22478667 -0.96276253 -0.15019725
 outer loop
  vertex -4.452885 -41.196476 73.861145
  vertex -3.408089 -41.196476 72.29749
  vertex -3.4428859 -41.488377 74.22065
 endloop
endfacet
facet normal -0.22478652 -0.9627626 -0.15019727
 outer loop
  vertex -3.4428859 -41.488377 74.22065
  vertex -3.408089 -41.196476 72.29749
  vertex -2.6350698 -41.488377 73.011665
 endloop
endfacet
facet normal -0.2885736 -0.95666283 -0.039006654
 outer loop
  vertex -4.8197665 -41.196476 76.575356
  vertex -4.452885 -41.196476 73.861145
  vertex -3.726552 -41.488377 75.646736
 endloop
endfacet
facet normal -0.26022765 -0.9641588 -0.051762488
 outer loop
  vertex -3.726552 -41.488377 75.646736
  vertex -4.452885 -41.196476 73.861145
  vertex -3.4428859 -41.488377 74.22065
 endloop
endfacet
facet normal -0.05741077 -0.1054863 -0.9927622
 outer loop
  vertex -12.5721035 -37.27256 75.543076
  vertex -11.760309 -36.19468 75.3816
  vertex -9.994516 -38.814705 75.55788
 endloop
endfacet
facet normal -0.041370418 -0.09480183 -0.9946361
 outer loop
  vertex -9.994516 -38.814705 75.55788
  vertex -11.760309 -36.19468 75.3816
  vertex -9.308836 -37.68207 75.4214
 endloop
endfacet
facet normal -0.028368505 -0.10263425 -0.99431455
 outer loop
  vertex -9.994516 -38.814705 75.55788
  vertex -9.308836 -37.68207 75.4214
  vertex -6.974296 -39.94782 75.58867
 endloop
endfacet
facet normal 0.0008176432 -0.07278585 -0.9973473
 outer loop
  vertex -6.974296 -39.94782 75.58867
  vertex -9.308836 -37.68207 75.4214
  vertex -6.52514 -38.71859 75.49933
 endloop
endfacet
facet normal 0.06136767 -0.094639614 -0.9936183
 outer loop
  vertex -6.974296 -39.94782 75.58867
  vertex -6.52514 -38.71859 75.49933
  vertex -5.8896365 -40.17029 75.67685
 endloop
endfacet
facet normal 0.12977909 -0.064183444 -0.98946345
 outer loop
  vertex -5.8896365 -40.17029 75.67685
  vertex -6.52514 -38.71859 75.49933
  vertex -5.4988575 -38.915905 75.646736
 endloop
endfacet
facet normal -0.18778807 0.27111915 -0.94404984
 outer loop
  vertex -2.2556705 -40.1882 70.23117
  vertex -2.1043205 -38.915905 70.56645
  vertex 4.7520143e-06 -40.188198 69.78248
 endloop
endfacet
facet normal -0.18778425 0.27112493 -0.944049
 outer loop
  vertex 4.7520143e-06 -40.188198 69.78248
  vertex -2.1043205 -38.915905 70.56645
  vertex 4.752065e-06 -38.915905 70.14787
 endloop
endfacet
facet normal -0.534265 0.27426657 -0.79958665
 outer loop
  vertex -4.167939 -40.1882 71.5089
  vertex -3.8882806 -38.915905 71.75845
  vertex -2.2556705 -40.1882 70.23117
 endloop
endfacet
facet normal -0.53426546 0.27426586 -0.7995866
 outer loop
  vertex -2.2556705 -40.1882 70.23117
  vertex -3.8882806 -38.915905 71.75845
  vertex -2.1043205 -38.915905 70.56645
 endloop
endfacet
facet normal -0.7981968 0.2800577 -0.5333382
 outer loop
  vertex -5.445675 -40.18821 73.421165
  vertex -5.0802846 -38.915905 73.54241
  vertex -4.167939 -40.1882 71.5089
 endloop
endfacet
facet normal -0.79819655 0.28005806 -0.5333383
 outer loop
  vertex -4.167939 -40.1882 71.5089
  vertex -5.0802846 -38.915905 73.54241
  vertex -3.8882806 -38.915905 71.75845
 endloop
endfacet
facet normal -0.9391447 0.28807932 -0.1871299
 outer loop
  vertex -5.8896365 -40.17029 75.67685
  vertex -5.4988575 -38.915905 75.646736
  vertex -5.445675 -40.18821 73.421165
 endloop
endfacet
facet normal -0.9393548 0.28757715 -0.18684782
 outer loop
  vertex -5.445675 -40.18821 73.421165
  vertex -5.4988575 -38.915905 75.646736
  vertex -5.0802846 -38.915905 73.54241
 endloop
endfacet
facet normal -0.7795187 0.60902274 0.1464302
 outer loop
  vertex -12.5721035 -37.27256 75.543076
  vertex -10.865106 -36.194683 80.14722
  vertex -11.760309 -36.19468 75.3816
 endloop
endfacet
facet normal 0.101172954 0.855021 -0.50862885
 outer loop
  vertex -4.500466 -36.194683 86.51184
  vertex 4.7510034e-06 -36.194683 87.40704
  vertex 4.751126e-06 -38.278477 83.90412
 endloop
endfacet
facet normal 0.22644387 0.9131662 -0.33889616
 outer loop
  vertex -8.315787 -36.194683 83.96252
  vertex -4.500466 -36.194683 86.51184
  vertex 4.751126e-06 -38.278477 83.90412
 endloop
endfacet
facet normal 0.23889598 0.95783514 -0.15962623
 outer loop
  vertex -10.865106 -36.194683 80.14722
  vertex -8.315787 -36.194683 83.96252
  vertex 4.751126e-06 -38.278477 83.90412
 endloop
endfacet
facet normal 0.5174198 0.8501941 -0.09719473
 outer loop
  vertex -10.865106 -36.194683 80.14722
  vertex -9.308836 -37.68207 75.4214
  vertex -11.760309 -36.19468 75.3816
 endloop
endfacet
facet normal 0.33936876 0.8881118 -0.30997786
 outer loop
  vertex -6.52514 -38.71859 75.49933
  vertex -9.308836 -37.68207 75.4214
  vertex 4.751126e-06 -38.278477 83.90412
 endloop
endfacet
facet normal 0.21419255 0.952571 -0.21617146
 outer loop
  vertex -5.4988575 -38.915905 75.646736
  vertex -6.52514 -38.71859 75.49933
  vertex 4.751126e-06 -38.278477 83.90412
 endloop
endfacet
facet normal -0.009206866 0.9988858 -0.046285734
 outer loop
  vertex 4.752065e-06 -38.915905 70.14787
  vertex -2.1043205 -38.915905 70.56645
  vertex 4.751126e-06 -38.278477 83.90412
 endloop
endfacet
facet normal -0.0288489 0.9986509 -0.043175522
 outer loop
  vertex -2.1043205 -38.915905 70.56645
  vertex -3.8882806 -38.915905 71.75845
  vertex 4.751126e-06 -38.278477 83.90412
 endloop
endfacet
facet normal -0.052994374 0.99796677 -0.03540974
 outer loop
  vertex -3.8882806 -38.915905 71.75845
  vertex -5.0802846 -38.915905 73.54241
  vertex 4.751126e-06 -38.278477 83.90412
 endloop
endfacet
facet normal -0.088891484 0.99588436 -0.01768148
 outer loop
  vertex -5.0802846 -38.915905 73.54241
  vertex -5.4988575 -38.915905 75.646736
  vertex 4.751126e-06 -38.278477 83.90412
 endloop
endfacet
facet normal 0.25458002 0.94329095 -0.21305212
 outer loop
  vertex 4.751126e-06 -38.278477 83.90412
  vertex -9.308836 -37.68207 75.4214
  vertex -10.865106 -36.194683 80.14722
 endloop
endfacet
facet normal -0.51092863 -0.8533746 -0.10345853
 outer loop
  vertex -13.09333 -37.96462 75.55818
  vertex -12.096659 -37.96462 70.63613
  vertex -10.441583 -39.55226 75.55818
 endloop
endfacet
facet normal -0.510263 -0.85373163 -0.10379752
 outer loop
  vertex -10.441583 -39.55226 75.55818
  vertex -12.096659 -37.96462 70.63613
  vertex -9.646767 -39.55226 71.65091
 endloop
endfacet
facet normal -0.43322656 -0.8535344 -0.2894715
 outer loop
  vertex -12.096659 -37.96462 70.63613
  vertex -9.258385 -37.96462 66.388336
  vertex -9.646767 -39.55226 71.65091
 endloop
endfacet
facet normal -0.4332253 -0.853535 -0.2894716
 outer loop
  vertex -9.646767 -39.55226 71.65091
  vertex -9.258385 -37.96462 66.388336
  vertex -7.383316 -39.55226 68.26341
 endloop
endfacet
facet normal -0.28947124 -0.8535352 -0.43322518
 outer loop
  vertex -9.258385 -37.96462 66.388336
  vertex -5.010602 -37.96462 63.550064
  vertex -7.383316 -39.55226 68.26341
 endloop
endfacet
facet normal -0.2894707 -0.8535354 -0.433225
 outer loop
  vertex -7.383316 -39.55226 68.26341
  vertex -5.010602 -37.96462 63.550064
  vertex -3.9958227 -39.55226 65.99997
 endloop
endfacet
facet normal -0.10164908 -0.85353553 -0.511023
 outer loop
  vertex -5.010602 -37.96462 63.550064
  vertex -1.5709912e-08 -37.96462 62.55339
  vertex -3.9958227 -39.55226 65.99997
 endloop
endfacet
facet normal -0.10164936 -0.85353535 -0.5110232
 outer loop
  vertex -3.9958227 -39.55226 65.99997
  vertex -1.5709912e-08 -37.96462 62.55339
  vertex -1.5993589e-08 -39.55226 65.20515
 endloop
endfacet
facet normal -0.34913436 -0.93449575 -0.069446996
 outer loop
  vertex -6.046473 -41.001907 73.05776
  vertex -6.5446544 -41.001907 75.562294
  vertex -9.646767 -39.55226 71.65091
 endloop
endfacet
facet normal -0.3477159 -0.9349281 -0.070732266
 outer loop
  vertex -9.646767 -39.55226 71.65091
  vertex -6.5446544 -41.001907 75.562294
  vertex -10.441583 -39.55226 75.55818
 endloop
endfacet
facet normal -0.29806313 -0.93353856 -0.19915877
 outer loop
  vertex -4.6277704 -41.001907 70.93452
  vertex -6.046473 -41.001907 73.05776
  vertex -7.383316 -39.55226 68.26341
 endloop
endfacet
facet normal -0.2980627 -0.9335386 -0.1991589
 outer loop
  vertex -7.383316 -39.55226 68.26341
  vertex -6.046473 -41.001907 73.05776
  vertex -9.646767 -39.55226 71.65091
 endloop
endfacet
facet normal -0.20023462 -0.93279237 -0.2996742
 outer loop
  vertex -2.5045319 -41.001907 69.51582
  vertex -4.6277704 -41.001907 70.93452
  vertex -3.9958227 -39.55226 65.99997
 endloop
endfacet
facet normal -0.20023523 -0.9327921 -0.29967424
 outer loop
  vertex -3.9958227 -39.55226 65.99997
  vertex -4.6277704 -41.001907 70.93452
  vertex -7.383316 -39.55226 68.26341
 endloop
endfacet
facet normal -0.07051977 -0.93238336 -0.3545255
 outer loop
  vertex -1.6351361e-08 -41.001907 69.01764
  vertex -2.5045319 -41.001907 69.51582
  vertex -1.5993589e-08 -39.55226 65.20515
 endloop
endfacet
facet normal -0.070519894 -0.9323833 -0.35452554
 outer loop
  vertex -1.5993589e-08 -39.55226 65.20515
  vertex -2.5045319 -41.001907 69.51582
  vertex -3.9958227 -39.55226 65.99997
 endloop
endfacet
facet normal -0.788164 0.59441274 -0.15959623
 outer loop
  vertex -12.096659 -37.96462 70.63613
  vertex -13.09333 -37.96462 75.55818
  vertex -10.7009325 -35.95873 71.21425
 endloop
endfacet
facet normal -0.77669907 0.613029 -0.14468558
 outer loop
  vertex -10.7009325 -35.95873 71.21425
  vertex -13.09333 -37.96462 75.55818
  vertex -11.582607 -35.95873 75.94724
 endloop
endfacet
facet normal -0.6687949 0.59415346 -0.44687256
 outer loop
  vertex -9.258385 -37.96462 66.388336
  vertex -12.096659 -37.96462 70.63613
  vertex -8.190145 -35.95873 67.45659
 endloop
endfacet
facet normal -0.6687955 0.594151 -0.44687486
 outer loop
  vertex -8.190145 -35.95873 67.45659
  vertex -12.096659 -37.96462 70.63613
  vertex -10.7009325 -35.95873 71.21425
 endloop
endfacet
facet normal -0.446874 0.59415156 -0.6687955
 outer loop
  vertex -5.010602 -37.96462 63.550064
  vertex -9.258385 -37.96462 66.388336
  vertex -4.432474 -35.95873 64.945786
 endloop
endfacet
facet normal -0.4468744 0.5941546 -0.66879267
 outer loop
  vertex -4.432474 -35.95873 64.945786
  vertex -9.258385 -37.96462 66.388336
  vertex -8.190145 -35.95873 67.45659
 endloop
endfacet
facet normal -0.15692194 0.5941517 -0.7888975
 outer loop
  vertex -1.5709912e-08 -37.96462 62.55339
  vertex -5.010602 -37.96462 63.550064
  vertex -1.5696546e-08 -35.95873 64.06411
 endloop
endfacet
facet normal -0.15692185 0.59415144 -0.7888977
 outer loop
  vertex -1.5696546e-08 -35.95873 64.06411
  vertex -5.010602 -37.96462 63.550064
  vertex -4.432474 -35.95873 64.945786
 endloop
endfacet
facet normal -0.07908233 -0.13208665 0.98807853
 outer loop
  vertex -13.09333 -37.96462 75.55818
  vertex -10.441583 -39.55226 75.55818
  vertex -11.582607 -35.95873 75.94724
 endloop
endfacet
facet normal 0.1745435 -0.44671324 0.8774861
 outer loop
  vertex -1.6351361e-08 -41.001907 69.01764
  vertex -1.6294655e-08 -38.637825 70.22115
  vertex -2.5045319 -41.001907 69.51582
 endloop
endfacet
facet normal 0.17454179 -0.44671175 0.8774872
 outer loop
  vertex -2.5045319 -41.001907 69.51582
  vertex -1.6294655e-08 -38.637825 70.22115
  vertex -2.0762782 -38.637825 70.63415
 endloop
endfacet
facet normal 0.49811116 -0.44288102 0.7454808
 outer loop
  vertex -2.5045319 -41.001907 69.51582
  vertex -2.0762782 -38.637825 70.63415
  vertex -4.6277704 -41.001907 70.93452
 endloop
endfacet
facet normal 0.49811283 -0.44288316 0.7454785
 outer loop
  vertex -4.6277704 -41.001907 70.93452
  vertex -2.0762782 -38.637825 70.63415
  vertex -3.8364615 -38.637825 71.810265
 endloop
endfacet
facet normal 0.7483841 -0.43573904 0.50005263
 outer loop
  vertex -4.6277704 -41.001907 70.93452
  vertex -3.8364615 -38.637825 71.810265
  vertex -6.046473 -41.001907 73.05776
 endloop
endfacet
facet normal 0.74838424 -0.43573943 0.50005215
 outer loop
  vertex -6.046473 -41.001907 73.05776
  vertex -3.8364615 -38.637825 71.810265
  vertex -5.0125747 -38.637825 73.57045
 endloop
endfacet
facet normal 0.88720965 -0.4262804 0.17647663
 outer loop
  vertex -6.046473 -41.001907 73.05776
  vertex -5.0125747 -38.637825 73.57045
  vertex -6.5446544 -41.001907 75.562294
 endloop
endfacet
facet normal 0.88552845 -0.43383187 0.16622083
 outer loop
  vertex -6.5446544 -41.001907 75.562294
  vertex -5.0125747 -38.637825 73.57045
  vertex -5.425572 -38.637825 75.77066
 endloop
endfacet
facet normal -0.028684003 -0.07428042 0.9968248
 outer loop
  vertex -5.425572 -38.637825 75.77066
  vertex -10.441583 -39.55226 75.55818
  vertex -6.5446544 -41.001907 75.562294
 endloop
endfacet
facet normal -0.021239819 -0.11427726 0.9932218
 outer loop
  vertex -5.425572 -38.637825 75.77066
  vertex -11.582607 -35.95873 75.94724
  vertex -10.441583 -39.55226 75.55818
 endloop
endfacet
facet normal 0.2981125 0.8572373 0.41984886
 outer loop
  vertex -10.7009325 -35.95873 71.21425
  vertex -3.8364615 -38.637825 71.810265
  vertex -1.593942e-08 -37.298283 66.35115
 endloop
endfacet
facet normal 0.27010942 0.87385637 0.4042473
 outer loop
  vertex -1.593942e-08 -37.298283 66.35115
  vertex -3.8364615 -38.637825 71.810265
  vertex -2.0762782 -38.637825 70.63415
 endloop
endfacet
facet normal 0.17570946 0.97741604 0.117405295
 outer loop
  vertex -8.190145 -35.95873 67.45659
  vertex -10.7009325 -35.95873 71.21425
  vertex -1.593942e-08 -37.298283 66.35115
 endloop
endfacet
facet normal 0.19229026 0.938193 0.28778177
 outer loop
  vertex -4.432474 -35.95873 64.945786
  vertex -8.190145 -35.95873 67.45659
  vertex -1.593942e-08 -37.298283 66.35115
 endloop
endfacet
facet normal 0.100027025 0.85855556 0.5028688
 outer loop
  vertex -1.5696546e-08 -35.95873 64.06411
  vertex -4.432474 -35.95873 64.945786
  vertex -1.593942e-08 -37.298283 66.35115
 endloop
endfacet
facet normal 0.06492538 0.9429979 0.32640433
 outer loop
  vertex -2.0762782 -38.637825 70.63415
  vertex -1.6294655e-08 -38.637825 70.22115
  vertex -1.593942e-08 -37.298283 66.35115
 endloop
endfacet
facet normal 0.3993089 0.91374743 0.07495351
 outer loop
  vertex -5.0125747 -38.637825 73.57045
  vertex -10.7009325 -35.95873 71.21425
  vertex -5.425572 -38.637825 75.77066
 endloop
endfacet
facet normal 0.39967936 0.9136264 0.07445334
 outer loop
  vertex -5.425572 -38.637825 75.77066
  vertex -10.7009325 -35.95873 71.21425
  vertex -11.582607 -35.95873 75.94724
 endloop
endfacet
facet normal 0.3371892 0.9140802 0.22530158
 outer loop
  vertex -3.8364615 -38.637825 71.810265
  vertex -10.7009325 -35.95873 71.21425
  vertex -5.0125747 -38.637825 73.57045
 endloop
endfacet
facet normal 0.10164902 -0.8535342 0.51102525
 outer loop
  vertex 4.7508024e-06 -37.964615 88.74007
  vertex 4.7508947e-06 -39.55226 86.08832
  vertex 5.0105996 -37.96462 87.74339
 endloop
endfacet
facet normal 0.101648994 -0.8535342 0.51102537
 outer loop
  vertex 5.0105996 -37.96462 87.74339
  vertex 4.7508947e-06 -39.55226 86.08832
  vertex 3.9958208 -39.55226 85.2935
 endloop
endfacet
facet normal 0.28947383 -0.85353404 0.43322557
 outer loop
  vertex 5.0105996 -37.96462 87.74339
  vertex 3.9958208 -39.55226 85.2935
  vertex 9.258383 -37.964615 84.905106
 endloop
endfacet
facet normal 0.28947368 -0.85353285 0.43322816
 outer loop
  vertex 9.258383 -37.964615 84.905106
  vertex 3.9958208 -39.55226 85.2935
  vertex 7.3833156 -39.55226 83.03005
 endloop
endfacet
facet normal 0.43322605 -0.85353345 0.2894751
 outer loop
  vertex 9.258383 -37.964615 84.905106
  vertex 7.3833156 -39.55226 83.03005
  vertex 12.0966625 -37.96462 80.65735
 endloop
endfacet
facet normal 0.43322572 -0.853534 0.2894741
 outer loop
  vertex 12.0966625 -37.96462 80.65735
  vertex 7.3833156 -39.55226 83.03005
  vertex 9.646769 -39.55226 79.64258
 endloop
endfacet
facet normal 0.06986629 -0.9336741 0.35124242
 outer loop
  vertex 4.7508947e-06 -39.55226 86.08832
  vertex 4.7510484e-06 -40.746807 82.91297
  vertex 3.9958208 -39.55226 85.2935
 endloop
endfacet
facet normal 0.06986478 -0.93367344 0.35124466
 outer loop
  vertex 3.9958208 -39.55226 85.2935
  vertex 4.7510484e-06 -40.746807 82.91297
  vertex 2.7806754 -40.746807 82.35988
 endloop
endfacet
facet normal 0.19896364 -0.93367356 0.29777026
 outer loop
  vertex 3.9958208 -39.55226 85.2935
  vertex 2.7806754 -40.746807 82.35988
  vertex 7.3833156 -39.55226 83.03005
 endloop
endfacet
facet normal 0.19896466 -0.93367493 0.29776564
 outer loop
  vertex 7.3833156 -39.55226 83.03005
  vertex 2.7806754 -40.746807 82.35988
  vertex 5.138017 -40.746807 80.78472
 endloop
endfacet
facet normal 0.2977679 -0.93367434 0.19896348
 outer loop
  vertex 7.3833156 -39.55226 83.03005
  vertex 5.138017 -40.746807 80.78472
  vertex 9.646769 -39.55226 79.64258
 endloop
endfacet
facet normal 0.29776838 -0.9336736 0.19896612
 outer loop
  vertex 9.646769 -39.55226 79.64258
  vertex 5.138017 -40.746807 80.78472
  vertex 6.7131433 -40.746807 78.42742
 endloop
endfacet
facet normal 0.013386498 -0.997643 0.067299835
 outer loop
  vertex 4.7512553e-06 -41.488377 79.37329
  vertex 4.7515045e-06 -41.739765 75.64674
  vertex 1.4260943 -41.488377 79.08963
 endloop
endfacet
facet normal 0.038122185 -0.997643 0.057053983
 outer loop
  vertex 1.4260943 -41.488377 79.08963
  vertex 4.7515045e-06 -41.739765 75.64674
  vertex 2.6350775 -41.488377 78.281815
 endloop
endfacet
facet normal 0.05705381 -0.997643 0.038122352
 outer loop
  vertex 2.6350775 -41.488377 78.281815
  vertex 4.7515045e-06 -41.739765 75.64674
  vertex 3.4428945 -41.488377 77.07284
 endloop
endfacet
facet normal 0.067299694 -0.99764305 0.013386635
 outer loop
  vertex 3.4428945 -41.488377 77.07284
  vertex 4.7515045e-06 -41.739765 75.64674
  vertex 3.7265615 -41.488377 75.646736
 endloop
endfacet
facet normal 0.06729964 -0.997643 -0.013386723
 outer loop
  vertex 3.7265615 -41.488377 75.646736
  vertex 4.7515045e-06 -41.739765 75.64674
  vertex 3.4428954 -41.488377 74.22065
 endloop
endfacet
facet normal 0.057053886 -0.99764293 -0.038122118
 outer loop
  vertex 3.4428954 -41.488377 74.22065
  vertex 4.7515045e-06 -41.739765 75.64674
  vertex 2.6350794 -41.488377 73.011665
 endloop
endfacet
facet normal 0.03812235 -0.997643 -0.057053644
 outer loop
  vertex 2.6350794 -41.488377 73.011665
  vertex 4.7515045e-06 -41.739765 75.64674
  vertex 1.4260969 -41.488377 72.20384
 endloop
endfacet
facet normal 0.013386408 -0.997643 -0.06729956
 outer loop
  vertex 1.4260969 -41.488377 72.20384
  vertex 4.7515045e-06 -41.739765 75.64674
  vertex 4.751784e-06 -41.488377 71.92018
 endloop
endfacet
facet normal 0.21377958 -0.976705 0.018590366
 outer loop
  vertex 6.7131433 -40.746807 78.42742
  vertex 3.4428945 -41.488377 77.07284
  vertex 4.819776 -41.196476 76.575356
 endloop
endfacet
facet normal 0.22246388 -0.9739362 0.044250477
 outer loop
  vertex 4.819776 -41.196476 76.575356
  vertex 3.4428945 -41.488377 77.07284
  vertex 3.7265615 -41.488377 75.646736
 endloop
endfacet
facet normal 0.17368788 -0.97793835 0.116056666
 outer loop
  vertex 5.138017 -40.746807 80.78472
  vertex 2.6350775 -41.488377 78.281815
  vertex 6.7131433 -40.746807 78.42742
 endloop
endfacet
facet normal 0.17368795 -0.9779385 0.11605523
 outer loop
  vertex 6.7131433 -40.746807 78.42742
  vertex 2.6350775 -41.488377 78.281815
  vertex 3.4428945 -41.488377 77.07284
 endloop
endfacet
facet normal 0.116056606 -0.9779384 0.17368747
 outer loop
  vertex 2.7806754 -40.746807 82.35988
  vertex 1.4260943 -41.488377 79.08963
  vertex 5.138017 -40.746807 80.78472
 endloop
endfacet
facet normal 0.11605557 -0.9779382 0.17368968
 outer loop
  vertex 5.138017 -40.746807 80.78472
  vertex 1.4260943 -41.488377 79.08963
  vertex 2.6350775 -41.488377 78.281815
 endloop
endfacet
facet normal 0.04075191 -0.9779384 0.20487988
 outer loop
  vertex 4.7510484e-06 -40.746807 82.91297
  vertex 4.7512553e-06 -41.488377 79.37329
  vertex 2.7806754 -40.746807 82.35988
 endloop
endfacet
facet normal 0.040752232 -0.9779385 0.2048796
 outer loop
  vertex 2.7806754 -40.746807 82.35988
  vertex 4.7512553e-06 -41.488377 79.37329
  vertex 1.4260943 -41.488377 79.08963
 endloop
endfacet
facet normal 0.15692213 0.59415466 0.78889525
 outer loop
  vertex 5.0105996 -37.96462 87.74339
  vertex 4.5004754 -36.194683 86.51184
  vertex 4.7508024e-06 -37.964615 88.74007
 endloop
endfacet
facet normal 0.1569215 0.59415555 0.78889465
 outer loop
  vertex 4.7508024e-06 -37.964615 88.74007
  vertex 4.5004754 -36.194683 86.51184
  vertex 4.7510034e-06 -36.194683 87.40704
 endloop
endfacet
facet normal 0.44687393 0.5941549 0.66879267
 outer loop
  vertex 9.258383 -37.964615 84.905106
  vertex 8.315797 -36.194683 83.96252
  vertex 5.0105996 -37.96462 87.74339
 endloop
endfacet
facet normal 0.44687447 0.59415424 0.6687929
 outer loop
  vertex 5.0105996 -37.96462 87.74339
  vertex 8.315797 -36.194683 83.96252
  vertex 4.5004754 -36.194683 86.51184
 endloop
endfacet
facet normal 0.6687923 0.59415424 0.44687524
 outer loop
  vertex 12.0966625 -37.96462 80.65735
  vertex 10.865115 -36.194683 80.14722
  vertex 9.258383 -37.964615 84.905106
 endloop
endfacet
facet normal 0.66879195 0.5941548 0.44687536
 outer loop
  vertex 9.258383 -37.964615 84.905106
  vertex 10.865115 -36.194683 80.14722
  vertex 8.315797 -36.194683 83.96252
 endloop
endfacet
facet normal 0.7772349 0.6123197 0.14481156
 outer loop
  vertex 12.572113 -37.27256 75.543076
  vertex 10.865115 -36.194683 80.14722
  vertex 12.907358 -37.96462 76.67004
 endloop
endfacet
facet normal 0.7879927 0.59447384 0.16021374
 outer loop
  vertex 12.907358 -37.96462 76.67004
  vertex 10.865115 -36.194683 80.14722
  vertex 12.0966625 -37.96462 80.65735
 endloop
endfacet
facet normal 0.42316145 -0.70438474 -0.5698917
 outer loop
  vertex 10.256765 -39.55226 76.664215
  vertex 9.994526 -38.814705 75.55788
  vertex 12.907358 -37.96462 76.67004
 endloop
endfacet
facet normal 0.4221966 -0.7110684 -0.562256
 outer loop
  vertex 12.907358 -37.96462 76.67004
  vertex 9.994526 -38.814705 75.55788
  vertex 12.572113 -37.27256 75.543076
 endloop
endfacet
facet normal 0.29034302 -0.73133296 -0.617133
 outer loop
  vertex 7.0796113 -40.746807 76.58505
  vertex 6.9743056 -39.94782 75.58867
  vertex 10.256765 -39.55226 76.664215
 endloop
endfacet
facet normal 0.28158596 -0.7662392 -0.5775697
 outer loop
  vertex 10.256765 -39.55226 76.664215
  vertex 6.9743056 -39.94782 75.58867
  vertex 9.994526 -38.814705 75.55788
 endloop
endfacet
facet normal 0.14904915 -0.73478466 -0.6617218
 outer loop
  vertex 4.819776 -41.196476 76.575356
  vertex 5.889646 -40.17029 75.67685
  vertex 7.0796113 -40.746807 76.58505
 endloop
endfacet
facet normal 0.106838055 -0.7701431 -0.6288602
 outer loop
  vertex 7.0796113 -40.746807 76.58505
  vertex 5.889646 -40.17029 75.67685
  vertex 6.9743056 -39.94782 75.58867
 endloop
endfacet
facet normal 0.65011656 -0.7547358 -0.08787663
 outer loop
  vertex 4.819776 -41.196476 76.575356
  vertex 4.4528947 -41.196476 73.861145
  vertex 5.889646 -40.17029 75.67685
 endloop
endfacet
facet normal 0.6782789 -0.7236142 -0.12775034
 outer loop
  vertex 5.889646 -40.17029 75.67685
  vertex 4.4528947 -41.196476 73.861145
  vertex 5.4456844 -40.18821 73.421165
 endloop
endfacet
facet normal 0.13299431 -0.7316346 -0.668598
 outer loop
  vertex 4.7520143e-06 -40.188198 69.78248
  vertex 2.25568 -40.1882 70.23117
  vertex 4.7518747e-06 -41.196476 70.88582
 endloop
endfacet
facet normal 0.13299255 -0.73163253 -0.6686007
 outer loop
  vertex 4.7518747e-06 -41.196476 70.88582
  vertex 2.25568 -40.1882 70.23117
  vertex 1.8444519 -41.196476 71.2527
 endloop
endfacet
facet normal 0.37953576 -0.73028016 -0.5680173
 outer loop
  vertex 2.25568 -40.1882 70.23117
  vertex 4.1679487 -40.1882 71.5089
  vertex 1.8444519 -41.196476 71.2527
 endloop
endfacet
facet normal 0.37953573 -0.7302802 -0.56801707
 outer loop
  vertex 1.8444519 -41.196476 71.2527
  vertex 4.1679487 -40.1882 71.5089
  vertex 3.4080985 -41.196476 72.29749
 endloop
endfacet
facet normal 0.5702478 -0.72775865 -0.38103122
 outer loop
  vertex 4.1679487 -40.1882 71.5089
  vertex 5.4456844 -40.18821 73.421165
  vertex 3.4080985 -41.196476 72.29749
 endloop
endfacet
facet normal 0.57024664 -0.7277625 -0.3810256
 outer loop
  vertex 3.4080985 -41.196476 72.29749
  vertex 5.4456844 -40.18821 73.421165
  vertex 4.4528947 -41.196476 73.861145
 endloop
endfacet
facet normal 0.51002795 -0.85379153 0.104458526
 outer loop
  vertex 9.646769 -39.55226 79.64258
  vertex 10.256765 -39.55226 76.664215
  vertex 12.0966625 -37.96462 80.65735
 endloop
endfacet
facet normal 0.5109023 -0.85333973 0.103876054
 outer loop
  vertex 12.0966625 -37.96462 80.65735
  vertex 10.256765 -39.55226 76.664215
  vertex 12.907358 -37.96462 76.67004
 endloop
endfacet
facet normal 0.35050252 -0.93380654 0.07178621
 outer loop
  vertex 9.646769 -39.55226 79.64258
  vertex 6.7131433 -40.746807 78.42742
  vertex 10.256765 -39.55226 76.664215
 endloop
endfacet
facet normal 0.34955728 -0.9343314 0.06953088
 outer loop
  vertex 10.256765 -39.55226 76.664215
  vertex 6.7131433 -40.746807 78.42742
  vertex 7.0796113 -40.746807 76.58505
 endloop
endfacet
facet normal 0.19485039 -0.9800669 0.038757928
 outer loop
  vertex 6.7131433 -40.746807 78.42742
  vertex 4.819776 -41.196476 76.575356
  vertex 7.0796113 -40.746807 76.58505
 endloop
endfacet
facet normal 0.053945206 -0.9610097 -0.2712016
 outer loop
  vertex 1.8444519 -41.196476 71.2527
  vertex 1.4260969 -41.488377 72.20384
  vertex 4.7518747e-06 -41.196476 70.88582
 endloop
endfacet
facet normal 0.053943858 -0.96101016 -0.27120027
 outer loop
  vertex 4.7518747e-06 -41.196476 70.88582
  vertex 1.4260969 -41.488377 72.20384
  vertex 4.751784e-06 -41.488377 71.92018
 endloop
endfacet
facet normal 0.15240225 -0.9616392 -0.22808675
 outer loop
  vertex 3.4080985 -41.196476 72.29749
  vertex 2.6350794 -41.488377 73.011665
  vertex 1.8444519 -41.196476 71.2527
 endloop
endfacet
facet normal 0.15240465 -0.9616386 -0.22808771
 outer loop
  vertex 1.8444519 -41.196476 71.2527
  vertex 2.6350794 -41.488377 73.011665
  vertex 1.4260969 -41.488377 72.20384
 endloop
endfacet
facet normal 0.22478667 -0.96276253 -0.15019727
 outer loop
  vertex 4.4528947 -41.196476 73.861145
  vertex 3.4428954 -41.488377 74.22065
  vertex 3.4080985 -41.196476 72.29749
 endloop
endfacet
facet normal 0.22478652 -0.9627626 -0.15019727
 outer loop
  vertex 3.4080985 -41.196476 72.29749
  vertex 3.4428954 -41.488377 74.22065
  vertex 2.6350794 -41.488377 73.011665
 endloop
endfacet
facet normal 0.2885736 -0.95666283 -0.039006654
 outer loop
  vertex 4.819776 -41.196476 76.575356
  vertex 3.7265615 -41.488377 75.646736
  vertex 4.4528947 -41.196476 73.861145
 endloop
endfacet
facet normal 0.26022762 -0.9641588 -0.05176248
 outer loop
  vertex 4.4528947 -41.196476 73.861145
  vertex 3.7265615 -41.488377 75.646736
  vertex 3.4428954 -41.488377 74.22065
 endloop
endfacet
facet normal 0.041370418 -0.09480183 -0.9946361
 outer loop
  vertex 9.3088455 -37.68207 75.4214
  vertex 11.760319 -36.19468 75.3816
  vertex 9.994526 -38.814705 75.55788
 endloop
endfacet
facet normal 0.05741077 -0.1054863 -0.9927622
 outer loop
  vertex 9.994526 -38.814705 75.55788
  vertex 11.760319 -36.19468 75.3816
  vertex 12.572113 -37.27256 75.543076
 endloop
endfacet
facet normal -0.0008176432 -0.07278585 -0.9973473
 outer loop
  vertex 6.5251493 -38.71859 75.49933
  vertex 9.3088455 -37.68207 75.4214
  vertex 6.9743056 -39.94782 75.58867
 endloop
endfacet
facet normal 0.028368505 -0.10263425 -0.99431455
 outer loop
  vertex 6.9743056 -39.94782 75.58867
  vertex 9.3088455 -37.68207 75.4214
  vertex 9.994526 -38.814705 75.55788
 endloop
endfacet
facet normal -0.12977909 -0.064183444 -0.98946345
 outer loop
  vertex 5.498867 -38.915905 75.646736
  vertex 6.5251493 -38.71859 75.49933
  vertex 5.889646 -40.17029 75.67685
 endloop
endfacet
facet normal -0.06136767 -0.094639614 -0.9936183
 outer loop
  vertex 5.889646 -40.17029 75.67685
  vertex 6.5251493 -38.71859 75.49933
  vertex 6.9743056 -39.94782 75.58867
 endloop
endfacet
facet normal 0.18778425 0.27112493 -0.944049
 outer loop
  vertex 4.752065e-06 -38.915905 70.14787
  vertex 2.10433 -38.915905 70.56645
  vertex 4.7520143e-06 -40.188198 69.78248
 endloop
endfacet
facet normal 0.18778807 0.27111915 -0.94404984
 outer loop
  vertex 4.7520143e-06 -40.188198 69.78248
  vertex 2.10433 -38.915905 70.56645
  vertex 2.25568 -40.1882 70.23117
 endloop
endfacet
facet normal 0.53426546 0.27426586 -0.7995866
 outer loop
  vertex 2.10433 -38.915905 70.56645
  vertex 3.8882902 -38.915905 71.75845
  vertex 2.25568 -40.1882 70.23117
 endloop
endfacet
facet normal 0.534265 0.27426657 -0.79958665
 outer loop
  vertex 2.25568 -40.1882 70.23117
  vertex 3.8882902 -38.915905 71.75845
  vertex 4.1679487 -40.1882 71.5089
 endloop
endfacet
facet normal 0.79819655 0.28005806 -0.5333383
 outer loop
  vertex 3.8882902 -38.915905 71.75845
  vertex 5.080294 -38.915905 73.54241
  vertex 4.1679487 -40.1882 71.5089
 endloop
endfacet
facet normal 0.7981968 0.2800577 -0.5333382
 outer loop
  vertex 4.1679487 -40.1882 71.5089
  vertex 5.080294 -38.915905 73.54241
  vertex 5.4456844 -40.18821 73.421165
 endloop
endfacet
facet normal 0.9393548 0.28757715 -0.18684782
 outer loop
  vertex 5.080294 -38.915905 73.54241
  vertex 5.498867 -38.915905 75.646736
  vertex 5.4456844 -40.18821 73.421165
 endloop
endfacet
facet normal 0.9391447 0.28807932 -0.1871299
 outer loop
  vertex 5.4456844 -40.18821 73.421165
  vertex 5.498867 -38.915905 75.646736
  vertex 5.889646 -40.17029 75.67685
 endloop
endfacet
facet normal 0.7795188 0.6090227 0.1464302
 outer loop
  vertex 12.572113 -37.27256 75.543076
  vertex 11.760319 -36.19468 75.3816
  vertex 10.865115 -36.194683 80.14722
 endloop
endfacet
facet normal -0.10117295 0.855021 -0.50862885
 outer loop
  vertex 4.5004754 -36.194683 86.51184
  vertex 4.751126e-06 -38.278477 83.90412
  vertex 4.7510034e-06 -36.194683 87.40704
 endloop
endfacet
facet normal -0.22644384 0.9131663 -0.33889613
 outer loop
  vertex 8.315797 -36.194683 83.96252
  vertex 4.751126e-06 -38.278477 83.90412
  vertex 4.5004754 -36.194683 86.51184
 endloop
endfacet
facet normal -0.23889598 0.95783514 -0.15962625
 outer loop
  vertex 10.865115 -36.194683 80.14722
  vertex 4.751126e-06 -38.278477 83.90412
  vertex 8.315797 -36.194683 83.96252
 endloop
endfacet
facet normal -0.5174198 0.8501941 -0.09719472
 outer loop
  vertex 10.865115 -36.194683 80.14722
  vertex 11.760319 -36.19468 75.3816
  vertex 9.3088455 -37.68207 75.4214
 endloop
endfacet
facet normal -0.3393688 0.88811177 -0.3099779
 outer loop
  vertex 6.5251493 -38.71859 75.49933
  vertex 4.751126e-06 -38.278477 83.90412
  vertex 9.3088455 -37.68207 75.4214
 endloop
endfacet
facet normal -0.21419254 0.95257103 -0.21617141
 outer loop
  vertex 5.498867 -38.915905 75.646736
  vertex 4.751126e-06 -38.278477 83.90412
  vertex 6.5251493 -38.71859 75.49933
 endloop
endfacet
facet normal 0.009206835 0.9988858 -0.046285734
 outer loop
  vertex 4.752065e-06 -38.915905 70.14787
  vertex 4.751126e-06 -38.278477 83.90412
  vertex 2.10433 -38.915905 70.56645
 endloop
endfacet
facet normal 0.028848913 0.9986509 -0.043175522
 outer loop
  vertex 2.10433 -38.915905 70.56645
  vertex 4.751126e-06 -38.278477 83.90412
  vertex 3.8882902 -38.915905 71.75845
 endloop
endfacet
facet normal 0.052994378 0.99796677 -0.03540975
 outer loop
  vertex 3.8882902 -38.915905 71.75845
  vertex 4.751126e-06 -38.278477 83.90412
  vertex 5.080294 -38.915905 73.54241
 endloop
endfacet
facet normal 0.088891506 0.99588436 -0.017681476
 outer loop
  vertex 5.080294 -38.915905 73.54241
  vertex 4.751126e-06 -38.278477 83.90412
  vertex 5.498867 -38.915905 75.646736
 endloop
endfacet
facet normal -0.25458005 0.94329095 -0.21305214
 outer loop
  vertex 4.751126e-06 -38.278477 83.90412
  vertex 10.865115 -36.194683 80.14722
  vertex 9.3088455 -37.68207 75.4214
 endloop
endfacet
facet normal 0.51092863 -0.8533746 -0.103458524
 outer loop
  vertex 13.09333 -37.96462 75.55818
  vertex 10.441583 -39.55226 75.55818
  vertex 12.096659 -37.96462 70.63613
 endloop
endfacet
facet normal 0.510263 -0.85373163 -0.10379753
 outer loop
  vertex 12.096659 -37.96462 70.63613
  vertex 10.441583 -39.55226 75.55818
  vertex 9.646767 -39.55226 71.65091
 endloop
endfacet
facet normal 0.43322656 -0.8535344 -0.28947154
 outer loop
  vertex 12.096659 -37.96462 70.63613
  vertex 9.646767 -39.55226 71.65091
  vertex 9.258385 -37.96462 66.388336
 endloop
endfacet
facet normal 0.43322533 -0.853535 -0.2894716
 outer loop
  vertex 9.258385 -37.96462 66.388336
  vertex 9.646767 -39.55226 71.65091
  vertex 7.383316 -39.55226 68.26341
 endloop
endfacet
facet normal 0.28947127 -0.8535351 -0.43322524
 outer loop
  vertex 9.258385 -37.96462 66.388336
  vertex 7.383316 -39.55226 68.26341
  vertex 5.010602 -37.96462 63.550064
 endloop
endfacet
facet normal 0.2894707 -0.8535354 -0.433225
 outer loop
  vertex 5.010602 -37.96462 63.550064
  vertex 7.383316 -39.55226 68.26341
  vertex 3.9958227 -39.55226 65.99997
 endloop
endfacet
facet normal 0.10164908 -0.85353553 -0.511023
 outer loop
  vertex 5.010602 -37.96462 63.550064
  vertex 3.9958227 -39.55226 65.99997
  vertex -1.5709912e-08 -37.96462 62.55339
 endloop
endfacet
facet normal 0.10164939 -0.85353535 -0.5110233
 outer loop
  vertex -1.5709912e-08 -37.96462 62.55339
  vertex 3.9958227 -39.55226 65.99997
  vertex -1.5993589e-08 -39.55226 65.20515
 endloop
endfacet
facet normal 0.3477159 -0.9349281 -0.070732266
 outer loop
  vertex 10.441583 -39.55226 75.55818
  vertex 6.5446544 -41.001907 75.562294
  vertex 9.646767 -39.55226 71.65091
 endloop
endfacet
facet normal 0.34913436 -0.93449575 -0.069446996
 outer loop
  vertex 9.646767 -39.55226 71.65091
  vertex 6.5446544 -41.001907 75.562294
  vertex 6.046473 -41.001907 73.05776
 endloop
endfacet
facet normal 0.2980627 -0.9335386 -0.1991589
 outer loop
  vertex 9.646767 -39.55226 71.65091
  vertex 6.046473 -41.001907 73.05776
  vertex 7.383316 -39.55226 68.26341
 endloop
endfacet
facet normal 0.29806313 -0.93353856 -0.19915877
 outer loop
  vertex 7.383316 -39.55226 68.26341
  vertex 6.046473 -41.001907 73.05776
  vertex 4.6277704 -41.001907 70.93452
 endloop
endfacet
facet normal 0.20023523 -0.9327921 -0.29967424
 outer loop
  vertex 7.383316 -39.55226 68.26341
  vertex 4.6277704 -41.001907 70.93452
  vertex 3.9958227 -39.55226 65.99997
 endloop
endfacet
facet normal 0.20023462 -0.93279237 -0.2996742
 outer loop
  vertex 3.9958227 -39.55226 65.99997
  vertex 4.6277704 -41.001907 70.93452
  vertex 2.5045319 -41.001907 69.51582
 endloop
endfacet
facet normal 0.070519894 -0.9323833 -0.35452554
 outer loop
  vertex 3.9958227 -39.55226 65.99997
  vertex 2.5045319 -41.001907 69.51582
  vertex -1.5993589e-08 -39.55226 65.20515
 endloop
endfacet
facet normal 0.07051977 -0.93238336 -0.3545255
 outer loop
  vertex -1.5993589e-08 -39.55226 65.20515
  vertex 2.5045319 -41.001907 69.51582
  vertex -1.6351361e-08 -41.001907 69.01764
 endloop
endfacet
facet normal 0.78816396 0.59441274 -0.15959625
 outer loop
  vertex 12.096659 -37.96462 70.63613
  vertex 10.7009325 -35.95873 71.21425
  vertex 13.09333 -37.96462 75.55818
 endloop
endfacet
facet normal 0.77669907 0.61302906 -0.14468558
 outer loop
  vertex 13.09333 -37.96462 75.55818
  vertex 10.7009325 -35.95873 71.21425
  vertex 11.582607 -35.95873 75.94724
 endloop
endfacet
facet normal 0.6687949 0.59415346 -0.44687256
 outer loop
  vertex 9.258385 -37.96462 66.388336
  vertex 8.190145 -35.95873 67.45659
  vertex 12.096659 -37.96462 70.63613
 endloop
endfacet
facet normal 0.6687955 0.594151 -0.44687486
 outer loop
  vertex 12.096659 -37.96462 70.63613
  vertex 8.190145 -35.95873 67.45659
  vertex 10.7009325 -35.95873 71.21425
 endloop
endfacet
facet normal 0.44687402 0.59415156 -0.6687956
 outer loop
  vertex 5.010602 -37.96462 63.550064
  vertex 4.432474 -35.95873 64.945786
  vertex 9.258385 -37.96462 66.388336
 endloop
endfacet
facet normal 0.44687438 0.59415454 -0.66879267
 outer loop
  vertex 9.258385 -37.96462 66.388336
  vertex 4.432474 -35.95873 64.945786
  vertex 8.190145 -35.95873 67.45659
 endloop
endfacet
facet normal 0.15692194 0.5941516 -0.7888975
 outer loop
  vertex -1.5709912e-08 -37.96462 62.55339
  vertex -1.5696546e-08 -35.95873 64.06411
  vertex 5.010602 -37.96462 63.550064
 endloop
endfacet
facet normal 0.15692183 0.59415144 -0.7888977
 outer loop
  vertex 5.010602 -37.96462 63.550064
  vertex -1.5696546e-08 -35.95873 64.06411
  vertex 4.432474 -35.95873 64.945786
 endloop
endfacet
facet normal 0.07908233 -0.13208665 0.98807853
 outer loop
  vertex 13.09333 -37.96462 75.55818
  vertex 11.582607 -35.95873 75.94724
  vertex 10.441583 -39.55226 75.55818
 endloop
endfacet
facet normal -0.17454179 -0.44671175 0.8774872
 outer loop
  vertex 2.0762782 -38.637825 70.63415
  vertex -1.6294655e-08 -38.637825 70.22115
  vertex 2.5045319 -41.001907 69.51582
 endloop
endfacet
facet normal -0.1745435 -0.44671324 0.8774861
 outer loop
  vertex 2.5045319 -41.001907 69.51582
  vertex -1.6294655e-08 -38.637825 70.22115
  vertex -1.6351361e-08 -41.001907 69.01764
 endloop
endfacet
facet normal -0.49811283 -0.44288316 0.7454785
 outer loop
  vertex 3.8364615 -38.637825 71.810265
  vertex 2.0762782 -38.637825 70.63415
  vertex 4.6277704 -41.001907 70.93452
 endloop
endfacet
facet normal -0.49811116 -0.44288102 0.7454808
 outer loop
  vertex 4.6277704 -41.001907 70.93452
  vertex 2.0762782 -38.637825 70.63415
  vertex 2.5045319 -41.001907 69.51582
 endloop
endfacet
facet normal -0.74838424 -0.43573943 0.50005215
 outer loop
  vertex 5.0125747 -38.637825 73.57045
  vertex 3.8364615 -38.637825 71.810265
  vertex 6.046473 -41.001907 73.05776
 endloop
endfacet
facet normal -0.7483841 -0.43573904 0.50005263
 outer loop
  vertex 6.046473 -41.001907 73.05776
  vertex 3.8364615 -38.637825 71.810265
  vertex 4.6277704 -41.001907 70.93452
 endloop
endfacet
facet normal -0.88552845 -0.43383187 0.16622083
 outer loop
  vertex 5.425572 -38.637825 75.77066
  vertex 5.0125747 -38.637825 73.57045
  vertex 6.5446544 -41.001907 75.562294
 endloop
endfacet
facet normal -0.88720965 -0.4262804 0.17647663
 outer loop
  vertex 6.5446544 -41.001907 75.562294
  vertex 5.0125747 -38.637825 73.57045
  vertex 6.046473 -41.001907 73.05776
 endloop
endfacet
facet normal 0.028684001 -0.07428041 0.9968248
 outer loop
  vertex 5.425572 -38.637825 75.77066
  vertex 6.5446544 -41.001907 75.562294
  vertex 10.441583 -39.55226 75.55818
 endloop
endfacet
facet normal 0.021239819 -0.11427724 0.9932218
 outer loop
  vertex 5.425572 -38.637825 75.77066
  vertex 10.441583 -39.55226 75.55818
  vertex 11.582607 -35.95873 75.94724
 endloop
endfacet
facet normal -0.2981125 0.85723734 0.41984892
 outer loop
  vertex 10.7009325 -35.95873 71.21425
  vertex -1.593942e-08 -37.298283 66.35115
  vertex 3.8364615 -38.637825 71.810265
 endloop
endfacet
facet normal -0.27010942 0.8738564 0.4042473
 outer loop
  vertex -1.593942e-08 -37.298283 66.35115
  vertex 2.0762782 -38.637825 70.63415
  vertex 3.8364615 -38.637825 71.810265
 endloop
endfacet
facet normal -0.17570946 0.97741604 0.117405295
 outer loop
  vertex 8.190145 -35.95873 67.45659
  vertex -1.593942e-08 -37.298283 66.35115
  vertex 10.7009325 -35.95873 71.21425
 endloop
endfacet
facet normal -0.19229026 0.938193 0.2877818
 outer loop
  vertex 4.432474 -35.95873 64.945786
  vertex -1.593942e-08 -37.298283 66.35115
  vertex 8.190145 -35.95873 67.45659
 endloop
endfacet
facet normal -0.100027025 0.85855556 0.5028688
 outer loop
  vertex -1.5696546e-08 -35.95873 64.06411
  vertex -1.593942e-08 -37.298283 66.35115
  vertex 4.432474 -35.95873 64.945786
 endloop
endfacet
facet normal -0.06492534 0.9429979 0.32640433
 outer loop
  vertex 2.0762782 -38.637825 70.63415
  vertex -1.593942e-08 -37.298283 66.35115
  vertex -1.6294655e-08 -38.637825 70.22115
 endloop
endfacet
facet normal -0.3993089 0.91374743 0.0749535
 outer loop
  vertex 5.0125747 -38.637825 73.57045
  vertex 5.425572 -38.637825 75.77066
  vertex 10.7009325 -35.95873 71.21425
 endloop
endfacet
facet normal -0.39967936 0.9136264 0.07445336
 outer loop
  vertex 10.7009325 -35.95873 71.21425
  vertex 5.425572 -38.637825 75.77066
  vertex 11.582607 -35.95873 75.94724
 endloop
endfacet
facet normal -0.33718917 0.9140802 0.22530165
 outer loop
  vertex 3.8364615 -38.637825 71.810265
  vertex 5.0125747 -38.637825 73.57045
  vertex 10.7009325 -35.95873 71.21425
 endloop
endfacet
facet normal -0.8556403 -0.10702429 0.5063847
 outer loop
  vertex -32.754852 -37.083923 68.52304
  vertex -32.921803 -35.680996 68.53745
  vertex -33.91467 -37.083923 66.56329
 endloop
endfacet
facet normal -0.84726906 -0.12635967 0.5159151
 outer loop
  vertex -33.91467 -37.083923 66.56329
  vertex -32.921803 -35.680996 68.53745
  vertex -34.11946 -35.681 66.57058
 endloop
endfacet
facet normal -0 -1 -0
 outer loop
  vertex 21.33249 -36.64514 87.57919
  vertex 31.425161 -36.64514 87.57919
  vertex 21.33249 -36.64514 91.04508
 endloop
endfacet
facet normal -0 -1 -0
 outer loop
  vertex 21.33249 -36.64514 91.04508
  vertex 31.425161 -36.64514 87.57919
  vertex 31.425161 -36.64514 91.04508
 endloop
endfacet
facet normal 0 -0.5663188 0.8241862
 outer loop
  vertex 19.918798 -37.26511 92.5817
  vertex 32.83886 -37.26511 92.5817
  vertex 18.885668 -35.752888 93.62079
 endloop
endfacet
facet normal 0 -0.5663188 0.82418627
 outer loop
  vertex 18.885668 -35.752888 93.62079
  vertex 32.83886 -37.26511 92.5817
  vertex 33.871986 -35.752888 93.62079
 endloop
endfacet
facet normal -0 -0.56631595 -0.8241882
 outer loop
  vertex 18.885668 -35.752888 78.54806
  vertex 33.871986 -35.752888 78.54806
  vertex 19.918798 -37.26511 79.587135
 endloop
endfacet
facet normal 0 -0.56631595 -0.82418823
 outer loop
  vertex 19.918798 -37.26511 79.587135
  vertex 33.871986 -35.752888 78.54806
  vertex 32.83886 -37.26511 79.587135
 endloop
endfacet
facet normal 0.82570195 -0.5641066 2.4181773e-07
 outer loop
  vertex 33.871986 -35.752888 78.54806
  vertex 33.871986 -35.752884 87.44689
  vertex 32.83886 -37.26511 79.587135
 endloop
endfacet
facet normal 0.82570255 -0.56410575 0
 outer loop
  vertex 32.83886 -37.26511 79.587135
  vertex 33.871986 -35.752884 87.44689
  vertex 32.83886 -37.26511 87.25903
 endloop
endfacet
facet normal -0.825701 -0.5641081 2.4137816e-07
 outer loop
  vertex 18.885668 -35.752888 78.54806
  vertex 19.918798 -37.26511 79.587135
  vertex 18.885668 -35.752884 87.44689
 endloop
endfacet
facet normal -0.8257016 -0.5641072 -0
 outer loop
  vertex 18.885668 -35.752884 87.44689
  vertex 19.918798 -37.26511 79.587135
  vertex 19.918798 -37.26511 87.25903
 endloop
endfacet
facet normal 0 0.66198957 0.7495131
 outer loop
  vertex 18.885668 -35.752888 93.62079
  vertex 33.871986 -35.752888 93.62079
  vertex 19.534597 -35.018166 92.97186
 endloop
endfacet
facet normal 0 0.6619895 0.7495131
 outer loop
  vertex 19.534597 -35.018166 92.97186
  vertex 33.871986 -35.752888 93.62079
  vertex 33.22306 -35.018166 92.97186
 endloop
endfacet
facet normal 0 0.66198957 -0.7495131
 outer loop
  vertex 33.871986 -35.752888 78.54806
  vertex 18.885668 -35.752888 78.54806
  vertex 33.22306 -35.018166 79.19698
 endloop
endfacet
facet normal 0 0.66198957 -0.7495131
 outer loop
  vertex 33.22306 -35.018166 79.19698
  vertex 18.885668 -35.752888 78.54806
  vertex 19.534597 -35.018166 79.19698
 endloop
endfacet
facet normal -0.749511 0.66199183 -2.8377858e-07
 outer loop
  vertex 18.885668 -35.752888 78.54806
  vertex 18.885668 -35.752884 87.44689
  vertex 19.534597 -35.018166 79.19698
 endloop
endfacet
facet normal -0.74950945 0.6619936 0
 outer loop
  vertex 19.534597 -35.018166 79.19698
  vertex 18.885668 -35.752884 87.44689
  vertex 19.534597 -35.018166 87.32957
 endloop
endfacet
facet normal 0.749513 0.6619897 -2.8356413e-07
 outer loop
  vertex 33.871986 -35.752888 78.54806
  vertex 33.22306 -35.018166 79.19698
  vertex 33.871986 -35.752884 87.44689
 endloop
endfacet
facet normal 0.74951136 0.6619915 0
 outer loop
  vertex 33.871986 -35.752884 87.44689
  vertex 33.22306 -35.018166 79.19698
  vertex 33.22306 -35.018166 87.32957
 endloop
endfacet
facet normal -0 -1 -0
 outer loop
  vertex 19.918798 -37.26511 79.587135
  vertex 32.83886 -37.26511 79.587135
  vertex 21.097233 -37.26511 87.313705
 endloop
endfacet
facet normal -0 -1 -0
 outer loop
  vertex 21.097233 -37.26511 87.313705
  vertex 32.83886 -37.26511 79.587135
  vertex 31.660418 -37.26511 87.313705
 endloop
endfacet
facet normal 0 -1 0
 outer loop
  vertex 32.83886 -37.26511 79.587135
  vertex 32.83886 -37.26511 87.25903
  vertex 31.660418 -37.26511 87.313705
 endloop
endfacet
facet normal 0 -1 0
 outer loop
  vertex 32.83886 -37.26511 92.5817
  vertex 19.918798 -37.26511 92.5817
  vertex 31.660418 -37.26511 91.31057
 endloop
endfacet
facet normal 0 -1 0
 outer loop
  vertex 31.660418 -37.26511 91.31057
  vertex 19.918798 -37.26511 92.5817
  vertex 21.097233 -37.26511 91.31057
 endloop
endfacet
facet normal 0 -1 0
 outer loop
  vertex 21.097233 -37.26511 87.313705
  vertex 21.097233 -37.26511 91.31057
  vertex 19.918798 -37.26511 87.25903
 endloop
endfacet
facet normal 0 -1 -0
 outer loop
  vertex 19.918798 -37.26511 87.25903
  vertex 21.097233 -37.26511 91.31057
  vertex 19.918798 -37.26511 92.5817
 endloop
endfacet
facet normal 0 -0.39365235 0.9192594
 outer loop
  vertex 21.097233 -37.26511 87.313705
  vertex 31.660418 -37.26511 87.313705
  vertex 21.33249 -36.64514 87.57919
 endloop
endfacet
facet normal 0 -0.39365238 0.9192594
 outer loop
  vertex 21.33249 -36.64514 87.57919
  vertex 31.660418 -37.26511 87.313705
  vertex 31.425161 -36.64514 87.57919
 endloop
endfacet
facet normal -0.93494964 -0.3547805 0
 outer loop
  vertex 31.425161 -36.64514 87.57919
  vertex 31.660418 -37.26511 87.313705
  vertex 31.425161 -36.64514 91.04508
 endloop
endfacet
facet normal -0.93494964 -0.3547805 -0
 outer loop
  vertex 31.425161 -36.64514 91.04508
  vertex 31.660418 -37.26511 87.313705
  vertex 31.660418 -37.26511 91.31057
 endloop
endfacet
facet normal 0 -0.39365235 -0.9192594
 outer loop
  vertex 31.660418 -37.26511 91.31057
  vertex 21.097233 -37.26511 91.31057
  vertex 31.425161 -36.64514 91.04508
 endloop
endfacet
facet normal 0 -0.39365238 -0.9192594
 outer loop
  vertex 31.425161 -36.64514 91.04508
  vertex 21.097233 -37.26511 91.31057
  vertex 21.33249 -36.64514 91.04508
 endloop
endfacet
facet normal 0.9349487 -0.354783 0
 outer loop
  vertex 21.097233 -37.26511 87.313705
  vertex 21.33249 -36.64514 87.57919
  vertex 21.097233 -37.26511 91.31057
 endloop
endfacet
facet normal 0.9349487 -0.354783 0
 outer loop
  vertex 21.097233 -37.26511 91.31057
  vertex 21.33249 -36.64514 87.57919
  vertex 21.33249 -36.64514 91.04508
 endloop
endfacet
facet normal -0.93326336 -0.35904232 -0.010398539
 outer loop
  vertex 27.82914 -35.691788 66.91413
  vertex 28.388756 -37.152317 67.118256
  vertex 27.816322 -35.691788 68.06448
 endloop
endfacet
facet normal -0.9325615 -0.3609423 -0.0070412816
 outer loop
  vertex 27.816322 -35.691788 68.06448
  vertex 28.388756 -37.152317 67.118256
  vertex 28.37714 -37.152317 68.65667
 endloop
endfacet
facet normal -0.909673 -0.37383643 -0.18094562
 outer loop
  vertex 28.058825 -35.691788 65.75943
  vertex 28.59683 -37.152317 66.072174
  vertex 27.82914 -35.691788 66.91413
 endloop
endfacet
facet normal -0.9096729 -0.3738386 -0.18094173
 outer loop
  vertex 27.82914 -35.691788 66.91413
  vertex 28.59683 -37.152317 66.072174
  vertex 28.388756 -37.152317 67.118256
 endloop
endfacet
facet normal -0.7651595 -0.39133343 -0.51126224
 outer loop
  vertex 28.712912 -35.691788 64.78052
  vertex 29.189386 -37.152317 65.18535
  vertex 28.058825 -35.691788 65.75943
 endloop
endfacet
facet normal -0.76515967 -0.3913338 -0.5112617
 outer loop
  vertex 28.058825 -35.691788 65.75943
  vertex 29.189386 -37.152317 65.18535
  vertex 28.59683 -37.152317 66.072174
 endloop
endfacet
facet normal -0.5224789 -0.3399573 -0.7819494
 outer loop
  vertex 29.691822 -35.691788 64.126434
  vertex 29.824118 -37.152317 64.67301
  vertex 28.712912 -35.691788 64.78052
 endloop
endfacet
facet normal -0.5789671 -0.3876951 -0.7172793
 outer loop
  vertex 28.712912 -35.691788 64.78052
  vertex 29.824118 -37.152317 64.67301
  vertex 29.189386 -37.152317 65.18535
 endloop
endfacet
facet normal -0.18208241 -0.35906044 -0.9153806
 outer loop
  vertex 30.846523 -35.691788 63.896748
  vertex 30.870195 -37.152317 64.464935
  vertex 29.691822 -35.691788 64.126434
 endloop
endfacet
facet normal -0.18207963 -0.3590585 -0.9153819
 outer loop
  vertex 29.691822 -35.691788 64.126434
  vertex 30.870195 -37.152317 64.464935
  vertex 29.824118 -37.152317 64.67301
 endloop
endfacet
facet normal 0.18246573 -0.35390273 -0.9173108
 outer loop
  vertex 30.846523 -35.691788 63.896748
  vertex 32.00123 -35.691788 64.126434
  vertex 30.870195 -37.152317 64.464935
 endloop
endfacet
facet normal 0.18246321 -0.35390106 -0.91731197
 outer loop
  vertex 30.870195 -37.152317 64.464935
  vertex 32.00123 -35.691788 64.126434
  vertex 31.916275 -37.152317 64.67301
 endloop
endfacet
facet normal 0.5254378 -0.32485014 -0.7863762
 outer loop
  vertex 32.00123 -35.691788 64.126434
  vertex 32.980137 -35.691788 64.78052
  vertex 31.916275 -37.152317 64.67301
 endloop
endfacet
facet normal 0.49987555 -0.3044304 -0.81083083
 outer loop
  vertex 31.916275 -37.152317 64.67301
  vertex 32.980137 -35.691788 64.78052
  vertex 32.803097 -37.152313 65.219734
 endloop
endfacet
facet normal 0.80315596 -0.25874022 -0.5366506
 outer loop
  vertex 32.980137 -35.691788 64.78052
  vertex 33.634224 -35.691788 65.75943
  vertex 32.803097 -37.152313 65.219734
 endloop
endfacet
facet normal 0.8576738 -0.3482878 -0.37827393
 outer loop
  vertex 32.803097 -37.152313 65.219734
  vertex 33.634224 -35.691788 65.75943
  vertex 33.184116 -37.152313 66.08363
 endloop
endfacet
facet normal 0.9269963 -0.32661456 -0.18439294
 outer loop
  vertex 33.634224 -35.691788 65.75943
  vertex 33.86391 -35.691788 66.91413
  vertex 33.184116 -37.152313 66.08363
 endloop
endfacet
facet normal 0.924755 -0.35961163 -0.12452925
 outer loop
  vertex 33.184116 -37.152313 66.08363
  vertex 33.86391 -35.691788 66.91413
  vertex 33.32344 -37.152313 67.118256
 endloop
endfacet
facet normal 0.93765515 -0.34754342 -0.004024124
 outer loop
  vertex 33.86391 -35.691788 66.91413
  vertex 33.870174 -35.691788 68.373634
  vertex 33.32344 -37.152313 67.118256
 endloop
endfacet
facet normal 0.93749905 -0.34797066 -0.0034590438
 outer loop
  vertex 33.32344 -37.152313 67.118256
  vertex 33.870174 -35.691788 68.373634
  vertex 33.329117 -37.152313 68.65668
 endloop
endfacet
facet normal 0 -1 -4.5141837e-06
 outer loop
  vertex 31.313677 -36.49631 72.576416
  vertex 21.65249 -36.49631 72.576416
  vertex 31.312517 -36.496304 70.88632
 endloop
endfacet
facet normal 7.897902e-07 -1 0
 outer loop
  vertex 31.312517 -36.496304 70.88632
  vertex 21.65249 -36.49631 72.576416
  vertex 21.65249 -36.49631 70.88632
 endloop
endfacet
facet normal 0.0004516251 -0.37791985 -0.9258382
 outer loop
  vertex 18.88567 -35.691788 68.06013
  vertex 27.816322 -35.691788 68.06448
  vertex 19.635616 -37.152317 68.65667
 endloop
endfacet
facet normal 0 -0.37574846 -0.9267217
 outer loop
  vertex 19.635616 -37.152317 68.65667
  vertex 27.816322 -35.691788 68.06448
  vertex 28.37714 -37.152317 68.65667
 endloop
endfacet
facet normal 0.9377069 -0.34742737 -0.0002582936
 outer loop
  vertex 33.329117 -37.152313 68.65668
  vertex 33.870174 -35.691788 68.373634
  vertex 33.330757 -37.152317 74.61677
 endloop
endfacet
facet normal 0.93773466 -0.3473524 -0.00023835241
 outer loop
  vertex 33.330757 -37.152317 74.61677
  vertex 33.870174 -35.691788 68.373634
  vertex 33.871986 -35.691788 75.502396
 endloop
endfacet
facet normal -0.88958055 -0.45677817 -0
 outer loop
  vertex 19.635616 -37.152317 68.65667
  vertex 19.635616 -37.152317 74.61677
  vertex 18.88567 -35.691788 68.06013
 endloop
endfacet
facet normal -0.8895806 -0.45677817 0
 outer loop
  vertex 18.88567 -35.691788 68.06013
  vertex 19.635616 -37.152317 74.61677
  vertex 18.88567 -35.691788 75.502396
 endloop
endfacet
facet normal 0 -0.518498 0.8550789
 outer loop
  vertex 18.88567 -35.691788 75.502396
  vertex 19.635616 -37.152317 74.61677
  vertex 33.871986 -35.691788 75.502396
 endloop
endfacet
facet normal 0 -0.518498 0.8550789
 outer loop
  vertex 33.871986 -35.691788 75.502396
  vertex 19.635616 -37.152317 74.61677
  vertex 33.330757 -37.152317 74.61677
 endloop
endfacet
facet normal 1.5047901e-06 -1 1.1361877e-08
 outer loop
  vertex 28.37714 -37.152317 68.65667
  vertex 28.388756 -37.152317 67.118256
  vertex 30.912176 -37.152313 68.65668
 endloop
endfacet
facet normal 1.3482232e-06 -1 2.6817315e-07
 outer loop
  vertex 28.388756 -37.152317 67.118256
  vertex 28.59683 -37.152317 66.072174
  vertex 30.912176 -37.152313 68.65668
 endloop
endfacet
facet normal 9.437064e-07 -1 6.3056245e-07
 outer loop
  vertex 28.59683 -37.152317 66.072174
  vertex 29.189386 -37.152317 65.18535
  vertex 30.912176 -37.152313 68.65668
 endloop
endfacet
facet normal 6.333129e-07 -1 7.84608e-07
 outer loop
  vertex 29.189386 -37.152317 65.18535
  vertex 29.824118 -37.152317 64.67301
  vertex 30.912176 -37.152313 68.65668
 endloop
endfacet
facet normal 1.8065928e-07 -1 9.082413e-07
 outer loop
  vertex 29.824118 -37.152317 64.67301
  vertex 30.870195 -37.152317 64.464935
  vertex 30.912176 -37.152313 68.65668
 endloop
endfacet
facet normal -1.8138017e-07 -1 9.118672e-07
 outer loop
  vertex 30.870195 -37.152317 64.464935
  vertex 31.916275 -37.152317 64.67301
  vertex 30.912176 -37.152313 68.65668
 endloop
endfacet
facet normal 3.2120663e-06 -1 1.767199e-06
 outer loop
  vertex 31.916275 -37.152317 64.67301
  vertex 32.803097 -37.152313 65.219734
  vertex 30.912176 -37.152313 68.65668
 endloop
endfacet
facet normal 0 -1 -0
 outer loop
  vertex 32.803097 -37.152313 65.219734
  vertex 33.184116 -37.152313 66.08363
  vertex 30.912176 -37.152313 68.65668
 endloop
endfacet
facet normal 0 -1 -0
 outer loop
  vertex 33.184116 -37.152313 66.08363
  vertex 33.32344 -37.152313 67.118256
  vertex 30.912176 -37.152313 68.65668
 endloop
endfacet
facet normal 0 -1 -0
 outer loop
  vertex 33.32344 -37.152313 67.118256
  vertex 33.329117 -37.152313 68.65668
  vertex 30.912176 -37.152313 68.65668
 endloop
endfacet
facet normal -0.8604094 0.50951344 -0.009586797
 outer loop
  vertex 27.82914 -35.691788 66.91413
  vertex 27.816322 -35.691788 68.06448
  vertex 28.20694 -35.04741 67.25386
 endloop
endfacet
facet normal -0.85879815 0.5122714 -0.0066180304
 outer loop
  vertex 28.20694 -35.04741 67.25386
  vertex 27.816322 -35.691788 68.06448
  vertex 28.195948 -35.04741 68.68026
 endloop
endfacet
facet normal -0.7013056 0.6990783 -0.13949867
 outer loop
  vertex 28.058825 -35.691788 65.75943
  vertex 27.82914 -35.691788 66.91413
  vertex 28.684343 -35.04741 65.843956
 endloop
endfacet
facet normal -0.76705366 0.58665925 -0.25972983
 outer loop
  vertex 28.684343 -35.04741 65.843956
  vertex 27.82914 -35.691788 66.91413
  vertex 28.20694 -35.04741 67.25386
 endloop
endfacet
facet normal -0.6241925 0.66063255 -0.41707128
 outer loop
  vertex 28.712912 -35.691788 64.78052
  vertex 28.058825 -35.691788 65.75943
  vertex 28.684343 -35.04741 65.843956
 endloop
endfacet
facet normal -0.38357362 0.72341156 -0.5740618
 outer loop
  vertex 29.691822 -35.691788 64.126434
  vertex 28.712912 -35.691788 64.78052
  vertex 29.804228 -35.04741 64.86335
 endloop
endfacet
facet normal -0.41917372 0.77144665 -0.4787102
 outer loop
  vertex 29.804228 -35.04741 64.86335
  vertex 28.712912 -35.691788 64.78052
  vertex 28.684343 -35.04741 65.843956
 endloop
endfacet
facet normal -0.12765701 0.75619906 -0.6417684
 outer loop
  vertex 29.691822 -35.691788 64.126434
  vertex 29.804228 -35.04741 64.86335
  vertex 30.846523 -35.691788 63.896748
 endloop
endfacet
facet normal -0.038641285 0.8117066 -0.5827857
 outer loop
  vertex 30.846523 -35.691788 63.896748
  vertex 29.804228 -35.04741 64.86335
  vertex 31.289501 -35.04741 64.76487
 endloop
endfacet
facet normal 0.12568279 0.7648366 -0.6318456
 outer loop
  vertex 32.00123 -35.691788 64.126434
  vertex 30.846523 -35.691788 63.896748
  vertex 31.289501 -35.04741 64.76487
 endloop
endfacet
facet normal 0.3667895 0.7510851 -0.5489414
 outer loop
  vertex 32.980137 -35.691788 64.78052
  vertex 32.00123 -35.691788 64.126434
  vertex 32.624027 -35.04741 65.42424
 endloop
endfacet
facet normal 0.26022685 0.8092506 -0.5266834
 outer loop
  vertex 32.624027 -35.04741 65.42424
  vertex 32.00123 -35.691788 64.126434
  vertex 31.289501 -35.04741 64.76487
 endloop
endfacet
facet normal 0.58368886 0.71218055 -0.3900077
 outer loop
  vertex 32.980137 -35.691788 64.78052
  vertex 32.624027 -35.04741 65.42424
  vertex 33.634224 -35.691788 65.75943
 endloop
endfacet
facet normal 0.5810375 0.7615641 -0.28708076
 outer loop
  vertex 33.634224 -35.691788 65.75943
  vertex 32.624027 -35.04741 65.42424
  vertex 33.283398 -35.04741 66.75877
 endloop
endfacet
facet normal 0.75227165 0.6416354 -0.14963768
 outer loop
  vertex 33.86391 -35.691788 66.91413
  vertex 33.634224 -35.691788 65.75943
  vertex 33.283398 -35.04741 66.75877
 endloop
endfacet
facet normal 0.74334455 0.6689011 -0.0031902033
 outer loop
  vertex 33.870174 -35.691788 68.373634
  vertex 33.86391 -35.691788 66.91413
  vertex 33.283398 -35.04741 66.75877
 endloop
endfacet
facet normal 0.00035259643 0.6910304 -0.7228256
 outer loop
  vertex 18.88567 -35.691788 68.06013
  vertex 19.639091 -35.04741 68.67653
  vertex 27.816322 -35.691788 68.06448
 endloop
endfacet
facet normal 0.00031525418 0.69078207 -0.723063
 outer loop
  vertex 27.816322 -35.691788 68.06448
  vertex 19.639091 -35.04741 68.67653
  vertex 28.195948 -35.04741 68.68026
 endloop
endfacet
facet normal -0.6499703 0.75995964 0
 outer loop
  vertex 18.88567 -35.691788 75.502396
  vertex 19.639091 -35.04741 74.85259
  vertex 18.88567 -35.691788 68.06013
 endloop
endfacet
facet normal -0.6499703 0.7599596 0
 outer loop
  vertex 18.88567 -35.691788 68.06013
  vertex 19.639091 -35.04741 74.85259
  vertex 19.639091 -35.04741 68.67653
 endloop
endfacet
facet normal 0.80015755 0.59978986 -0.00020338321
 outer loop
  vertex 33.871986 -35.691788 75.502396
  vertex 33.870174 -35.691788 68.373634
  vertex 33.3888 -35.04741 74.85259
 endloop
endfacet
facet normal 0.75143266 0.6597373 -0.009785731
 outer loop
  vertex 33.3888 -35.04741 74.85259
  vertex 33.870174 -35.691788 68.373634
  vertex 33.283398 -35.04741 66.75877
 endloop
endfacet
facet normal 0 0.7100644 0.7041368
 outer loop
  vertex 18.88567 -35.691788 75.502396
  vertex 33.871986 -35.691788 75.502396
  vertex 19.639091 -35.04741 74.85259
 endloop
endfacet
facet normal 0 0.7100643 0.7041368
 outer loop
  vertex 19.639091 -35.04741 74.85259
  vertex 33.871986 -35.691788 75.502396
  vertex 33.3888 -35.04741 74.85259
 endloop
endfacet
facet normal 0 -1 0
 outer loop
  vertex 33.330757 -37.152317 74.61677
  vertex 19.635616 -37.152317 74.61677
  vertex 31.694845 -37.152317 72.92571
 endloop
endfacet
facet normal 0 -1 0
 outer loop
  vertex 31.694845 -37.152317 72.92571
  vertex 19.635616 -37.152317 74.61677
  vertex 21.27132 -37.152317 72.92571
 endloop
endfacet
facet normal 0 -1 -0
 outer loop
  vertex 19.635616 -37.152317 68.65667
  vertex 21.27132 -37.152317 70.61856
  vertex 19.635616 -37.152317 74.61677
 endloop
endfacet
facet normal -0 -1 -0
 outer loop
  vertex 19.635616 -37.152317 74.61677
  vertex 21.27132 -37.152317 70.61856
  vertex 21.27132 -37.152317 72.92571
 endloop
endfacet
facet normal -0 -1 -0
 outer loop
  vertex 19.635616 -37.152317 68.65667
  vertex 28.37714 -37.152317 68.65667
  vertex 21.27132 -37.152317 70.61856
 endloop
endfacet
facet normal 3.6601386e-07 -1 1.3256741e-06
 outer loop
  vertex 21.27132 -37.152317 70.61856
  vertex 28.37714 -37.152317 68.65667
  vertex 31.693596 -37.152313 70.61856
 endloop
endfacet
facet normal 1.5047921e-06 -1 -5.9935985e-07
 outer loop
  vertex 28.37714 -37.152317 68.65667
  vertex 30.912176 -37.152313 68.65668
  vertex 31.693596 -37.152313 70.61856
 endloop
endfacet
facet normal -0 -1 -0
 outer loop
  vertex 30.912176 -37.152313 68.65668
  vertex 33.329117 -37.152313 68.65668
  vertex 31.693596 -37.152313 70.61856
 endloop
endfacet
facet normal -7.675046e-07 -1 -6.398289e-07
 outer loop
  vertex 33.329117 -37.152313 68.65668
  vertex 33.330757 -37.152317 74.61677
  vertex 31.693596 -37.152313 70.61856
 endloop
endfacet
facet normal 1.7101136e-06 -1 -1.6543487e-06
 outer loop
  vertex 31.693596 -37.152313 70.61856
  vertex 33.330757 -37.152317 74.61677
  vertex 31.694845 -37.152317 72.92571
 endloop
endfacet
facet normal 0 -0.46998763 -0.88267297
 outer loop
  vertex 31.694845 -37.152317 72.92571
  vertex 21.27132 -37.152317 72.92571
  vertex 31.313677 -36.49631 72.576416
 endloop
endfacet
facet normal 0 -0.46998766 -0.88267297
 outer loop
  vertex 31.313677 -36.49631 72.576416
  vertex 21.27132 -37.152317 72.92571
  vertex 21.65249 -36.49631 72.576416
 endloop
endfacet
facet normal 0.86463803 -0.50239533 0
 outer loop
  vertex 21.27132 -37.152317 72.92571
  vertex 21.27132 -37.152317 70.61856
  vertex 21.65249 -36.49631 72.576416
 endloop
endfacet
facet normal 0.864638 -0.5023954 0
 outer loop
  vertex 21.65249 -36.49631 72.576416
  vertex 21.27132 -37.152317 70.61856
  vertex 21.65249 -36.49631 70.88632
 endloop
endfacet
facet normal 1.3831722e-07 -0.37790158 0.9258458
 outer loop
  vertex 21.27132 -37.152317 70.61856
  vertex 31.693596 -37.152313 70.61856
  vertex 21.65249 -36.49631 70.88632
 endloop
endfacet
facet normal 3.0043427e-07 -0.37789947 0.92584664
 outer loop
  vertex 21.65249 -36.49631 70.88632
  vertex 31.693596 -37.152313 70.61856
  vertex 31.312517 -36.496304 70.88632
 endloop
endfacet
facet normal -0.8647471 -0.50220734 0.0004674356
 outer loop
  vertex 31.694845 -37.152317 72.92571
  vertex 31.313677 -36.49631 72.576416
  vertex 31.693596 -37.152313 70.61856
 endloop
endfacet
facet normal -0.8645867 -0.5024832 0.00059097295
 outer loop
  vertex 31.693596 -37.152313 70.61856
  vertex 31.313677 -36.49631 72.576416
  vertex 31.312517 -36.496304 70.88632
 endloop
endfacet
facet normal 0.749513 0.66198975 4.0902702e-07
 outer loop
  vertex 33.871986 -35.752888 93.62079
  vertex 33.871986 -35.752884 87.44689
  vertex 33.22306 -35.018166 92.97186
 endloop
endfacet
facet normal 0.74951136 0.6619915 0
 outer loop
  vertex 33.22306 -35.018166 92.97186
  vertex 33.871986 -35.752884 87.44689
  vertex 33.22306 -35.018166 87.32957
 endloop
endfacet
facet normal 0.82570255 -0.56410575 0
 outer loop
  vertex 32.83886 -37.26511 87.25903
  vertex 33.871986 -35.752884 87.44689
  vertex 32.83886 -37.26511 92.5817
 endloop
endfacet
facet normal 0.82570195 -0.5641066 -3.4854745e-07
 outer loop
  vertex 32.83886 -37.26511 92.5817
  vertex 33.871986 -35.752884 87.44689
  vertex 33.871986 -35.752888 93.62079
 endloop
endfacet
facet normal -0.8257016 -0.5641072 -0
 outer loop
  vertex 19.918798 -37.26511 87.25903
  vertex 19.918798 -37.26511 92.5817
  vertex 18.885668 -35.752884 87.44689
 endloop
endfacet
facet normal -0.825701 -0.564108 -3.479138e-07
 outer loop
  vertex 18.885668 -35.752884 87.44689
  vertex 19.918798 -37.26511 92.5817
  vertex 18.885668 -35.752888 93.62079
 endloop
endfacet
facet normal -0.74950945 0.6619936 0
 outer loop
  vertex 19.534597 -35.018166 87.32957
  vertex 18.885668 -35.752884 87.44689
  vertex 19.534597 -35.018166 92.97186
 endloop
endfacet
facet normal -0.74951094 0.66199195 4.0902833e-07
 outer loop
  vertex 19.534597 -35.018166 92.97186
  vertex 18.885668 -35.752884 87.44689
  vertex 18.885668 -35.752888 93.62079
 endloop
endfacet
facet normal -0 -1 0
 outer loop
  vertex 19.918798 -37.26511 87.25903
  vertex 19.918798 -37.26511 79.587135
  vertex 21.097233 -37.26511 87.313705
 endloop
endfacet
facet normal -0 -1 -0
 outer loop
  vertex 31.660418 -37.26511 87.313705
  vertex 32.83886 -37.26511 87.25903
  vertex 31.660418 -37.26511 91.31057
 endloop
endfacet
facet normal -0 -1 -0
 outer loop
  vertex 31.660418 -37.26511 91.31057
  vertex 32.83886 -37.26511 87.25903
  vertex 32.83886 -37.26511 92.5817
 endloop
endfacet
facet normal -0.19725922 -0.5249837 0.8279377
 outer loop
  vertex -40.947937 7.334551 67.257996
  vertex -40.947937 7.042327 67.0727
  vertex -40.046253 5.5790157 66.359665
 endloop
endfacet
facet normal -0.19726327 -0.5249847 0.82793623
 outer loop
  vertex -40.046253 5.5790157 66.359665
  vertex -40.367756 11.561495 70.076485
  vertex -40.947937 11.254431 69.743546
 endloop
endfacet
facet normal -0.19726259 -0.5249847 0.8279363
 outer loop
  vertex -40.947937 7.334551 67.257996
  vertex -40.046253 5.5790157 66.359665
  vertex -40.947937 11.254431 69.743546
 endloop
endfacet
facet normal -0.19727671 -0.5249838 0.8279335
 outer loop
  vertex -40.046253 5.5790157 66.359665
  vertex -37.1363 6.3172097 67.52112
  vertex -40.367756 11.561495 70.076485
 endloop
endfacet
facet normal -0.3235933 -0.1845306 0.9280279
 outer loop
  vertex -37.1363 6.3172097 67.52112
  vertex -40.046253 5.5790157 66.359665
  vertex -36.009678 -0.13899894 66.630196
 endloop
endfacet
facet normal -0.3232706 -0.18429525 0.9281872
 outer loop
  vertex -40.046253 5.5790157 66.359665
  vertex -39.049526 -0.13899906 65.57147
  vertex -36.009678 -0.13899894 66.630196
 endloop
endfacet
facet normal 0.033313375 -0.7629476 0.64560145
 outer loop
  vertex -40.947937 11.9243965 70.535286
  vertex -40.947937 11.254431 69.743546
  vertex -40.367756 11.561495 70.076485
 endloop
endfacet
facet normal -0.40313327 -0.5894878 0.6999912
 outer loop
  vertex -37.1363 6.3172097 67.52112
  vertex -34.03514 6.8192935 69.729935
  vertex -40.367756 11.561495 70.076485
 endloop
endfacet
facet normal -0.40313414 -0.5894888 0.69998986
 outer loop
  vertex -34.03514 6.8192935 69.729935
  vertex -37.519985 12.474819 72.4857
  vertex -40.367756 11.561495 70.076485
 endloop
endfacet
facet normal -0.54488486 -0.20720503 0.8125064
 outer loop
  vertex -36.009678 -0.13899894 66.630196
  vertex -32.82015 -0.13899885 68.769165
  vertex -37.1363 6.3172097 67.52112
 endloop
endfacet
facet normal -0.5450435 -0.20733827 0.81236595
 outer loop
  vertex -32.82015 -0.13899885 68.769165
  vertex -34.03514 6.8192935 69.729935
  vertex -37.1363 6.3172097 67.52112
 endloop
endfacet
facet normal -0.14422402 -0.8566968 0.49524742
 outer loop
  vertex -40.367756 11.561495 70.076485
  vertex -37.519985 12.474819 72.4857
  vertex -40.947937 13.394574 73.07845
 endloop
endfacet
facet normal -0.14422502 -0.8566968 0.4952472
 outer loop
  vertex -40.367756 11.561495 70.076485
  vertex -40.947937 13.394574 73.07845
  vertex -40.947937 11.9243965 70.535286
 endloop
endfacet
facet normal -0.1442209 -0.8566916 0.49525726
 outer loop
  vertex -40.947937 14.619006 75.196465
  vertex -40.947937 13.394574 73.07845
  vertex -37.519985 12.474819 72.4857
 endloop
endfacet
facet normal -0.61681926 -0.6177497 0.48776966
 outer loop
  vertex -34.03514 6.8192935 69.729935
  vertex -31.152788 6.819297 73.37488
  vertex -37.519985 12.474819 72.4857
 endloop
endfacet
facet normal -0.61681914 -0.61774945 0.48777026
 outer loop
  vertex -31.152788 6.819297 73.37488
  vertex -34.637623 12.474823 76.13065
  vertex -37.519985 12.474819 72.4857
 endloop
endfacet
facet normal -0.7656418 -0.2172881 0.60545725
 outer loop
  vertex -32.82015 -0.13899885 68.769165
  vertex -29.937792 -0.1389988 72.4141
  vertex -34.03514 6.8192935 69.729935
 endloop
endfacet
facet normal -0.7656425 -0.21728902 0.60545594
 outer loop
  vertex -29.937792 -0.1389988 72.4141
  vertex -31.152788 6.819297 73.37488
  vertex -34.03514 6.8192935 69.729935
 endloop
endfacet
facet normal -0.0057383343 -0.99997324 0.0045377826
 outer loop
  vertex -40.947937 15.650345 80.25481
  vertex -40.947937 15.642654 78.5601
  vertex -39.7021 15.642654 80.135544
 endloop
endfacet
facet normal -0.005738168 -0.99997324 0.004539526
 outer loop
  vertex -40.947937 15.654276 81.12074
  vertex -40.947937 15.650345 80.25481
  vertex -39.7021 15.642654 80.135544
 endloop
endfacet
facet normal -0.34549934 -0.89776576 0.27321565
 outer loop
  vertex -37.519985 12.474819 72.4857
  vertex -34.637623 12.474823 76.13065
  vertex -40.947937 14.99029 76.41647
 endloop
endfacet
facet normal -0.34549925 -0.8977658 0.27321574
 outer loop
  vertex -37.519985 12.474819 72.4857
  vertex -40.947937 14.99029 76.41647
  vertex -40.947937 14.619006 75.196465
 endloop
endfacet
facet normal -0.34549937 -0.8977658 0.27321532
 outer loop
  vertex -34.637623 12.474823 76.13065
  vertex -39.7021 15.642654 80.135544
  vertex -40.947937 15.642654 78.5601
 endloop
endfacet
facet normal -0.3454994 -0.8977659 0.27321532
 outer loop
  vertex -34.637623 12.474823 76.13065
  vertex -40.947937 15.642654 78.5601
  vertex -40.947937 14.99029 76.41647
 endloop
endfacet
facet normal -0.76370597 -0.59389424 0.25306675
 outer loop
  vertex -31.152788 6.819297 73.37488
  vertex -29.315588 6.259918 77.606445
  vertex -34.637623 12.474823 76.13065
 endloop
endfacet
facet normal -0.763706 -0.5938944 0.2530662
 outer loop
  vertex -29.315588 6.259918 77.606445
  vertex -32.518116 11.457271 80.13894
  vertex -34.637623 12.474823 76.13065
 endloop
endfacet
facet normal -0.9069022 -0.20888023 0.36591995
 outer loop
  vertex -29.937792 -0.1389988 72.4141
  vertex -28.199032 -0.1389988 76.72347
  vertex -31.152788 6.819297 73.37488
 endloop
endfacet
facet normal -0.90684736 -0.20875795 0.36612564
 outer loop
  vertex -28.199032 -0.1389988 76.72347
  vertex -29.315588 6.259918 77.606445
  vertex -31.152788 6.819297 73.37488
 endloop
endfacet
facet normal -0.17622843 -0.96135676 -0.21151029
 outer loop
  vertex -40.947937 15.654276 81.12074
  vertex -39.7021 15.642654 80.135544
  vertex -37.172302 14.368421 83.81939
 endloop
endfacet
facet normal -0.17622726 -0.96135664 -0.21151187
 outer loop
  vertex -40.947937 15.654276 81.12074
  vertex -37.172302 14.368421 83.81939
  vertex -40.947937 14.981541 84.17844
 endloop
endfacet
facet normal -0.17622666 -0.96135896 -0.21150173
 outer loop
  vertex -40.947937 14.403666 86.80511
  vertex -40.947937 14.981541 84.17844
  vertex -37.172302 14.368421 83.81939
 endloop
endfacet
facet normal -0.5028628 -0.86309856 0.04679636
 outer loop
  vertex -34.637623 12.474823 76.13065
  vertex -32.518116 11.457271 80.13894
  vertex -39.7021 15.642654 80.135544
 endloop
endfacet
facet normal -0.50286305 -0.863099 0.046785694
 outer loop
  vertex -32.518116 11.457271 80.13894
  vertex -37.172302 14.368421 83.81939
  vertex -39.7021 15.642654 80.135544
 endloop
endfacet
facet normal -0.8520301 -0.52348346 -0.0031282967
 outer loop
  vertex -32.518116 11.457271 80.13894
  vertex -29.315588 6.259918 77.606445
  vertex -31.333246 9.504574 84.185745
 endloop
endfacet
facet normal -0.85202783 -0.52348703 -0.0031258631
 outer loop
  vertex -29.315588 6.259918 77.606445
  vertex -28.67248 5.186472 82.08167
  vertex -31.333246 9.504574 84.185745
 endloop
endfacet
facet normal -0.9781856 -0.18399201 0.09643618
 outer loop
  vertex -29.315588 6.259918 77.606445
  vertex -28.199032 -0.1389988 76.72347
  vertex -28.67248 5.186472 82.08167
 endloop
endfacet
facet normal -0.9782851 -0.18364689 0.09608435
 outer loop
  vertex -28.199032 -0.1389988 76.72347
  vertex -27.744816 -0.1389989 81.34808
  vertex -28.67248 5.186472 82.08167
 endloop
endfacet
facet normal -0.0453296 -0.76615757 -0.64105225
 outer loop
  vertex -40.947937 11.095367 91.788895
  vertex -40.947937 13.204086 89.26865
  vertex -39.50713 11.963449 90.64952
 endloop
endfacet
facet normal -0.33421886 -0.84736484 -0.41263878
 outer loop
  vertex -40.947937 14.38763 86.838036
  vertex -40.947937 14.403666 86.80511
  vertex -37.172302 14.368421 83.81939
 endloop
endfacet
facet normal -0.3342019 -0.8473817 -0.41261768
 outer loop
  vertex -37.172302 14.368421 83.81939
  vertex -39.50713 11.963449 90.64952
  vertex -40.947937 13.204086 89.26865
 endloop
endfacet
facet normal -0.3342022 -0.8473815 -0.41261783
 outer loop
  vertex -37.172302 14.368421 83.81939
  vertex -40.947937 13.204086 89.26865
  vertex -40.947937 14.38763 86.838036
 endloop
endfacet
facet normal -0.33419675 -0.8473842 -0.4126168
 outer loop
  vertex -37.172302 14.368421 83.81939
  vertex -35.20007 11.92326 87.243576
  vertex -39.50713 11.963449 90.64952
 endloop
endfacet
facet normal -0.62210715 -0.7607752 -0.1849425
 outer loop
  vertex -37.172302 14.368421 83.81939
  vertex -32.518116 11.457271 80.13894
  vertex -35.20007 11.92326 87.243576
 endloop
endfacet
facet normal -0.62211156 -0.76077116 -0.1849444
 outer loop
  vertex -32.518116 11.457271 80.13894
  vertex -31.333246 9.504574 84.185745
  vertex -35.20007 11.92326 87.243576
 endloop
endfacet
facet normal -0.87338907 -0.41038948 -0.26224422
 outer loop
  vertex -31.333246 9.504574 84.185745
  vertex -28.67248 5.186472 82.08167
  vertex -31.178919 6.7749996 87.94331
 endloop
endfacet
facet normal -0.87339175 -0.41038162 -0.2622475
 outer loop
  vertex -28.67248 5.186472 82.08167
  vertex -29.275497 3.6859121 86.43814
  vertex -31.178919 6.7749996 87.94331
 endloop
endfacet
facet normal -0.97228736 -0.14399523 -0.18418133
 outer loop
  vertex -28.67248 5.186472 82.08167
  vertex -27.744816 -0.1389989 81.34808
  vertex -29.275497 3.6859121 86.43814
 endloop
endfacet
facet normal -0.97229046 -0.14335726 -0.18466164
 outer loop
  vertex -27.744816 -0.1389989 81.34808
  vertex -28.611872 -0.13899902 85.91335
  vertex -29.275497 3.6859121 86.43814
 endloop
endfacet
facet normal -0.05860787 -0.41798466 -0.9065616
 outer loop
  vertex -40.67155 7.1519427 94.68918
  vertex -40.707066 7.5441623 94.510635
  vertex -39.812084 6.8555346 94.77028
 endloop
endfacet
facet normal -0.05861139 -0.41799366 -0.90655726
 outer loop
  vertex -40.67155 7.1519427 94.68918
  vertex -39.812084 6.8555346 94.77028
  vertex -40.54079 5.7079134 95.346535
 endloop
endfacet
facet normal -0.24097544 -0.6006326 -0.7623459
 outer loop
  vertex -40.947937 10.497836 92.259674
  vertex -40.947937 11.095367 91.788895
  vertex -39.50713 11.963449 90.64952
 endloop
endfacet
facet normal -0.24097854 -0.60062927 -0.7623476
 outer loop
  vertex -39.50713 11.963449 90.64952
  vertex -39.812084 6.8555346 94.77028
  vertex -40.707066 7.5441623 94.510635
 endloop
endfacet
facet normal -0.2409545 -0.60063094 -0.76235384
 outer loop
  vertex -40.707066 7.5441623 94.510635
  vertex -40.947937 9.1778 93.29968
  vertex -40.947937 10.497836 92.259674
 endloop
endfacet
facet normal -0.24098152 -0.6006283 -0.76234734
 outer loop
  vertex -39.50713 11.963449 90.64952
  vertex -40.707066 7.5441623 94.510635
  vertex -40.947937 10.497836 92.259674
 endloop
endfacet
facet normal -0.24097063 -0.6006308 -0.7623489
 outer loop
  vertex -39.50713 11.963449 90.64952
  vertex -37.02627 8.534004 92.5673
  vertex -39.812084 6.8555346 94.77028
 endloop
endfacet
facet normal -0.46743426 -0.6643092 -0.5832654
 outer loop
  vertex -39.50713 11.963449 90.64952
  vertex -35.20007 11.92326 87.243576
  vertex -37.02627 8.534004 92.5673
 endloop
endfacet
facet normal -0.46743196 -0.6643107 -0.58326554
 outer loop
  vertex -35.20007 11.92326 87.243576
  vertex -33.945118 8.505248 90.1308
  vertex -37.02627 8.534004 92.5673
 endloop
endfacet
facet normal -0.69314486 -0.5964115 -0.404776
 outer loop
  vertex -35.20007 11.92326 87.243576
  vertex -31.333246 9.504574 84.185745
  vertex -33.945118 8.505248 90.1308
 endloop
endfacet
facet normal -0.6931459 -0.5964101 -0.40477622
 outer loop
  vertex -31.333246 9.504574 84.185745
  vertex -31.178919 6.7749996 87.94331
  vertex -33.945118 8.505248 90.1308
 endloop
endfacet
facet normal -0.8233578 -0.26204884 -0.50340074
 outer loop
  vertex -31.178919 6.7749996 87.94331
  vertex -29.275497 3.6859121 86.43814
  vertex -32.067657 3.4895456 91.10719
 endloop
endfacet
facet normal -0.8233596 -0.2620417 -0.5034016
 outer loop
  vertex -29.275497 3.6859121 86.43814
  vertex -31.075798 1.8798198 90.322845
  vertex -32.067657 3.4895456 91.10719
 endloop
endfacet
facet normal -0.8865612 -0.091604546 -0.45345098
 outer loop
  vertex -29.275497 3.6859121 86.43814
  vertex -28.611872 -0.13899902 85.91335
  vertex -31.075798 1.8798198 90.322845
 endloop
endfacet
facet normal -0.8864336 -0.090358265 -0.45395023
 outer loop
  vertex -28.611872 -0.13899902 85.91335
  vertex -30.729965 -0.1389992 90.04938
  vertex -31.075798 1.8798198 90.322845
 endloop
endfacet
facet normal -0.23731728 -0.093507834 -0.96692127
 outer loop
  vertex -37.945488 -0.13899961 95.755325
  vertex -40.133877 -0.13899972 96.292435
  vertex -40.18758 0.8283448 96.21207
 endloop
endfacet
facet normal -0.23731618 -0.09350503 -0.9669218
 outer loop
  vertex -37.945488 -0.13899961 95.755325
  vertex -40.18758 0.8283448 96.21207
  vertex -37.57674 1.9405422 95.46372
 endloop
endfacet
facet normal -0.23678106 -0.09476674 -0.9669302
 outer loop
  vertex -40.319008 3.163719 96.015366
  vertex -37.57674 1.9405422 95.46372
  vertex -40.18758 0.8283448 96.21207
 endloop
endfacet
facet normal -0.30307636 -0.26691577 -0.9148227
 outer loop
  vertex -40.44537 3.9553773 95.826256
  vertex -40.54079 5.7079134 95.346535
  vertex -39.812084 6.8555346 94.77028
 endloop
endfacet
facet normal -0.30308357 -0.2669125 -0.9148213
 outer loop
  vertex -39.812084 6.8555346 94.77028
  vertex -37.57674 1.9405422 95.46372
  vertex -40.319008 3.163719 96.015366
 endloop
endfacet
facet normal -0.30309772 -0.26690927 -0.9148176
 outer loop
  vertex -39.812084 6.8555346 94.77028
  vertex -40.319008 3.163719 96.015366
  vertex -40.44537 3.9553773 95.826256
 endloop
endfacet
facet normal -0.3030904 -0.26691514 -0.9148182
 outer loop
  vertex -39.812084 6.8555346 94.77028
  vertex -36.566483 3.5315344 94.66481
  vertex -37.57674 1.9405422 95.46372
 endloop
endfacet
facet normal -0.4195303 -0.38353032 -0.8227386
 outer loop
  vertex -39.812084 6.8555346 94.77028
  vertex -37.02627 8.534004 92.5673
  vertex -36.566483 3.5315344 94.66481
 endloop
endfacet
facet normal -0.41953757 -0.38352963 -0.82273525
 outer loop
  vertex -37.02627 8.534004 92.5673
  vertex -35.114765 4.4061794 93.51681
  vertex -36.566483 3.5315344 94.66481
 endloop
endfacet
facet normal -0.5641359 -0.4241875 -0.7083895
 outer loop
  vertex -37.02627 8.534004 92.5673
  vertex -33.945118 8.505248 90.1308
  vertex -35.114765 4.4061794 93.51681
 endloop
endfacet
facet normal -0.5641427 -0.42418316 -0.7083867
 outer loop
  vertex -33.945118 8.505248 90.1308
  vertex -33.50918 4.3912024 92.24712
  vertex -35.114765 4.4061794 93.51681
 endloop
endfacet
facet normal -0.70826524 -0.3808271 -0.5944166
 outer loop
  vertex -33.945118 8.505248 90.1308
  vertex -31.178919 6.7749996 87.94331
  vertex -33.50918 4.3912024 92.24712
 endloop
endfacet
facet normal -0.70826197 -0.38083178 -0.59441745
 outer loop
  vertex -31.178919 6.7749996 87.94331
  vertex -32.067657 3.4895456 91.10719
  vertex -33.50918 4.3912024 92.24712
 endloop
endfacet
facet normal -0.7030856 -0.089482315 -0.70545274
 outer loop
  vertex -32.067657 3.4895456 91.10719
  vertex -31.075798 1.8798198 90.322845
  vertex -33.927505 -0.13899939 93.42106
 endloop
endfacet
facet normal -0.725246 -0.031070514 -0.6877884
 outer loop
  vertex -31.075798 1.8798198 90.322845
  vertex -30.729965 -0.1389992 90.04938
  vertex -33.927505 -0.13899939 93.42106
 endloop
endfacet
facet normal -0.502076 -0.032156806 -0.86422545
 outer loop
  vertex -37.945488 -0.13899961 95.755325
  vertex -37.57674 1.9405422 95.46372
  vertex -33.927505 -0.13899939 93.42106
 endloop
endfacet
facet normal -0.5254447 -0.091132775 -0.845933
 outer loop
  vertex -37.57674 1.9405422 95.46372
  vertex -36.566483 3.5315344 94.66481
  vertex -33.927505 -0.13899939 93.42106
 endloop
endfacet
facet normal -0.56539524 -0.13053185 -0.81442595
 outer loop
  vertex -36.566483 3.5315344 94.66481
  vertex -35.114765 4.4061794 93.51681
  vertex -33.927505 -0.13899939 93.42106
 endloop
endfacet
facet normal -0.61462414 -0.14421055 -0.77552587
 outer loop
  vertex -35.114765 4.4061794 93.51681
  vertex -33.50918 4.3912024 92.24712
  vertex -33.927505 -0.13899939 93.42106
 endloop
endfacet
facet normal -0.66366196 -0.12962523 -0.7367158
 outer loop
  vertex -33.50918 4.3912024 92.24712
  vertex -32.067657 3.4895456 91.10719
  vertex -33.927505 -0.13899939 93.42106
 endloop
endfacet
facet normal -0.65775114 -0.61631185 0.43303946
 outer loop
  vertex -40.046253 5.5790157 66.359665
  vertex -40.947937 7.042327 67.0727
  vertex -40.947937 5.64753 65.08759
 endloop
endfacet
facet normal -0.8019161 -0.21653813 0.55681396
 outer loop
  vertex -39.049526 -0.13899906 65.57147
  vertex -40.046253 5.5790157 66.359665
  vertex -40.474678 -0.1053176 63.532085
 endloop
endfacet
facet normal -0.8019441 -0.21651958 0.5567808
 outer loop
  vertex -40.474678 -0.1053176 63.532085
  vertex -40.046253 5.5790157 66.359665
  vertex -40.947937 5.64753 65.08759
 endloop
endfacet
facet normal -0.80194837 -0.21651836 0.55677515
 outer loop
  vertex -40.474678 -0.1053176 63.532085
  vertex -40.947937 5.64753 65.08759
  vertex -40.947937 2.6099224 63.90633
 endloop
endfacet
facet normal -0.6035473 -0.21610792 0.76748157
 outer loop
  vertex -40.947937 0.85156983 63.429356
  vertex -40.947937 -0.098051846 63.16196
  vertex -40.474678 -0.1053176 63.532085
 endloop
endfacet
facet normal -0.59423804 -0.21056376 0.77623713
 outer loop
  vertex -40.947937 2.6099224 63.90633
  vertex -40.947937 0.85156983 63.429356
  vertex -40.474678 -0.1053176 63.532085
 endloop
endfacet
facet normal -0.19726199 0.5249848 0.82793635
 outer loop
  vertex -40.367756 -11.839494 70.076485
  vertex -40.046253 -5.857014 66.359665
  vertex -40.947937 -7.3203254 67.0727
 endloop
endfacet
facet normal -0.19725968 0.52498525 0.8279367
 outer loop
  vertex -40.367756 -11.839494 70.076485
  vertex -40.947937 -7.3203254 67.0727
  vertex -40.947945 -11.532429 69.743546
 endloop
endfacet
facet normal -0.19727671 0.52498376 0.82793355
 outer loop
  vertex -40.367756 -11.839494 70.076485
  vertex -37.1363 -6.595208 67.52112
  vertex -40.046253 -5.857014 66.359665
 endloop
endfacet
facet normal -0.3232706 0.18429522 0.9281872
 outer loop
  vertex -39.049526 -0.13899906 65.57147
  vertex -40.046253 -5.857014 66.359665
  vertex -36.009678 -0.13899894 66.630196
 endloop
endfacet
facet normal -0.32359332 0.1845306 0.9280279
 outer loop
  vertex -40.046253 -5.857014 66.359665
  vertex -37.1363 -6.595208 67.52112
  vertex -36.009678 -0.13899894 66.630196
 endloop
endfacet
facet normal 0.033313107 0.76294667 0.6456025
 outer loop
  vertex -40.947945 -12.202396 70.535286
  vertex -40.367756 -11.839494 70.076485
  vertex -40.947945 -11.532429 69.743546
 endloop
endfacet
facet normal -0.40313467 0.589488 0.6999902
 outer loop
  vertex -40.367756 -11.839494 70.076485
  vertex -37.519985 -12.752818 72.4857
  vertex -37.1363 -6.595208 67.52112
 endloop
endfacet
facet normal -0.403133 0.58948845 0.6999908
 outer loop
  vertex -37.519985 -12.752818 72.4857
  vertex -34.03514 -7.097291 69.729935
  vertex -37.1363 -6.595208 67.52112
 endloop
endfacet
facet normal -0.54507107 0.2072198 0.81237763
 outer loop
  vertex -37.1363 -6.595208 67.52112
  vertex -34.03514 -7.097291 69.729935
  vertex -36.009678 -0.13899894 66.630196
 endloop
endfacet
facet normal -0.5448707 0.20732458 0.8124853
 outer loop
  vertex -34.03514 -7.097291 69.729935
  vertex -32.82015 -0.13899885 68.769165
  vertex -36.009678 -0.13899894 66.630196
 endloop
endfacet
facet normal -0.14421627 0.85669446 0.49525374
 outer loop
  vertex -40.947945 -12.54696 71.13132
  vertex -40.947945 -12.907667 71.75527
  vertex -40.367756 -11.839494 70.076485
 endloop
endfacet
facet normal -0.14421935 0.8566948 0.49525216
 outer loop
  vertex -40.947945 -12.54696 71.13132
  vertex -40.367756 -11.839494 70.076485
  vertex -40.947945 -12.202396 70.535286
 endloop
endfacet
facet normal -0.14423431 0.85669696 0.49524415
 outer loop
  vertex -40.947945 -14.731053 74.90939
  vertex -40.947945 -14.897005 75.196465
  vertex -37.519985 -12.752818 72.4857
 endloop
endfacet
facet normal -0.14422698 0.8566947 0.49525017
 outer loop
  vertex -37.519985 -12.752818 72.4857
  vertex -40.367756 -11.839494 70.076485
  vertex -40.947945 -12.907667 71.75527
 endloop
endfacet
facet normal -0.14422725 0.85669386 0.49525163
 outer loop
  vertex -37.519985 -12.752818 72.4857
  vertex -40.947945 -12.907667 71.75527
  vertex -40.947945 -14.731053 74.90939
 endloop
endfacet
facet normal -0.6168191 0.6177496 0.48777008
 outer loop
  vertex -37.519985 -12.752818 72.4857
  vertex -34.637623 -12.752821 76.13065
  vertex -34.03514 -7.097291 69.729935
 endloop
endfacet
facet normal -0.6168195 0.6177494 0.48776987
 outer loop
  vertex -34.637623 -12.752821 76.13065
  vertex -31.152788 -7.0972943 73.37488
  vertex -34.03514 -7.097291 69.729935
 endloop
endfacet
facet normal -0.76564264 0.21728808 0.6054561
 outer loop
  vertex -34.03514 -7.097291 69.729935
  vertex -31.152788 -7.0972943 73.37488
  vertex -32.82015 -0.13899885 68.769165
 endloop
endfacet
facet normal -0.7656416 0.21728903 0.6054571
 outer loop
  vertex -31.152788 -7.0972943 73.37488
  vertex -29.937792 -0.1389988 72.4141
  vertex -32.82015 -0.13899885 68.769165
 endloop
endfacet
facet normal -0.0057385736 0.99997324 0.004537999
 outer loop
  vertex -40.947945 -15.932274 81.12074
  vertex -39.7021 -15.920653 80.135544
  vertex -40.947945 -15.920653 78.5601
 endloop
endfacet
facet normal -0.34549767 0.8977664 0.27321568
 outer loop
  vertex -40.947945 -14.897005 75.196465
  vertex -40.947945 -15.920653 78.5601
  vertex -39.7021 -15.920653 80.135544
 endloop
endfacet
facet normal -0.34549862 0.89776605 0.27321583
 outer loop
  vertex -40.947945 -14.897005 75.196465
  vertex -39.7021 -15.920653 80.135544
  vertex -37.519985 -12.752818 72.4857
 endloop
endfacet
facet normal -0.34549943 0.8977658 0.2732155
 outer loop
  vertex -39.7021 -15.920653 80.135544
  vertex -34.637623 -12.752821 76.13065
  vertex -37.519985 -12.752818 72.4857
 endloop
endfacet
facet normal -0.76370615 0.5938941 0.25306636
 outer loop
  vertex -34.637623 -12.752821 76.13065
  vertex -32.518116 -11.735269 80.13894
  vertex -31.152788 -7.0972943 73.37488
 endloop
endfacet
facet normal -0.76370585 0.5938944 0.25306663
 outer loop
  vertex -32.518116 -11.735269 80.13894
  vertex -29.315588 -6.537915 77.606445
  vertex -31.152788 -7.0972943 73.37488
 endloop
endfacet
facet normal -0.90682715 0.20889187 0.36609918
 outer loop
  vertex -31.152788 -7.0972943 73.37488
  vertex -29.315588 -6.537915 77.606445
  vertex -29.937792 -0.1389988 72.4141
 endloop
endfacet
facet normal -0.90692896 0.20874535 0.36593077
 outer loop
  vertex -29.315588 -6.537915 77.606445
  vertex -28.199032 -0.1389988 76.72347
  vertex -29.937792 -0.1389988 72.4141
 endloop
endfacet
facet normal -0.17622304 0.9613588 -0.21150576
 outer loop
  vertex -40.947945 -15.345268 83.788864
  vertex -39.7021 -15.920653 80.135544
  vertex -40.947945 -15.932274 81.12074
 endloop
endfacet
facet normal -0.17623137 0.96135676 -0.21150827
 outer loop
  vertex -37.172302 -14.64642 83.81939
  vertex -39.7021 -15.920653 80.135544
  vertex -40.947945 -15.345268 83.788864
 endloop
endfacet
facet normal -0.17623134 0.9613567 -0.21150844
 outer loop
  vertex -37.172302 -14.64642 83.81939
  vertex -40.947945 -15.345268 83.788864
  vertex -40.947945 -14.6816635 86.80511
 endloop
endfacet
facet normal -0.50286716 0.8630964 0.04678938
 outer loop
  vertex -39.7021 -15.920653 80.135544
  vertex -37.172302 -14.64642 83.81939
  vertex -34.637623 -12.752821 76.13065
 endloop
endfacet
facet normal -0.5028585 0.8631012 0.046793394
 outer loop
  vertex -37.172302 -14.64642 83.81939
  vertex -32.518116 -11.735269 80.13894
  vertex -34.637623 -12.752821 76.13065
 endloop
endfacet
facet normal -0.85203016 0.5234834 -0.0031282809
 outer loop
  vertex -32.518116 -11.735269 80.13894
  vertex -31.333246 -9.782572 84.185745
  vertex -29.315588 -6.537915 77.606445
 endloop
endfacet
facet normal -0.85202795 0.523487 -0.0031258345
 outer loop
  vertex -31.333246 -9.782572 84.185745
  vertex -28.67248 -5.464469 82.08167
  vertex -29.315588 -6.537915 77.606445
 endloop
endfacet
facet normal -0.9781856 0.18399203 0.096436165
 outer loop
  vertex -29.315588 -6.537915 77.606445
  vertex -28.67248 -5.464469 82.08167
  vertex -28.199032 -0.1389988 76.72347
 endloop
endfacet
facet normal -0.9782851 0.18364692 0.09608435
 outer loop
  vertex -28.67248 -5.464469 82.08167
  vertex -27.744816 -0.1389989 81.34808
  vertex -28.199032 -0.1389988 76.72347
 endloop
endfacet
facet normal -0.045329355 0.76615745 -0.6410522
 outer loop
  vertex -40.947945 -11.373366 91.788895
  vertex -39.50713 -12.241447 90.64952
  vertex -40.947945 -13.482085 89.26865
 endloop
endfacet
facet normal -1 0 -0
 outer loop
  vertex -40.947945 -11.373366 91.788895
  vertex -40.947945 -13.482085 89.26865
  vertex -40.947945 -11.9739485 91.071106
 endloop
endfacet
facet normal -0.33420134 0.8473819 -0.4126176
 outer loop
  vertex -39.50713 -12.241447 90.64952
  vertex -37.172302 -14.64642 83.81939
  vertex -40.947945 -14.6816635 86.80511
 endloop
endfacet
facet normal -0.3341999 0.84738225 -0.41261828
 outer loop
  vertex -39.50713 -12.241447 90.64952
  vertex -40.947945 -14.6816635 86.80511
  vertex -40.947945 -13.482085 89.26865
 endloop
endfacet
facet normal -0.33419693 0.8473841 -0.41261682
 outer loop
  vertex -39.50713 -12.241447 90.64952
  vertex -35.20007 -12.201258 87.243576
  vertex -37.172302 -14.64642 83.81939
 endloop
endfacet
facet normal -0.6221073 0.7607751 -0.18494256
 outer loop
  vertex -37.172302 -14.64642 83.81939
  vertex -35.20007 -12.201258 87.243576
  vertex -32.518116 -11.735269 80.13894
 endloop
endfacet
facet normal -0.62211156 0.76077116 -0.1849444
 outer loop
  vertex -35.20007 -12.201258 87.243576
  vertex -31.333246 -9.782572 84.185745
  vertex -32.518116 -11.735269 80.13894
 endloop
endfacet
facet normal -0.87338907 0.4103894 -0.26224416
 outer loop
  vertex -31.333246 -9.782572 84.185745
  vertex -31.178919 -7.052998 87.94331
  vertex -28.67248 -5.464469 82.08167
 endloop
endfacet
facet normal -0.87339175 0.41038164 -0.2622474
 outer loop
  vertex -31.178919 -7.052998 87.94331
  vertex -29.275497 -3.9639106 86.43814
  vertex -28.67248 -5.464469 82.08167
 endloop
endfacet
facet normal -0.9722873 0.14399526 -0.18418127
 outer loop
  vertex -28.67248 -5.464469 82.08167
  vertex -29.275497 -3.9639106 86.43814
  vertex -27.744816 -0.1389989 81.34808
 endloop
endfacet
facet normal -0.97229046 0.14335723 -0.18466166
 outer loop
  vertex -29.275497 -3.9639106 86.43814
  vertex -28.611872 -0.13899902 85.91335
  vertex -27.744816 -0.1389989 81.34808
 endloop
endfacet
facet normal -0.05861465 0.417992 -0.90655774
 outer loop
  vertex -40.54079 -5.9859133 95.346535
  vertex -39.812084 -7.133534 94.77028
  vertex -40.707066 -7.8221617 94.510635
 endloop
endfacet
facet normal -0.24097824 0.60062903 -0.7623479
 outer loop
  vertex -40.83044 -8.658909 93.89039
  vertex -40.707066 -7.8221617 94.510635
  vertex -39.812084 -7.133534 94.77028
 endloop
endfacet
facet normal -0.24097745 0.60062945 -0.7623477
 outer loop
  vertex -39.812084 -7.133534 94.77028
  vertex -39.50713 -12.241447 90.64952
  vertex -40.947945 -11.373366 91.788895
 endloop
endfacet
facet normal -0.24096598 0.60063136 -0.76234996
 outer loop
  vertex -40.947945 -11.373366 91.788895
  vertex -40.947937 -9.455799 93.29968
  vertex -40.83044 -8.658909 93.89039
 endloop
endfacet
facet normal -0.24097997 0.60062957 -0.76234686
 outer loop
  vertex -39.812084 -7.133534 94.77028
  vertex -40.947945 -11.373366 91.788895
  vertex -40.83044 -8.658909 93.89039
 endloop
endfacet
facet normal -0.24097067 0.6006308 -0.7623489
 outer loop
  vertex -39.812084 -7.133534 94.77028
  vertex -37.02627 -8.812003 92.5673
  vertex -39.50713 -12.241447 90.64952
 endloop
endfacet
facet normal -0.46743438 0.6643092 -0.5832653
 outer loop
  vertex -39.50713 -12.241447 90.64952
  vertex -37.02627 -8.812003 92.5673
  vertex -35.20007 -12.201258 87.243576
 endloop
endfacet
facet normal -0.46743214 0.6643107 -0.5832655
 outer loop
  vertex -37.02627 -8.812003 92.5673
  vertex -33.945118 -8.783246 90.1308
  vertex -35.20007 -12.201258 87.243576
 endloop
endfacet
facet normal -0.69314486 0.59641147 -0.404776
 outer loop
  vertex -35.20007 -12.201258 87.243576
  vertex -33.945118 -8.783246 90.1308
  vertex -31.333246 -9.782572 84.185745
 endloop
endfacet
facet normal -0.6931458 0.5964102 -0.40477622
 outer loop
  vertex -33.945118 -8.783246 90.1308
  vertex -31.178919 -7.052998 87.94331
  vertex -31.333246 -9.782572 84.185745
 endloop
endfacet
facet normal -0.8233578 0.26204887 -0.50340074
 outer loop
  vertex -31.178919 -7.052998 87.94331
  vertex -32.067657 -3.7675443 91.10719
  vertex -29.275497 -3.9639106 86.43814
 endloop
endfacet
facet normal -0.8233596 0.26204163 -0.5034015
 outer loop
  vertex -32.067657 -3.7675443 91.10719
  vertex -31.075798 -2.157818 90.322845
  vertex -29.275497 -3.9639106 86.43814
 endloop
endfacet
facet normal -0.8865613 0.091604516 -0.45345098
 outer loop
  vertex -29.275497 -3.9639106 86.43814
  vertex -31.075798 -2.157818 90.322845
  vertex -28.611872 -0.13899902 85.91335
 endloop
endfacet
facet normal -0.8864336 0.090358265 -0.45395023
 outer loop
  vertex -31.075798 -2.157818 90.322845
  vertex -30.729965 -0.1389992 90.04938
  vertex -28.611872 -0.13899902 85.91335
 endloop
endfacet
facet normal -0.23731618 0.09350502 -0.9669218
 outer loop
  vertex -37.945488 -0.13899961 95.755325
  vertex -37.57674 -2.2185414 95.46372
  vertex -40.18758 -1.1063443 96.21207
 endloop
endfacet
facet normal -0.23731728 0.09350783 -0.96692127
 outer loop
  vertex -37.945488 -0.13899961 95.755325
  vertex -40.18758 -1.1063443 96.21207
  vertex -40.133877 -0.13899972 96.292435
 endloop
endfacet
facet normal -0.2367811 0.09476674 -0.9669302
 outer loop
  vertex -40.18758 -1.1063443 96.21207
  vertex -37.57674 -2.2185414 95.46372
  vertex -40.319008 -3.4417186 96.015366
 endloop
endfacet
facet normal -0.30308363 0.2669125 -0.9148213
 outer loop
  vertex -40.319008 -3.4417186 96.015366
  vertex -37.57674 -2.2185414 95.46372
  vertex -39.812084 -7.133534 94.77028
 endloop
endfacet
facet normal -0.30307657 0.26691574 -0.9148227
 outer loop
  vertex -39.812084 -7.133534 94.77028
  vertex -40.54079 -5.9859133 95.346535
  vertex -40.44537 -4.233377 95.826256
 endloop
endfacet
facet normal -0.30309778 0.26690927 -0.9148176
 outer loop
  vertex -39.812084 -7.133534 94.77028
  vertex -40.44537 -4.233377 95.826256
  vertex -40.319008 -3.4417186 96.015366
 endloop
endfacet
facet normal -0.30309033 0.2669151 -0.91481835
 outer loop
  vertex -37.57674 -2.2185414 95.46372
  vertex -36.566483 -3.809534 94.66481
  vertex -39.812084 -7.133534 94.77028
 endloop
endfacet
facet normal -0.4195303 0.3835304 -0.8227385
 outer loop
  vertex -39.812084 -7.133534 94.77028
  vertex -36.566483 -3.809534 94.66481
  vertex -37.02627 -8.812003 92.5673
 endloop
endfacet
facet normal -0.4195377 0.38352966 -0.8227352
 outer loop
  vertex -36.566483 -3.809534 94.66481
  vertex -35.114765 -4.6841784 93.51681
  vertex -37.02627 -8.812003 92.5673
 endloop
endfacet
facet normal -0.56413597 0.4241875 -0.70838946
 outer loop
  vertex -37.02627 -8.812003 92.5673
  vertex -35.114765 -4.6841784 93.51681
  vertex -33.945118 -8.783246 90.1308
 endloop
endfacet
facet normal -0.56414276 0.42418322 -0.70838666
 outer loop
  vertex -35.114765 -4.6841784 93.51681
  vertex -33.50918 -4.669201 92.24712
  vertex -33.945118 -8.783246 90.1308
 endloop
endfacet
facet normal -0.7082652 0.38082707 -0.59441656
 outer loop
  vertex -33.945118 -8.783246 90.1308
  vertex -33.50918 -4.669201 92.24712
  vertex -31.178919 -7.052998 87.94331
 endloop
endfacet
facet normal -0.7082619 0.38083184 -0.59441745
 outer loop
  vertex -33.50918 -4.669201 92.24712
  vertex -32.067657 -3.7675443 91.10719
  vertex -31.178919 -7.052998 87.94331
 endloop
endfacet
facet normal -0.70308554 0.08948228 -0.7054527
 outer loop
  vertex -32.067657 -3.7675443 91.10719
  vertex -33.927505 -0.13899939 93.42106
  vertex -31.075798 -2.157818 90.322845
 endloop
endfacet
facet normal -0.72524595 0.031070469 -0.6877884
 outer loop
  vertex -31.075798 -2.157818 90.322845
  vertex -33.927505 -0.13899939 93.42106
  vertex -30.729965 -0.1389992 90.04938
 endloop
endfacet
facet normal -0.502076 0.032156814 -0.8642254
 outer loop
  vertex -37.945488 -0.13899961 95.755325
  vertex -33.927505 -0.13899939 93.42106
  vertex -37.57674 -2.2185414 95.46372
 endloop
endfacet
facet normal -0.5254446 0.0911328 -0.845933
 outer loop
  vertex -37.57674 -2.2185414 95.46372
  vertex -33.927505 -0.13899939 93.42106
  vertex -36.566483 -3.809534 94.66481
 endloop
endfacet
facet normal -0.5653953 0.13053186 -0.81442595
 outer loop
  vertex -36.566483 -3.809534 94.66481
  vertex -33.927505 -0.13899939 93.42106
  vertex -35.114765 -4.6841784 93.51681
 endloop
endfacet
facet normal -0.6146242 0.14421055 -0.77552587
 outer loop
  vertex -35.114765 -4.6841784 93.51681
  vertex -33.927505 -0.13899939 93.42106
  vertex -33.50918 -4.669201 92.24712
 endloop
endfacet
facet normal -0.66366196 0.12962525 -0.7367158
 outer loop
  vertex -33.50918 -4.669201 92.24712
  vertex -33.927505 -0.13899939 93.42106
  vertex -32.067657 -3.7675443 91.10719
 endloop
endfacet
facet normal -0.64803475 0.6169304 0.44659588
 outer loop
  vertex -40.947937 -7.3203254 67.0727
  vertex -40.046253 -5.857014 66.359665
  vertex -40.947937 -6.8435264 66.41405
 endloop
endfacet
facet normal -0.64803326 0.6169292 0.44659978
 outer loop
  vertex -40.947937 -5.883296 65.08759
  vertex -40.947937 -6.8435264 66.41405
  vertex -40.046253 -5.857014 66.359665
 endloop
endfacet
facet normal -0.7985686 0.21661519 0.5615747
 outer loop
  vertex -40.947937 -4.62971 64.60405
  vertex -40.947937 -5.883296 65.08759
  vertex -40.046253 -5.857014 66.359665
 endloop
endfacet
facet normal -0.79857093 0.216611 0.56157297
 outer loop
  vertex -40.947937 -4.62971 64.60405
  vertex -40.046253 -5.857014 66.359665
  vertex -39.049526 -0.13899906 65.57147
 endloop
endfacet
facet normal -0.7985475 0.21659237 0.5616134
 outer loop
  vertex -40.947937 -2.8205576 63.90633
  vertex -40.947937 -4.62971 64.60405
  vertex -39.049526 -0.13899906 65.57147
 endloop
endfacet
facet normal -0.7985476 0.21659246 0.56161326
 outer loop
  vertex -40.947937 -2.8205576 63.90633
  vertex -39.049526 -0.13899906 65.57147
  vertex -40.474678 -0.1053176 63.532085
 endloop
endfacet
facet normal -0.59023666 0.21029624 0.7793563
 outer loop
  vertex -40.947937 -1.0528936 63.429356
  vertex -40.947937 -2.8205576 63.90633
  vertex -40.474678 -0.1053176 63.532085
 endloop
endfacet
facet normal -0.59946895 0.21584068 0.77074623
 outer loop
  vertex -40.947937 -0.098051846 63.16196
  vertex -40.947937 -1.0528936 63.429356
  vertex -40.474678 -0.1053176 63.532085
 endloop
endfacet
facet normal 0.1972672 -0.52498496 0.827935
 outer loop
  vertex 40.947937 7.0423164 67.07269
  vertex 40.947937 11.254435 69.74355
  vertex 40.36776 11.561495 70.07649
 endloop
endfacet
facet normal 0.19726518 -0.5249854 0.8279353
 outer loop
  vertex 40.947937 7.0423164 67.07269
  vertex 40.36776 11.561495 70.07649
  vertex 40.046257 5.579016 66.359665
 endloop
endfacet
facet normal 0.19727658 -0.5249846 0.827933
 outer loop
  vertex 40.36776 11.561495 70.07649
  vertex 37.136307 6.31721 67.52112
  vertex 40.046257 5.579016 66.359665
 endloop
endfacet
facet normal 0.3232706 -0.18429522 0.9281872
 outer loop
  vertex 39.04953 -0.13899894 65.57147
  vertex 40.046257 5.579016 66.359665
  vertex 36.00968 -0.13899882 66.630196
 endloop
endfacet
facet normal 0.32359365 -0.18453082 0.92802775
 outer loop
  vertex 40.046257 5.579016 66.359665
  vertex 37.136307 6.31721 67.52112
  vertex 36.00968 -0.13899882 66.630196
 endloop
endfacet
facet normal -0.03330924 -0.7629482 0.64560086
 outer loop
  vertex 40.36776 11.561495 70.07649
  vertex 40.947937 11.254435 69.74355
  vertex 40.947937 11.924393 70.535286
 endloop
endfacet
facet normal 0.40313324 -0.5894883 0.6999908
 outer loop
  vertex 40.36776 11.561495 70.07649
  vertex 37.51999 12.474819 72.4857
  vertex 37.136307 6.31721 67.52112
 endloop
endfacet
facet normal 0.40313262 -0.58948845 0.69999105
 outer loop
  vertex 37.51999 12.474819 72.4857
  vertex 34.035145 6.8192935 69.729935
  vertex 37.136307 6.31721 67.52112
 endloop
endfacet
facet normal 0.5450706 -0.20722006 0.8123779
 outer loop
  vertex 37.136307 6.31721 67.52112
  vertex 34.035145 6.8192935 69.729935
  vertex 36.00968 -0.13899882 66.630196
 endloop
endfacet
facet normal 0.5448707 -0.20732458 0.8124853
 outer loop
  vertex 34.035145 6.8192935 69.729935
  vertex 32.820152 -0.13899873 68.769165
  vertex 36.00968 -0.13899882 66.630196
 endloop
endfacet
facet normal 0.14421985 -0.85669386 0.49525377
 outer loop
  vertex 40.36776 11.561495 70.07649
  vertex 40.947937 11.924393 70.535286
  vertex 40.947937 12.629652 71.75525
 endloop
endfacet
facet normal 0.14422683 -0.8566944 0.49525073
 outer loop
  vertex 40.947937 12.629652 71.75525
  vertex 40.947937 14.619001 75.196465
  vertex 37.51999 12.474819 72.4857
 endloop
endfacet
facet normal 0.14422695 -0.856694 0.49525145
 outer loop
  vertex 40.947937 12.629652 71.75525
  vertex 37.51999 12.474819 72.4857
  vertex 40.36776 11.561495 70.07649
 endloop
endfacet
facet normal 0.61681944 -0.61774975 0.48776948
 outer loop
  vertex 37.51999 12.474819 72.4857
  vertex 34.637627 12.474823 76.13066
  vertex 34.035145 6.8192935 69.729935
 endloop
endfacet
facet normal 0.6168192 -0.61774987 0.48776966
 outer loop
  vertex 34.637627 12.474823 76.13066
  vertex 31.152792 6.819297 73.37488
  vertex 34.035145 6.8192935 69.729935
 endloop
endfacet
facet normal 0.76564264 -0.21728808 0.6054561
 outer loop
  vertex 34.035145 6.8192935 69.729935
  vertex 31.152792 6.819297 73.37488
  vertex 32.820152 -0.13899873 68.769165
 endloop
endfacet
facet normal 0.7656412 -0.21728942 0.60545754
 outer loop
  vertex 31.152792 6.819297 73.37488
  vertex 29.937792 -0.13899866 72.4141
  vertex 32.820152 -0.13899873 68.769165
 endloop
endfacet
facet normal 0.0057391315 -0.9999732 0.0045383987
 outer loop
  vertex 39.702103 15.642654 80.13556
  vertex 40.947937 15.642654 78.56011
  vertex 40.947937 15.654276 81.12074
 endloop
endfacet
facet normal 0.34550053 -0.89776546 0.27321538
 outer loop
  vertex 40.947937 14.619001 75.196465
  vertex 40.947937 15.642654 78.56011
  vertex 39.702103 15.642654 80.13556
 endloop
endfacet
facet normal 0.34549907 -0.8977661 0.2732152
 outer loop
  vertex 40.947937 14.619001 75.196465
  vertex 39.702103 15.642654 80.13556
  vertex 37.51999 12.474819 72.4857
 endloop
endfacet
facet normal 0.34549928 -0.897766 0.27321506
 outer loop
  vertex 39.702103 15.642654 80.13556
  vertex 34.637627 12.474823 76.13066
  vertex 37.51999 12.474819 72.4857
 endloop
endfacet
facet normal 0.7637061 -0.59389436 0.25306624
 outer loop
  vertex 34.637627 12.474823 76.13066
  vertex 32.51812 11.457271 80.13895
  vertex 31.152792 6.819297 73.37488
 endloop
endfacet
facet normal 0.7637052 -0.5938952 0.253067
 outer loop
  vertex 32.51812 11.457271 80.13895
  vertex 29.315588 6.259918 77.606445
  vertex 31.152792 6.819297 73.37488
 endloop
endfacet
facet normal 0.9068269 -0.20889243 0.3660998
 outer loop
  vertex 31.152792 6.819297 73.37488
  vertex 29.315588 6.259918 77.606445
  vertex 29.937792 -0.13899866 72.4141
 endloop
endfacet
facet normal 0.90692925 -0.20874488 0.36593026
 outer loop
  vertex 29.315588 6.259918 77.606445
  vertex 28.199032 -0.13899861 76.72348
  vertex 29.937792 -0.13899866 72.4141
 endloop
endfacet
facet normal 0.17622313 -0.9613587 -0.21150619
 outer loop
  vertex 39.702103 15.642654 80.13556
  vertex 40.947937 15.654276 81.12074
  vertex 40.947937 15.067274 83.78884
 endloop
endfacet
facet normal 1 0 0
 outer loop
  vertex 40.947937 15.067274 83.78884
  vertex 40.947937 14.75256 85.2193
  vertex 40.947937 14.403666 86.80511
 endloop
endfacet
facet normal 0.1762317 -0.96135664 -0.21150845
 outer loop
  vertex 40.947937 14.403666 86.80511
  vertex 37.172306 14.368421 83.8194
  vertex 39.702103 15.642654 80.13556
 endloop
endfacet
facet normal 0.1762296 -0.96135706 -0.21150815
 outer loop
  vertex 40.947937 14.403666 86.80511
  vertex 39.702103 15.642654 80.13556
  vertex 40.947937 15.067274 83.78884
 endloop
endfacet
facet normal 0.502867 -0.86309654 0.046789348
 outer loop
  vertex 39.702103 15.642654 80.13556
  vertex 37.172306 14.368421 83.8194
  vertex 34.637627 12.474823 76.13066
 endloop
endfacet
facet normal 0.5028584 -0.86310124 0.046793334
 outer loop
  vertex 37.172306 14.368421 83.8194
  vertex 32.51812 11.457271 80.13895
  vertex 34.637627 12.474823 76.13066
 endloop
endfacet
facet normal 0.8520298 -0.5234839 -0.003128231
 outer loop
  vertex 32.51812 11.457271 80.13895
  vertex 31.333248 9.504574 84.18575
  vertex 29.315588 6.259918 77.606445
 endloop
endfacet
facet normal 0.8520278 -0.52348727 -0.0031259425
 outer loop
  vertex 31.333248 9.504574 84.18575
  vertex 28.67248 5.186472 82.08168
  vertex 29.315588 6.259918 77.606445
 endloop
endfacet
facet normal 0.9781856 -0.18399191 0.09643603
 outer loop
  vertex 29.315588 6.259918 77.606445
  vertex 28.67248 5.186472 82.08168
  vertex 28.199032 -0.13899861 76.72348
 endloop
endfacet
facet normal 0.97828513 -0.18364672 0.09608419
 outer loop
  vertex 28.67248 5.186472 82.08168
  vertex 27.744816 -0.13899863 81.3481
  vertex 28.199032 -0.13899861 76.72348
 endloop
endfacet
facet normal 0.04533092 -0.7661579 -0.64105165
 outer loop
  vertex 39.50713 11.963449 90.64953
  vertex 40.947937 13.204081 89.26866
  vertex 40.947937 11.095371 91.7889
 endloop
endfacet
facet normal 0.33420068 -0.847382 -0.41261792
 outer loop
  vertex 40.947937 14.403666 86.80511
  vertex 40.947937 13.204081 89.26866
  vertex 39.50713 11.963449 90.64953
 endloop
endfacet
facet normal 0.33420172 -0.84738183 -0.4126175
 outer loop
  vertex 40.947937 14.403666 86.80511
  vertex 39.50713 11.963449 90.64953
  vertex 37.172306 14.368421 83.8194
 endloop
endfacet
facet normal 0.33419693 -0.8473841 -0.41261664
 outer loop
  vertex 39.50713 11.963449 90.64953
  vertex 35.200073 11.92326 87.24358
  vertex 37.172306 14.368421 83.8194
 endloop
endfacet
facet normal 0.62210715 -0.7607752 -0.1849425
 outer loop
  vertex 37.172306 14.368421 83.8194
  vertex 35.200073 11.92326 87.24358
  vertex 32.51812 11.457271 80.13895
 endloop
endfacet
facet normal 0.6221113 -0.76077145 -0.18494433
 outer loop
  vertex 35.200073 11.92326 87.24358
  vertex 31.333248 9.504574 84.18575
  vertex 32.51812 11.457271 80.13895
 endloop
endfacet
facet normal 0.87338895 -0.41038975 -0.2622443
 outer loop
  vertex 31.333248 9.504574 84.18575
  vertex 31.178923 6.775 87.94333
  vertex 28.67248 5.186472 82.08168
 endloop
endfacet
facet normal 0.87339157 -0.41038194 -0.26224753
 outer loop
  vertex 31.178923 6.775 87.94333
  vertex 29.275497 3.6859126 86.43815
  vertex 28.67248 5.186472 82.08168
 endloop
endfacet
facet normal 0.97228724 -0.14399548 -0.18418135
 outer loop
  vertex 28.67248 5.186472 82.08168
  vertex 29.275497 3.6859126 86.43815
  vertex 27.744816 -0.13899863 81.3481
 endloop
endfacet
facet normal 0.97229046 -0.1433572 -0.18466195
 outer loop
  vertex 29.275497 3.6859126 86.43815
  vertex 28.611872 -0.13899869 85.91336
  vertex 27.744816 -0.13899863 81.3481
 endloop
endfacet
facet normal 0.058620274 -0.41799125 -0.90655774
 outer loop
  vertex 39.812088 6.855535 94.77029
  vertex 40.707066 7.544159 94.51065
  vertex 40.54079 5.7079215 95.34654
 endloop
endfacet
facet normal 0.24098296 -0.6006283 -0.76234686
 outer loop
  vertex 40.707066 7.544159 94.51065
  vertex 39.812088 6.855535 94.77029
  vertex 39.50713 11.963449 90.64953
 endloop
endfacet
facet normal 0.24098144 -0.6006278 -0.7623478
 outer loop
  vertex 39.50713 11.963449 90.64953
  vertex 40.947937 11.095371 91.7889
  vertex 40.947937 9.177811 93.29968
 endloop
endfacet
facet normal 0.24099775 -0.60062355 -0.7623461
 outer loop
  vertex 40.75347 7.8589153 94.277336
  vertex 40.707066 7.544159 94.51065
  vertex 39.50713 11.963449 90.64953
 endloop
endfacet
facet normal 0.24097043 -0.6006329 -0.7623472
 outer loop
  vertex 39.50713 11.963449 90.64953
  vertex 40.947937 9.177811 93.29968
  vertex 40.75347 7.8589153 94.277336
 endloop
endfacet
facet normal 0.24097048 -0.6006307 -0.76234895
 outer loop
  vertex 39.812088 6.855535 94.77029
  vertex 37.02627 8.534004 92.56731
  vertex 39.50713 11.963449 90.64953
 endloop
endfacet
facet normal 0.4674345 -0.6643092 -0.5832651
 outer loop
  vertex 39.50713 11.963449 90.64953
  vertex 37.02627 8.534004 92.56731
  vertex 35.200073 11.92326 87.24358
 endloop
endfacet
facet normal 0.46743238 -0.6643107 -0.58326524
 outer loop
  vertex 37.02627 8.534004 92.56731
  vertex 33.94512 8.505248 90.130806
  vertex 35.200073 11.92326 87.24358
 endloop
endfacet
facet normal 0.6931447 -0.5964115 -0.40477616
 outer loop
  vertex 35.200073 11.92326 87.24358
  vertex 33.94512 8.505248 90.130806
  vertex 31.333248 9.504574 84.18575
 endloop
endfacet
facet normal 0.69314516 -0.59641093 -0.40477628
 outer loop
  vertex 33.94512 8.505248 90.130806
  vertex 31.178923 6.775 87.94333
  vertex 31.333248 9.504574 84.18575
 endloop
endfacet
facet normal 0.8233579 -0.2620487 -0.5034006
 outer loop
  vertex 31.178923 6.775 87.94333
  vertex 32.06766 3.4895463 91.10721
  vertex 29.275497 3.6859126 86.43815
 endloop
endfacet
facet normal 0.82335967 -0.26204172 -0.50340146
 outer loop
  vertex 32.06766 3.4895463 91.10721
  vertex 31.075802 1.8798201 90.32286
  vertex 29.275497 3.6859126 86.43815
 endloop
endfacet
facet normal 0.8865612 -0.091604516 -0.4534509
 outer loop
  vertex 29.275497 3.6859126 86.43815
  vertex 31.075802 1.8798201 90.32286
  vertex 28.611872 -0.13899869 85.91336
 endloop
endfacet
facet normal 0.88643366 -0.09035917 -0.45394987
 outer loop
  vertex 31.075802 1.8798201 90.32286
  vertex 30.729967 -0.13899879 90.04939
  vertex 28.611872 -0.13899869 85.91336
 endloop
endfacet
facet normal 0.23731169 -0.09350947 -0.9669226
 outer loop
  vertex 40.133873 -0.13899913 96.292435
  vertex 37.94549 -0.13899906 95.75534
  vertex 37.576744 1.9405427 95.46373
 endloop
endfacet
facet normal 0.23731983 -0.09349909 -0.9669215
 outer loop
  vertex 40.133873 -0.13899913 96.292435
  vertex 37.576744 1.9405427 95.46373
  vertex 40.187572 0.828349 96.212074
 endloop
endfacet
facet normal 0.23678319 -0.09476436 -0.9669299
 outer loop
  vertex 37.576744 1.9405427 95.46373
  vertex 40.319004 3.1637156 96.01538
  vertex 40.187572 0.828349 96.212074
 endloop
endfacet
facet normal 0.30308685 -0.26691377 -0.91481984
 outer loop
  vertex 40.319004 3.1637156 96.01538
  vertex 37.576744 1.9405427 95.46373
  vertex 39.812088 6.855535 94.77029
 endloop
endfacet
facet normal 0.30308113 -0.2669149 -0.91482145
 outer loop
  vertex 39.812088 6.855535 94.77029
  vertex 40.54079 5.7079215 95.34654
  vertex 40.44537 3.9554067 95.826256
 endloop
endfacet
facet normal 0.30307946 -0.26691544 -0.9148218
 outer loop
  vertex 39.812088 6.855535 94.77029
  vertex 40.44537 3.9554067 95.826256
  vertex 40.319004 3.1637156 96.01538
 endloop
endfacet
facet normal 0.30308688 -0.26691377 -0.91481984
 outer loop
  vertex 37.576744 1.9405427 95.46373
  vertex 36.566486 3.531535 94.664825
  vertex 39.812088 6.855535 94.77029
 endloop
endfacet
facet normal 0.41952935 -0.38353133 -0.8227387
 outer loop
  vertex 39.812088 6.855535 94.77029
  vertex 36.566486 3.531535 94.664825
  vertex 37.02627 8.534004 92.56731
 endloop
endfacet
facet normal 0.41953945 -0.38353026 -0.82273406
 outer loop
  vertex 36.566486 3.531535 94.664825
  vertex 35.114765 4.40618 93.516815
  vertex 37.02627 8.534004 92.56731
 endloop
endfacet
facet normal 0.5641363 -0.4241876 -0.70838916
 outer loop
  vertex 37.02627 8.534004 92.56731
  vertex 35.114765 4.40618 93.516815
  vertex 33.94512 8.505248 90.130806
 endloop
endfacet
facet normal 0.56414354 -0.42418298 -0.70838606
 outer loop
  vertex 35.114765 4.40618 93.516815
  vertex 33.509182 4.391203 92.24713
  vertex 33.94512 8.505248 90.130806
 endloop
endfacet
facet normal 0.70826435 -0.38082743 -0.5944174
 outer loop
  vertex 33.94512 8.505248 90.130806
  vertex 33.509182 4.391203 92.24713
  vertex 31.178923 6.775 87.94333
 endloop
endfacet
facet normal 0.70826036 -0.38083315 -0.5944184
 outer loop
  vertex 33.509182 4.391203 92.24713
  vertex 32.06766 3.4895463 91.10721
  vertex 31.178923 6.775 87.94333
 endloop
endfacet
facet normal 0.70308506 -0.0894816 -0.7054534
 outer loop
  vertex 32.06766 3.4895463 91.10721
  vertex 33.92751 -0.13899891 93.42107
  vertex 31.075802 1.8798201 90.32286
 endloop
endfacet
facet normal 0.725245 -0.031070901 -0.68778944
 outer loop
  vertex 31.075802 1.8798201 90.32286
  vertex 33.92751 -0.13899891 93.42107
  vertex 30.729967 -0.13899879 90.04939
 endloop
endfacet
facet normal 0.5020772 -0.032159742 -0.8642247
 outer loop
  vertex 37.94549 -0.13899906 95.75534
  vertex 33.92751 -0.13899891 93.42107
  vertex 37.576744 1.9405427 95.46373
 endloop
endfacet
facet normal 0.5254436 -0.09112993 -0.8459341
 outer loop
  vertex 37.576744 1.9405427 95.46373
  vertex 33.92751 -0.13899891 93.42107
  vertex 36.566486 3.531535 94.664825
 endloop
endfacet
facet normal 0.565397 -0.13053186 -0.8144247
 outer loop
  vertex 36.566486 3.531535 94.664825
  vertex 33.92751 -0.13899891 93.42107
  vertex 35.114765 4.40618 93.516815
 endloop
endfacet
facet normal 0.6146251 -0.1442103 -0.7755252
 outer loop
  vertex 35.114765 4.40618 93.516815
  vertex 33.92751 -0.13899891 93.42107
  vertex 33.509182 4.391203 92.24713
 endloop
endfacet
facet normal 0.6636598 -0.12962586 -0.7367175
 outer loop
  vertex 33.509182 4.391203 92.24713
  vertex 33.92751 -0.13899891 93.42107
  vertex 32.06766 3.4895463 91.10721
 endloop
endfacet
facet normal 0.6577504 -0.6163123 0.43303984
 outer loop
  vertex 40.046257 5.579016 66.359665
  vertex 40.947937 5.64753 65.0876
  vertex 40.947937 7.0423164 67.07269
 endloop
endfacet
facet normal 0.8019161 -0.2165381 0.55681396
 outer loop
  vertex 39.04953 -0.13899894 65.57147
  vertex 40.47468 -0.10531749 63.532085
  vertex 40.046257 5.579016 66.359665
 endloop
endfacet
facet normal 0.80194354 -0.2165199 0.55678153
 outer loop
  vertex 40.947937 5.64753 65.0876
  vertex 40.046257 5.579016 66.359665
  vertex 40.47468 -0.10531749 63.532085
 endloop
endfacet
facet normal 0.8019472 -0.21651891 0.5567767
 outer loop
  vertex 40.947937 5.64753 65.0876
  vertex 40.47468 -0.10531749 63.532085
  vertex 40.947937 2.6098921 63.906326
 endloop
endfacet
facet normal 0.59423906 -0.21056423 0.77623624
 outer loop
  vertex 40.47468 -0.10531749 63.532085
  vertex 40.947937 0.8515597 63.429356
  vertex 40.947937 2.6098921 63.906326
 endloop
endfacet
facet normal 0.60354656 -0.21610735 0.7674824
 outer loop
  vertex 40.47468 -0.10531749 63.532085
  vertex 40.947937 -0.098051816 63.161964
  vertex 40.947937 0.8515597 63.429356
 endloop
endfacet
facet normal 0.19726631 0.5249852 0.8279351
 outer loop
  vertex 40.046257 -5.8570137 66.359665
  vertex 40.36776 -11.839494 70.07649
  vertex 40.947937 -11.532433 69.74355
 endloop
endfacet
facet normal 0.19726448 0.5249852 0.8279355
 outer loop
  vertex 40.046257 -5.8570137 66.359665
  vertex 40.947937 -11.532433 69.74355
  vertex 40.947937 -7.3203135 67.07269
 endloop
endfacet
facet normal 0.19727646 0.52498454 0.8279331
 outer loop
  vertex 40.046257 -5.8570137 66.359665
  vertex 37.136303 -6.595207 67.52112
  vertex 40.36776 -11.839494 70.07649
 endloop
endfacet
facet normal 0.32359332 0.18453062 0.9280279
 outer loop
  vertex 37.136303 -6.595207 67.52112
  vertex 40.046257 -5.8570137 66.359665
  vertex 36.00968 -0.13899882 66.630196
 endloop
endfacet
facet normal 0.3232706 0.18429525 0.9281872
 outer loop
  vertex 40.046257 -5.8570137 66.359665
  vertex 39.04953 -0.13899894 65.57147
  vertex 36.00968 -0.13899882 66.630196
 endloop
endfacet
facet normal -0.033309963 0.7629478 0.6456014
 outer loop
  vertex 40.36776 -11.839494 70.07649
  vertex 40.947937 -12.202392 70.535286
  vertex 40.947937 -11.532433 69.74355
 endloop
endfacet
facet normal 0.40313298 0.58948827 0.6999909
 outer loop
  vertex 37.136303 -6.595207 67.52112
  vertex 34.035145 -7.097291 69.729935
  vertex 40.36776 -11.839494 70.07649
 endloop
endfacet
facet normal 0.40313312 0.58948845 0.69999075
 outer loop
  vertex 34.035145 -7.097291 69.729935
  vertex 37.51999 -12.752818 72.4857
  vertex 40.36776 -11.839494 70.07649
 endloop
endfacet
facet normal 0.54488486 0.20720503 0.8125064
 outer loop
  vertex 36.00968 -0.13899882 66.630196
  vertex 32.820152 -0.13899873 68.769165
  vertex 37.136303 -6.595207 67.52112
 endloop
endfacet
facet normal 0.5450435 0.20733827 0.81236595
 outer loop
  vertex 32.820152 -0.13899873 68.769165
  vertex 34.035145 -7.097291 69.729935
  vertex 37.136303 -6.595207 67.52112
 endloop
endfacet
facet normal 0.14422458 0.85669565 0.49524927
 outer loop
  vertex 40.947937 -12.202392 70.535286
  vertex 40.36776 -11.839494 70.07649
  vertex 37.51999 -12.752818 72.4857
 endloop
endfacet
facet normal 0.14422362 0.85669625 0.4952485
 outer loop
  vertex 37.51999 -12.752818 72.4857
  vertex 40.947937 -13.672572 73.07845
  vertex 40.947937 -12.445699 70.95617
 endloop
endfacet
facet normal 0.14422236 0.8566979 0.495246
 outer loop
  vertex 37.51999 -12.752818 72.4857
  vertex 40.947937 -12.445699 70.95617
  vertex 40.947937 -12.202392 70.535286
 endloop
endfacet
facet normal 0.14422092 0.8566917 0.495257
 outer loop
  vertex 37.51999 -12.752818 72.4857
  vertex 40.947937 -14.897003 75.196465
  vertex 40.947937 -13.672572 73.07845
 endloop
endfacet
facet normal 0.6168194 0.6177496 0.48776972
 outer loop
  vertex 34.035145 -7.097291 69.729935
  vertex 31.152792 -7.0972943 73.37488
  vertex 37.51999 -12.752818 72.4857
 endloop
endfacet
facet normal 0.6168193 0.6177495 0.48776984
 outer loop
  vertex 31.152792 -7.0972943 73.37488
  vertex 34.637623 -12.752821 76.13066
  vertex 37.51999 -12.752818 72.4857
 endloop
endfacet
facet normal 0.76564145 0.21728809 0.6054578
 outer loop
  vertex 32.820152 -0.13899873 68.769165
  vertex 29.937792 -0.13899866 72.4141
  vertex 34.035145 -7.097291 69.729935
 endloop
endfacet
facet normal 0.7656424 0.2172894 0.6054559
 outer loop
  vertex 29.937792 -0.13899866 72.4141
  vertex 31.152792 -7.0972943 73.37488
  vertex 34.035145 -7.097291 69.729935
 endloop
endfacet
facet normal 0.0057383776 0.99997324 0.0045378027
 outer loop
  vertex 39.702103 -15.920653 80.13556
  vertex 40.947937 -15.928344 80.254814
  vertex 40.947937 -15.920653 78.56011
 endloop
endfacet
facet normal 0.0057383142 0.99997324 0.004538465
 outer loop
  vertex 39.702103 -15.920653 80.13556
  vertex 40.947937 -15.932274 81.12074
  vertex 40.947937 -15.928344 80.254814
 endloop
endfacet
facet normal 0.34549943 0.8977662 0.2732142
 outer loop
  vertex 34.637623 -12.752821 76.13066
  vertex 40.947937 -15.268287 76.41648
  vertex 40.947937 -14.897003 75.196465
 endloop
endfacet
facet normal 0.3454995 0.8977658 0.27321532
 outer loop
  vertex 34.637623 -12.752821 76.13066
  vertex 40.947937 -14.897003 75.196465
  vertex 37.51999 -12.752818 72.4857
 endloop
endfacet
facet normal 0.3455001 0.8977656 0.2732151
 outer loop
  vertex 39.702103 -15.920653 80.13556
  vertex 40.947937 -15.920653 78.56011
  vertex 40.947937 -15.268287 76.41648
 endloop
endfacet
facet normal 0.3454993 0.89776605 0.2732149
 outer loop
  vertex 39.702103 -15.920653 80.13556
  vertex 40.947937 -15.268287 76.41648
  vertex 34.637623 -12.752821 76.13066
 endloop
endfacet
facet normal 0.76370585 0.59389424 0.25306734
 outer loop
  vertex 31.152792 -7.0972943 73.37488
  vertex 29.315588 -6.537915 77.606445
  vertex 34.637623 -12.752821 76.13066
 endloop
endfacet
facet normal 0.76370597 0.5938946 0.25306612
 outer loop
  vertex 29.315588 -6.537915 77.606445
  vertex 32.518116 -11.735269 80.13895
  vertex 34.637623 -12.752821 76.13066
 endloop
endfacet
facet normal 0.9069024 0.20888068 0.3659194
 outer loop
  vertex 29.937792 -0.13899866 72.4141
  vertex 28.199032 -0.13899861 76.72348
  vertex 31.152792 -7.0972943 73.37488
 endloop
endfacet
facet normal 0.9068471 0.20875761 0.3661264
 outer loop
  vertex 28.199032 -0.13899861 76.72348
  vertex 29.315588 -6.537915 77.606445
  vertex 31.152792 -7.0972943 73.37488
 endloop
endfacet
facet normal 0.17622657 0.96135676 -0.2115122
 outer loop
  vertex 37.172306 -14.64642 83.8194
  vertex 40.947937 -15.259538 84.17844
  vertex 40.947937 -15.932274 81.12074
 endloop
endfacet
facet normal 0.17622685 0.96135676 -0.2115118
 outer loop
  vertex 37.172306 -14.64642 83.8194
  vertex 40.947937 -15.932274 81.12074
  vertex 39.702103 -15.920653 80.13556
 endloop
endfacet
facet normal 0.17622592 0.9613594 -0.21150087
 outer loop
  vertex 37.172306 -14.64642 83.8194
  vertex 40.947937 -14.6816635 86.805115
  vertex 40.947937 -15.259538 84.17844
 endloop
endfacet
facet normal 0.50286263 0.8630987 0.04679624
 outer loop
  vertex 34.637623 -12.752821 76.13066
  vertex 32.518116 -11.735269 80.13895
  vertex 39.702103 -15.920653 80.13556
 endloop
endfacet
facet normal 0.5028629 0.86309904 0.04678566
 outer loop
  vertex 32.518116 -11.735269 80.13895
  vertex 37.172306 -14.64642 83.8194
  vertex 39.702103 -15.920653 80.13556
 endloop
endfacet
facet normal 0.8520302 0.5234832 -0.0031287014
 outer loop
  vertex 32.518116 -11.735269 80.13895
  vertex 29.315588 -6.537915 77.606445
  vertex 31.333248 -9.782571 84.18575
 endloop
endfacet
facet normal 0.8520278 0.52348727 -0.0031259425
 outer loop
  vertex 29.315588 -6.537915 77.606445
  vertex 28.67248 -5.464469 82.08168
  vertex 31.333248 -9.782571 84.18575
 endloop
endfacet
facet normal 0.9781856 0.18399191 0.09643605
 outer loop
  vertex 29.315588 -6.537915 77.606445
  vertex 28.199032 -0.13899861 76.72348
  vertex 28.67248 -5.464469 82.08168
 endloop
endfacet
facet normal 0.97828513 0.18364672 0.09608419
 outer loop
  vertex 28.199032 -0.13899861 76.72348
  vertex 27.744816 -0.13899863 81.3481
  vertex 28.67248 -5.464469 82.08168
 endloop
endfacet
facet normal 0.04533059 0.76615745 -0.64105207
 outer loop
  vertex 39.50713 -12.241447 90.64953
  vertex 40.947937 -11.373368 91.7889
  vertex 40.947937 -13.48208 89.26866
 endloop
endfacet
facet normal 0.33420056 0.8473818 -0.41261846
 outer loop
  vertex 39.50713 -12.241447 90.64953
  vertex 40.947937 -13.48208 89.26866
  vertex 40.947937 -14.6816635 86.805115
 endloop
endfacet
facet normal 0.33420238 0.84738153 -0.41261762
 outer loop
  vertex 39.50713 -12.241447 90.64953
  vertex 40.947937 -14.6816635 86.805115
  vertex 37.172306 -14.64642 83.8194
 endloop
endfacet
facet normal 0.33419675 0.8473842 -0.4126166
 outer loop
  vertex 37.172306 -14.64642 83.8194
  vertex 35.20007 -12.201258 87.24358
  vertex 39.50713 -12.241447 90.64953
 endloop
endfacet
facet normal 0.62210685 0.7607755 -0.18494241
 outer loop
  vertex 37.172306 -14.64642 83.8194
  vertex 32.518116 -11.735269 80.13895
  vertex 35.20007 -12.201258 87.24358
 endloop
endfacet
facet normal 0.6221119 0.7607708 -0.1849446
 outer loop
  vertex 32.518116 -11.735269 80.13895
  vertex 31.333248 -9.782571 84.18575
  vertex 35.20007 -12.201258 87.24358
 endloop
endfacet
facet normal 0.8733889 0.41038975 -0.26224425
 outer loop
  vertex 31.333248 -9.782571 84.18575
  vertex 28.67248 -5.464469 82.08168
  vertex 31.178923 -7.0529976 87.94333
 endloop
endfacet
facet normal 0.8733915 0.41038197 -0.2622475
 outer loop
  vertex 28.67248 -5.464469 82.08168
  vertex 29.275497 -3.9639103 86.43815
  vertex 31.178923 -7.0529976 87.94333
 endloop
endfacet
facet normal 0.9722873 0.14399548 -0.18418138
 outer loop
  vertex 28.67248 -5.464469 82.08168
  vertex 27.744816 -0.13899863 81.3481
  vertex 29.275497 -3.9639103 86.43815
 endloop
endfacet
facet normal 0.97229046 0.14335719 -0.18466195
 outer loop
  vertex 27.744816 -0.13899863 81.3481
  vertex 28.611872 -0.13899869 85.91336
  vertex 29.275497 -3.9639103 86.43815
 endloop
endfacet
facet normal 0.058620524 0.41799963 -0.9065539
 outer loop
  vertex 40.624672 -6.912274 94.92485
  vertex 40.707066 -7.8221583 94.51064
  vertex 39.812088 -7.1335335 94.77029
 endloop
endfacet
facet normal 0.058624234 0.4179891 -0.9065585
 outer loop
  vertex 40.624672 -6.912274 94.92485
  vertex 39.812088 -7.1335335 94.77029
  vertex 40.54079 -5.98592 95.34654
 endloop
endfacet
facet normal 0.24098004 0.60062855 -0.76234764
 outer loop
  vertex 40.947937 -9.455811 93.29968
  vertex 40.947937 -11.373368 91.7889
  vertex 39.50713 -12.241447 90.64953
 endloop
endfacet
facet normal 0.24097764 0.6006293 -0.7623479
 outer loop
  vertex 39.50713 -12.241447 90.64953
  vertex 39.812088 -7.1335335 94.77029
  vertex 40.707066 -7.8221583 94.51064
 endloop
endfacet
facet normal 0.24098016 0.6006285 -0.7623477
 outer loop
  vertex 39.50713 -12.241447 90.64953
  vertex 40.707066 -7.8221583 94.51064
  vertex 40.947937 -9.455811 93.29968
 endloop
endfacet
facet normal 0.24097042 0.6006307 -0.762349
 outer loop
  vertex 39.50713 -12.241447 90.64953
  vertex 37.02627 -8.812003 92.56731
  vertex 39.812088 -7.1335335 94.77029
 endloop
endfacet
facet normal 0.46743432 0.6643092 -0.5832653
 outer loop
  vertex 39.50713 -12.241447 90.64953
  vertex 35.20007 -12.201258 87.24358
  vertex 37.02627 -8.812003 92.56731
 endloop
endfacet
facet normal 0.46743268 0.66431034 -0.5832654
 outer loop
  vertex 35.20007 -12.201258 87.24358
  vertex 33.94512 -8.783246 90.130806
  vertex 37.02627 -8.812003 92.56731
 endloop
endfacet
facet normal 0.69314516 0.596411 -0.40477616
 outer loop
  vertex 35.20007 -12.201258 87.24358
  vertex 31.333248 -9.782571 84.18575
  vertex 33.94512 -8.783246 90.130806
 endloop
endfacet
facet normal 0.6931453 0.59641093 -0.4047762
 outer loop
  vertex 31.333248 -9.782571 84.18575
  vertex 31.178923 -7.0529976 87.94333
  vertex 33.94512 -8.783246 90.130806
 endloop
endfacet
facet normal 0.8233579 0.26204872 -0.5034006
 outer loop
  vertex 31.178923 -7.0529976 87.94333
  vertex 29.275497 -3.9639103 86.43815
  vertex 32.06766 -3.7675438 91.10721
 endloop
endfacet
facet normal 0.8233597 0.26204175 -0.50340146
 outer loop
  vertex 29.275497 -3.9639103 86.43815
  vertex 31.075802 -2.1578178 90.32286
  vertex 32.06766 -3.7675438 91.10721
 endloop
endfacet
facet normal 0.8865612 0.09160454 -0.4534509
 outer loop
  vertex 29.275497 -3.9639103 86.43815
  vertex 28.611872 -0.13899869 85.91336
  vertex 31.075802 -2.1578178 90.32286
 endloop
endfacet
facet normal 0.8864338 0.09035917 -0.45394993
 outer loop
  vertex 28.611872 -0.13899869 85.91336
  vertex 30.729967 -0.13899879 90.04939
  vertex 31.075802 -2.1578178 90.32286
 endloop
endfacet
facet normal 0.23731191 0.093498796 -0.9669235
 outer loop
  vertex 37.94549 -0.13899906 95.75534
  vertex 40.133873 -0.13899913 96.292435
  vertex 40.187572 -1.1063473 96.212074
 endloop
endfacet
facet normal 0.23731574 0.09350862 -0.9669216
 outer loop
  vertex 37.94549 -0.13899906 95.75534
  vertex 40.187572 -1.1063473 96.212074
  vertex 37.576744 -2.2185407 95.46373
 endloop
endfacet
facet normal 0.2367832 0.094764374 -0.9669299
 outer loop
  vertex 40.187572 -1.1063473 96.212074
  vertex 40.319004 -3.4417138 96.01538
  vertex 37.576744 -2.2185407 95.46373
 endloop
endfacet
facet normal 0.3030812 0.26691484 -0.91482145
 outer loop
  vertex 40.44537 -4.2334046 95.826256
  vertex 40.54079 -5.98592 95.34654
  vertex 39.812088 -7.1335335 94.77029
 endloop
endfacet
facet normal 0.30308688 0.26691374 -0.9148199
 outer loop
  vertex 39.812088 -7.1335335 94.77029
  vertex 37.576744 -2.2185407 95.46373
  vertex 40.319004 -3.4417138 96.01538
 endloop
endfacet
facet normal 0.3030792 0.26691547 -0.9148219
 outer loop
  vertex 39.812088 -7.1335335 94.77029
  vertex 40.319004 -3.4417138 96.01538
  vertex 40.44537 -4.2334046 95.826256
 endloop
endfacet
facet normal 0.30308682 0.26691374 -0.91481984
 outer loop
  vertex 39.812088 -7.1335335 94.77029
  vertex 36.566486 -3.8095334 94.664825
  vertex 37.576744 -2.2185407 95.46373
 endloop
endfacet
facet normal 0.41952932 0.38353124 -0.82273877
 outer loop
  vertex 39.812088 -7.1335335 94.77029
  vertex 37.02627 -8.812003 92.56731
  vertex 36.566486 -3.8095334 94.664825
 endloop
endfacet
facet normal 0.41953954 0.38353023 -0.82273394
 outer loop
  vertex 37.02627 -8.812003 92.56731
  vertex 35.114765 -4.684178 93.516815
  vertex 36.566486 -3.8095334 94.664825
 endloop
endfacet
facet normal 0.5641364 0.42418754 -0.70838904
 outer loop
  vertex 37.02627 -8.812003 92.56731
  vertex 33.94512 -8.783246 90.130806
  vertex 35.114765 -4.684178 93.516815
 endloop
endfacet
facet normal 0.56414354 0.42418298 -0.70838606
 outer loop
  vertex 33.94512 -8.783246 90.130806
  vertex 33.509182 -4.669201 92.24713
  vertex 35.114765 -4.684178 93.516815
 endloop
endfacet
facet normal 0.7082644 0.38082743 -0.5944174
 outer loop
  vertex 33.94512 -8.783246 90.130806
  vertex 31.178923 -7.0529976 87.94333
  vertex 33.509182 -4.669201 92.24713
 endloop
endfacet
facet normal 0.70826054 0.38083315 -0.5944184
 outer loop
  vertex 31.178923 -7.0529976 87.94333
  vertex 32.06766 -3.7675438 91.10721
  vertex 33.509182 -4.669201 92.24713
 endloop
endfacet
facet normal 0.703085 0.08948159 -0.70545346
 outer loop
  vertex 32.06766 -3.7675438 91.10721
  vertex 31.075802 -2.1578178 90.32286
  vertex 33.92751 -0.13899891 93.42107
 endloop
endfacet
facet normal 0.725245 0.031070888 -0.6877895
 outer loop
  vertex 31.075802 -2.1578178 90.32286
  vertex 30.729967 -0.13899879 90.04939
  vertex 33.92751 -0.13899891 93.42107
 endloop
endfacet
facet normal 0.5020772 0.032159653 -0.8642246
 outer loop
  vertex 37.94549 -0.13899906 95.75534
  vertex 37.576744 -2.2185407 95.46373
  vertex 33.92751 -0.13899891 93.42107
 endloop
endfacet
facet normal 0.52544355 0.091129884 -0.845934
 outer loop
  vertex 37.576744 -2.2185407 95.46373
  vertex 36.566486 -3.8095334 94.664825
  vertex 33.92751 -0.13899891 93.42107
 endloop
endfacet
facet normal 0.56539714 0.13053188 -0.8144247
 outer loop
  vertex 36.566486 -3.8095334 94.664825
  vertex 35.114765 -4.684178 93.516815
  vertex 33.92751 -0.13899891 93.42107
 endloop
endfacet
facet normal 0.61462504 0.14421028 -0.7755252
 outer loop
  vertex 35.114765 -4.684178 93.516815
  vertex 33.509182 -4.669201 92.24713
  vertex 33.92751 -0.13899891 93.42107
 endloop
endfacet
facet normal 0.6636599 0.12962587 -0.7367176
 outer loop
  vertex 33.509182 -4.669201 92.24713
  vertex 32.06766 -3.7675438 91.10721
  vertex 33.92751 -0.13899891 93.42107
 endloop
endfacet
facet normal 0.6480323 0.61693007 0.4465999
 outer loop
  vertex 40.947937 -5.8832955 65.0876
  vertex 40.046257 -5.8570137 66.359665
  vertex 40.947937 -6.843519 66.41405
 endloop
endfacet
facet normal 0.6480335 0.6169309 0.44659692
 outer loop
  vertex 40.947937 -7.3203135 67.07269
  vertex 40.947937 -6.843519 66.41405
  vertex 40.046257 -5.8570137 66.359665
 endloop
endfacet
facet normal 0.7985477 0.21659352 0.5616126
 outer loop
  vertex 39.04953 -0.13899894 65.57147
  vertex 40.947937 -4.6296973 64.60406
  vertex 40.947937 -2.820527 63.906326
 endloop
endfacet
facet normal 0.79854745 0.21659298 0.56161314
 outer loop
  vertex 39.04953 -0.13899894 65.57147
  vertex 40.947937 -2.820527 63.906326
  vertex 40.47468 -0.10531749 63.532085
 endloop
endfacet
facet normal 0.79856837 0.21661338 0.56157553
 outer loop
  vertex 40.046257 -5.8570137 66.359665
  vertex 40.947937 -5.8832955 65.0876
  vertex 40.947937 -4.6296973 64.60406
 endloop
endfacet
facet normal 0.79856974 0.21661106 0.56157464
 outer loop
  vertex 40.046257 -5.8570137 66.359665
  vertex 40.947937 -4.6296973 64.60406
  vertex 39.04953 -0.13899894 65.57147
 endloop
endfacet
facet normal 0.59946823 0.21584013 0.770747
 outer loop
  vertex 40.47468 -0.10531749 63.532085
  vertex 40.947937 -1.0528834 63.429356
  vertex 40.947937 -0.098051816 63.161964
 endloop
endfacet
facet normal 0.59023756 0.2102967 0.77935535
 outer loop
  vertex 40.47468 -0.10531749 63.532085
  vertex 40.947937 -2.820527 63.906326
  vertex 40.947937 -1.0528834 63.429356
 endloop
endfacet
facet normal -0.5777336 0.62565327 0.52419645
 outer loop
  vertex -40.947945 -5.924036 68.35667
  vertex -38.514812 -5.33566 70.336044
  vertex -40.947937 -5.230769 67.52923
 endloop
endfacet
facet normal -0.5777335 0.6256535 0.5241962
 outer loop
  vertex -40.947945 -9.198867 72.265335
  vertex -38.514812 -5.33566 70.336044
  vertex -40.947945 -5.924036 68.35667
 endloop
endfacet
facet normal -0.7363461 0.2132751 0.64211226
 outer loop
  vertex -38.514812 -5.33566 70.336044
  vertex -37.594 -0.14864817 69.66914
  vertex -40.947937 -0.14864823 65.823
 endloop
endfacet
facet normal -0.7363462 0.21327502 0.64211226
 outer loop
  vertex -38.514812 -5.33566 70.336044
  vertex -40.947937 -0.14864823 65.823
  vertex -40.947937 -4.1035314 67.1366
 endloop
endfacet
facet normal -0.7322539 0.22401227 0.643135
 outer loop
  vertex -38.514812 -5.33566 70.336044
  vertex -40.947937 -4.1035314 67.1366
  vertex -40.947937 -5.230769 67.52923
 endloop
endfacet
facet normal -0.57773614 -0.6256491 0.5241986
 outer loop
  vertex -40.947937 4.933472 67.52923
  vertex -38.514812 5.0383635 70.336044
  vertex -40.947937 5.6267395 68.35667
 endloop
endfacet
facet normal -0.5777346 -0.62565315 0.52419543
 outer loop
  vertex -40.947937 8.901567 72.265335
  vertex -40.947937 5.6267395 68.35667
  vertex -38.514812 5.0383635 70.336044
 endloop
endfacet
facet normal -0.7322539 -0.22401237 0.6431351
 outer loop
  vertex -40.947937 4.933472 67.52923
  vertex -40.947937 3.8062348 67.1366
  vertex -38.514812 5.0383635 70.336044
 endloop
endfacet
facet normal -0.7363462 -0.21327502 0.64211226
 outer loop
  vertex -40.947937 3.8062348 67.1366
  vertex -40.947937 -0.14864823 65.823
  vertex -37.594 -0.14864817 69.66914
 endloop
endfacet
facet normal -0.7363462 -0.2132751 0.6421122
 outer loop
  vertex -40.947937 3.8062348 67.1366
  vertex -37.594 -0.14864817 69.66914
  vertex -38.514812 5.0383635 70.336044
 endloop
endfacet
facet normal 0.5777355 0.6256503 0.5241979
 outer loop
  vertex 38.514812 -5.3356595 70.33605
  vertex 40.947937 -5.924034 68.356674
  vertex 40.947937 -5.230769 67.529236
 endloop
endfacet
facet normal 0.5777343 0.62565345 0.5241954
 outer loop
  vertex 38.514812 -5.3356595 70.33605
  vertex 40.947937 -9.1988535 72.265335
  vertex 40.947937 -5.924034 68.356674
 endloop
endfacet
facet normal 0.7322539 0.22401273 0.643135
 outer loop
  vertex 38.514812 -5.3356595 70.33605
  vertex 40.947937 -5.230769 67.529236
  vertex 40.947937 -4.1035337 67.136604
 endloop
endfacet
facet normal 0.736346 0.21327601 0.6421122
 outer loop
  vertex 40.947937 -0.14864808 65.823
  vertex 37.594 -0.148648 69.66914
  vertex 38.514812 -5.3356595 70.33605
 endloop
endfacet
facet normal 0.7363459 0.2132761 0.64211214
 outer loop
  vertex 40.947937 -0.14864808 65.823
  vertex 38.514812 -5.3356595 70.33605
  vertex 40.947937 -4.1035337 67.136604
 endloop
endfacet
facet normal 0.57773566 -0.62564987 0.5241982
 outer loop
  vertex 38.514812 5.038364 70.33605
  vertex 40.947937 4.9334726 67.529236
  vertex 40.947937 5.6267385 68.356674
 endloop
endfacet
facet normal 0.5777342 -0.62565356 0.5241953
 outer loop
  vertex 38.514812 5.038364 70.33605
  vertex 40.947937 5.6267385 68.356674
  vertex 40.947937 8.901557 72.265335
 endloop
endfacet
facet normal 0.73634595 -0.21327604 0.6421121
 outer loop
  vertex 37.594 -0.148648 69.66914
  vertex 40.947937 -0.14864808 65.823
  vertex 40.947937 3.806238 67.136604
 endloop
endfacet
facet normal 0.73634595 -0.21327601 0.6421122
 outer loop
  vertex 37.594 -0.148648 69.66914
  vertex 40.947937 3.806238 67.136604
  vertex 38.514812 5.038364 70.33605
 endloop
endfacet
facet normal 0.73225385 -0.22401285 0.643135
 outer loop
  vertex 40.947937 4.9334726 67.529236
  vertex 38.514812 5.038364 70.33605
  vertex 40.947937 3.806238 67.136604
 endloop
endfacet
endsolid 
