solid "mcrow_l_arm"
  facet normal -8.36709114083e-06 -1 -2.35023217101e-05
    outer loop
      vertex -0.387721955776 10.1790933609 3.55543208122
      vertex -0.677047371864 10.2396411896 3.55543589592
      vertex -0.482714116573 10.3088264465 3.55543589592
    endloop
  endfacet
  facet normal -4.45063278676e-06 -1 -2.63700057985e-05
    outer loop
      vertex -0.387721955776 10.1790933609 3.55543208122
      vertex -0.482714116573 10.3088264465 3.55543589592
      vertex -0.219078063965 10.3308963776 3.55543541908
    endloop
  endfacet
  facet normal -0.000334516254952 -0.999999880791 -0.000393052934669
    outer loop
      vertex -0.387721955776 10.1790933609 3.55543208122
      vertex -0.219078063965 10.3308963776 3.55543541908
      vertex -0.26974272728 10.1147565842 3.55536723137
    endloop
  endfacet
  facet normal 0.00334157422185 -0.999978244305 0.00569067662582
    outer loop
      vertex -0.26974272728 10.1147565842 3.55536723137
      vertex -0.113971307874 10.193652153 3.55543899536
      vertex -0.147882029414 10.1126375198 3.55578660965
    endloop
  endfacet
  facet normal 0.00110204110388 -0.999994814396 -0.00302736856975
    outer loop
      vertex -0.321424663067 10.0432271957 3.55509376526
      vertex -0.387721955776 10.1790933609 3.55543208122
      vertex -0.26974272728 10.1147565842 3.55536723137
    endloop
  endfacet
  facet normal -1.37457036544e-05 -1 -2.65916855824e-06
    outer loop
      vertex -0.679017066956 10.1188402176 3.55543589592
      vertex -0.387721955776 10.1790933609 3.55543208122
      vertex -0.455704927444 10.0500621796 3.55543255806
    endloop
  endfacet
  facet normal -1.29018762891e-05 -1 -5.39897473573e-06
    outer loop
      vertex -0.742891311646 9.96619987488 3.55543589592
      vertex -0.679017066956 10.1188402176 3.55543589592
      vertex -0.455704927444 10.0500621796 3.55543255806
    endloop
  endfacet
  facet normal 0.0012938817963 -0.999989151955 0.0044696778059
    outer loop
      vertex -0.742891311646 9.96619987488 3.55543589592
      vertex -0.455704927444 10.0500621796 3.55543255806
      vertex -0.375335663557 9.9321603775 3.55606365204
    endloop
  endfacet
  facet normal 0.0017790205311 -0.999998092651 -0.000768600846641
    outer loop
      vertex -0.447236150503 9.85545444489 3.55587673187
      vertex -0.742891311646 9.96619987488 3.55543589592
      vertex -0.375335663557 9.9321603775 3.55606365204
    endloop
  endfacet
  facet normal 0.00488662393764 -0.99998575449 0.00214433437213
    outer loop
      vertex -0.447236150503 9.85545444489 3.55587673187
      vertex -0.375335663557 9.9321603775 3.55606365204
      vertex -0.408553093672 9.85673809052 3.5560631752
    endloop
  endfacet
  facet normal 0.0328181236982 0.0627952888608 0.997486710548
    outer loop
      vertex -0.447236150503 9.85545444489 3.55587673187
      vertex -0.408553093672 9.85673809052 3.5560631752
      vertex -0.317715883255 9.86320781708 3.61135530472
    endloop
  endfacet
  facet normal 0.333622545004 0.125789299607 0.934276759624
    outer loop
      vertex -0.345114350319 9.85990905762 3.61950659752
      vertex -0.281434476376 9.88371372223 3.62742114067
      vertex -0.330870598555 9.8748626709 3.69279456139
    endloop
  endfacet
  facet normal -0.26607260108 -0.648820221424 0.712907910347
    outer loop
      vertex -0.447236150503 9.85545444489 3.55587673187
      vertex -0.461743593216 9.85801315308 3.55901455879
      vertex -0.742891311646 9.96619987488 3.55543589592
    endloop
  endfacet
  facet normal 0.0138505361974 -0.999899804592 -0.002918997081
    outer loop
      vertex -0.461743593216 9.85801315308 3.55901455879
      vertex -0.741159260273 9.95798110962 3.55543589592
      vertex -0.742891311646 9.96619987488 3.55543589592
    endloop
  endfacet
  facet normal -0.976197302341 -0.0686483457685 0.205733343959
    outer loop
      vertex -0.747611999512 9.95109462738 3.66783380508
      vertex -0.742891311646 9.96619987488 3.55543589592
      vertex -0.741159260273 9.95798110962 3.55543589592
    endloop
  endfacet
  facet normal -0.976198732853 -0.0686480253935 0.205726802349
    outer loop
      vertex -0.741159260273 9.95798110962 3.55543589592
      vertex -0.738954484463 9.94751930237 3.55543589592
      vertex -0.747611999512 9.95109462738 3.66783380508
    endloop
  endfacet
  facet normal -0.976196348667 -0.0686474815011 0.205738306046
    outer loop
      vertex -0.732063531876 9.90049743652 3.59836935997
      vertex -0.747611999512 9.95109462738 3.66783380508
      vertex -0.738954484463 9.94751930237 3.55543589592
    endloop
  endfacet
  facet normal -0.976196169853 -0.0686479881406 0.20573875308
    outer loop
      vertex -0.732063531876 9.90049743652 3.59836935997
      vertex -0.738954484463 9.94751930237 3.55543589592
      vertex -0.72912466526 9.90087890625 3.55543589592
    endloop
  endfacet
  facet normal -0.976196408272 -0.0686479955912 0.205737799406
    outer loop
      vertex -0.732063531876 9.90049743652 3.59836935997
      vertex -0.72912466526 9.90087890625 3.55543589592
      vertex -0.720249354839 9.85876655579 3.55543589592
    endloop
  endfacet
  facet normal -0.976196289062 -0.0686473697424 0.205738410354
    outer loop
      vertex -0.72676807642 9.85158443451 3.66965961456
      vertex -0.732063531876 9.90049743652 3.59836935997
      vertex -0.720249354839 9.85876655579 3.55543589592
    endloop
  endfacet
  facet normal -0.97619664669 -0.068647287786 0.205736741424
    outer loop
      vertex -0.72676807642 9.85158443451 3.66965961456
      vertex -0.720249354839 9.85876655579 3.55543589592
      vertex -0.71632039547 9.84012413025 3.55543589592
    endloop
  endfacet
  facet normal 0.051769785583 0.104385986924 0.993188500404
    outer loop
      vertex -0.46509334445 9.86707115173 3.68723058701
      vertex -0.72676807642 9.85158443451 3.66965961456
      vertex -0.71632039547 9.84012413025 3.55543589592
    endloop
  endfacet
  facet normal 0.051414038986 0.105053499341 0.993136644363
    outer loop
      vertex -0.46509334445 9.86707115173 3.68723058701
      vertex -0.71632039547 9.84012413025 3.55543589592
      vertex -0.679618477821 9.84202384949 3.55543589592
    endloop
  endfacet
  facet normal 0.071817651391 0.0721589773893 0.994804143906
    outer loop
      vertex -0.46509334445 9.86707115173 3.68723058701
      vertex -0.679618477821 9.84202384949 3.55543589592
      vertex -0.461743593216 9.85801315308 3.55901455879
    endloop
  endfacet
  facet normal -0.0200623050332 0.0699383690953 0.997349560261
    outer loop
      vertex -0.46509334445 9.86707115173 3.68723058701
      vertex -0.461743593216 9.85801315308 3.55901455879
      vertex -0.345114350319 9.85990905762 3.61950659752
    endloop
  endfacet
  facet normal 0.0488485768437 0.193665698171 0.979850709438
    outer loop
      vertex -0.212896674871 9.90853023529 3.83338022232
      vertex -0.46509334445 9.86707115173 3.68723058701
      vertex -0.330870598555 9.8748626709 3.69279456139
    endloop
  endfacet
  facet normal 0.0423835776746 0.237895429134 0.970365583897
    outer loop
      vertex 0.0573370270431 9.92473888397 3.85134911537
      vertex -0.212896674871 9.90853023529 3.83338022232
      vertex -0.0131079126149 9.90453052521 3.78147244453
    endloop
  endfacet
  facet normal 0.0374434925616 0.297433644533 0.954007983208
    outer loop
      vertex 0.0307087358087 9.96138191223 3.97223234177
      vertex -0.212896674871 9.90853023529 3.83338022232
      vertex 0.0573370270431 9.92473888397 3.85134911537
    endloop
  endfacet
  facet normal 0.0362345799804 0.297203242779 0.954126477242
    outer loop
      vertex 0.0307087358087 9.96138191223 3.97223234177
      vertex 0.0573370270431 9.92473888397 3.85134911537
      vertex 0.292752027512 9.97676372528 3.98966741562
    endloop
  endfacet
  facet normal 0.0255591645837 0.41731184721 0.908403873444
    outer loop
      vertex 0.276076644659 10.0245609283 4.09473323822
      vertex 0.0307087358087 9.96138191223 3.97223234177
      vertex 0.292752027512 9.97676372528 3.98966741562
    endloop
  endfacet
  facet normal 0.0244229957461 0.417174458504 0.908498227596
    outer loop
      vertex 0.276076644659 10.0245609283 4.09473323822
      vertex 0.292752027512 9.97676372528 3.98966741562
      vertex 0.538798332214 10.0401077271 4.11320829391
    endloop
  endfacet
  facet normal 0.0109690958634 0.547891199589 0.836477637291
    outer loop
      vertex 0.52079641819 10.096616745 4.19984340668
      vertex 0.276076644659 10.0245609283 4.09473323822
      vertex 0.538798332214 10.0401077271 4.11320829391
    endloop
  endfacet
  facet normal 0.0109691210091 0.547891259193 0.836477637291
    outer loop
      vertex 0.52079641819 10.096616745 4.19984340668
      vertex 0.538798332214 10.0401077271 4.11320829391
      vertex 0.783517479897 10.1121635437 4.21831846237
    endloop
  endfacet
  facet normal -0.00570789631456 0.690121233463 0.723671257496
    outer loop
      vertex 0.765414357185 10.1758337021 4.28493356705
      vertex 0.52079641819 10.096616745 4.19984340668
      vertex 0.783517479897 10.1121635437 4.21831846237
    endloop
  endfacet
  facet normal 0.976196587086 0.0686472505331 -0.205737277865
    outer loop
      vertex 0.783517479897 10.1121635437 4.21831846237
      vertex 0.773465931416 10.1868619919 4.13738250732
      vertex 0.765414357185 10.1758337021 4.28493356705
    endloop
  endfacet
  facet normal 0.976196706295 0.0686472207308 -0.205736741424
    outer loop
      vertex 0.765414357185 10.1758337021 4.28493356705
      vertex 0.773465931416 10.1868619919 4.13738250732
      vertex 0.757369399071 10.2334117889 4.2267742157
    endloop
  endfacet
  facet normal 0.976196348667 0.0686484575272 -0.205737933517
    outer loop
      vertex 0.747760236263 10.2447280884 4.32950210571
      vertex 0.765414357185 10.1758337021 4.28493356705
      vertex 0.757369399071 10.2334117889 4.2267742157
    endloop
  endfacet
  facet normal 0.976196050644 0.0686482861638 -0.205739274621
    outer loop
      vertex 0.747760236263 10.2447280884 4.32950210571
      vertex 0.757369399071 10.2334117889 4.2267742157
      vertex 0.7448823452 10.2853565216 4.24866342545
    endloop
  endfacet
  facet normal 0.976196706295 0.0686469450593 -0.205736652017
    outer loop
      vertex 0.731091499329 10.3167562485 4.35067081451
      vertex 0.747760236263 10.2447280884 4.32950210571
      vertex 0.7448823452 10.2853565216 4.24866342545
    endloop
  endfacet
  facet normal 0.976196825504 0.0686471313238 -0.205736115575
    outer loop
      vertex 0.731091499329 10.3167562485 4.35067081451
      vertex 0.7448823452 10.2853565216 4.24866342545
      vertex 0.732900440693 10.3573570251 4.20326709747
    endloop
  endfacet
  facet normal 0.976196527481 0.0686474367976 -0.205737248063
    outer loop
      vertex 0.731091499329 10.3167562485 4.35067081451
      vertex 0.732900440693 10.3573570251 4.20326709747
      vertex 0.715915024281 10.3897266388 4.34779262543
    endloop
  endfacet
  facet normal -0.071567684412 0.997136175632 -0.0244448166341
    outer loop
      vertex 0.715915024281 10.3897266388 4.34779262543
      vertex 0.468370348215 10.3012104034 4.33219575882
      vertex 0.731091499329 10.3167562485 4.35067081451
    endloop
  endfacet
  facet normal -0.0498695224524 0.955048978329 0.292223334312
    outer loop
      vertex 0.468370348215 10.3012104034 4.33219575882
      vertex 0.485039144754 10.2291822433 4.31102705002
      vertex 0.731091499329 10.3167562485 4.35067081451
    endloop
  endfacet
  facet normal -0.0498681887984 0.955048024654 0.292226672173
    outer loop
      vertex 0.731091499329 10.3167562485 4.35067081451
      vertex 0.485039144754 10.2291822433 4.31102705002
      vertex 0.747760236263 10.2447280884 4.32950210571
    endloop
  endfacet
  facet normal -0.0263943802565 0.836239755154 0.547728419304
    outer loop
      vertex 0.485039144754 10.2291822433 4.31102705002
      vertex 0.502693235874 10.1602869034 4.26645851135
      vertex 0.747760236263 10.2447280884 4.32950210571
    endloop
  endfacet
  facet normal -0.0263943802565 0.836239755154 0.547728419304
    outer loop
      vertex 0.747760236263 10.2447280884 4.32950210571
      vertex 0.502693235874 10.1602869034 4.26645851135
      vertex 0.765414357185 10.1758337021 4.28493356705
    endloop
  endfacet
  facet normal -0.0057078958489 0.690121233463 0.723671257496
    outer loop
      vertex 0.502693235874 10.1602869034 4.26645851135
      vertex 0.52079641819 10.096616745 4.19984340668
      vertex 0.765414357185 10.1758337021 4.28493356705
    endloop
  endfacet
  facet normal -0.00570788048208 0.690121233463 0.723671257496
    outer loop
      vertex 0.502693235874 10.1602869034 4.26645851135
      vertex 0.258074581623 10.0810709 4.18136835098
      vertex 0.52079641819 10.096616745 4.19984340668
    endloop
  endfacet
  facet normal 0.0109690902755 0.547891259193 0.836477637291
    outer loop
      vertex 0.258074581623 10.0810709 4.18136835098
      vertex 0.276076644659 10.0245609283 4.09473323822
      vertex 0.52079641819 10.096616745 4.19984340668
    endloop
  endfacet
  facet normal 0.0109690790996 0.547891259193 0.836477637291
    outer loop
      vertex 0.258074581623 10.0810709 4.18136835098
      vertex 0.0133545752615 10.0090150833 4.07625865936
      vertex 0.276076644659 10.0245609283 4.09473323822
    endloop
  endfacet
  facet normal 0.0241925753653 0.419539034367 0.907414853573
    outer loop
      vertex 0.0133545752615 10.0090150833 4.07625865936
      vertex 0.0307087358087 9.96138191223 3.97223234177
      vertex 0.276076644659 10.0245609283 4.09473323822
    endloop
  endfacet
  facet normal 0.0241905972362 0.419538766146 0.907415032387
    outer loop
      vertex 0.0133545752615 10.0090150833 4.07625865936
      vertex -0.232012927532 9.9458360672 3.95375728607
      vertex 0.0307087358087 9.96138191223 3.97223234177
    endloop
  endfacet
  facet normal 0.0352279692888 0.300934612751 0.952993869781
    outer loop
      vertex -0.232012927532 9.9458360672 3.95375728607
      vertex -0.212896674871 9.90853023529 3.83338022232
      vertex 0.0307087358087 9.96138191223 3.97223234177
    endloop
  endfacet
  facet normal 0.0372274890542 0.301202356815 0.952833294868
    outer loop
      vertex -0.232012927532 9.9458360672 3.95375728607
      vertex -0.478555768728 9.89298152924 3.81702589989
      vertex -0.212896674871 9.90853023529 3.83338022232
    endloop
  endfacet
  facet normal 0.0449721068144 0.200043931603 0.978754281998
    outer loop
      vertex -0.478555768728 9.89298152924 3.81702589989
      vertex -0.46509334445 9.86707115173 3.68723058701
      vertex -0.212896674871 9.90853023529 3.83338022232
    endloop
  endfacet
  facet normal 0.0444969646633 0.200000748038 0.978784799576
    outer loop
      vertex -0.478555768728 9.89298152924 3.81702589989
      vertex -0.72676807642 9.85158443451 3.66965961456
      vertex -0.46509334445 9.86707115173 3.68723058701
    endloop
  endfacet
  facet normal 0.0437550246716 0.201191261411 0.97857427597
    outer loop
      vertex -0.741280019283 9.8774356842 3.79855060577
      vertex -0.72676807642 9.85158443451 3.66965961456
      vertex -0.478555768728 9.89298152924 3.81702589989
    endloop
  endfacet
  facet normal 0.0348635390401 0.305023789406 0.95170634985
    outer loop
      vertex -0.494734674692 9.93029022217 3.9352824688
      vertex -0.741280019283 9.8774356842 3.79855060577
      vertex -0.478555768728 9.89298152924 3.81702589989
    endloop
  endfacet
  facet normal 0.0348663255572 0.305024117231 0.951706171036
    outer loop
      vertex -0.494734674692 9.93029022217 3.9352824688
      vertex -0.478555768728 9.89298152924 3.81702589989
      vertex -0.232012927532 9.9458360672 3.95375728607
    endloop
  endfacet
  facet normal 0.024192603305 0.419539034367 0.907414853573
    outer loop
      vertex -0.249367162585 9.99346923828 4.05778360367
      vertex -0.494734674692 9.93029022217 3.9352824688
      vertex -0.232012927532 9.9458360672 3.95375728607
    endloop
  endfacet
  facet normal 0.0241905897856 0.419538795948 0.907415032387
    outer loop
      vertex -0.249367162585 9.99346923828 4.05778360367
      vertex -0.232012927532 9.9458360672 3.95375728607
      vertex 0.0133545752615 10.0090150833 4.07625865936
    endloop
  endfacet
  facet normal 0.0109668113291 0.547894895077 0.836475253105
    outer loop
      vertex -0.0046474179253 10.0655250549 4.16289329529
      vertex -0.249367162585 9.99346923828 4.05778360367
      vertex 0.0133545752615 10.0090150833 4.07625865936
    endloop
  endfacet
  facet normal 0.0109668001533 0.547894895077 0.836475253105
    outer loop
      vertex -0.0046474179253 10.0655250549 4.16289329529
      vertex 0.0133545752615 10.0090150833 4.07625865936
      vertex 0.258074581623 10.0810709 4.18136835098
    endloop
  endfacet
  facet normal -0.00571009516716 0.690125882626 0.723666787148
    outer loop
      vertex 0.239971533418 10.1447410583 4.24798345566
      vertex -0.0046474179253 10.0655250549 4.16289329529
      vertex 0.258074581623 10.0810709 4.18136835098
    endloop
  endfacet
  facet normal -0.00571086443961 0.690125763416 0.723666906357
    outer loop
      vertex 0.239971533418 10.1447410583 4.24798345566
      vertex 0.258074581623 10.0810709 4.18136835098
      vertex 0.502693235874 10.1602869034 4.26645851135
    endloop
  endfacet
  facet normal -0.0263964533806 0.83623945713 0.547728776932
    outer loop
      vertex 0.485039144754 10.2291822433 4.31102705002
      vertex 0.239971533418 10.1447410583 4.24798345566
      vertex 0.502693235874 10.1602869034 4.26645851135
    endloop
  endfacet
  facet normal -0.0263952724636 0.836237967014 0.547731101513
    outer loop
      vertex 0.222317457199 10.2136363983 4.29255199432
      vertex 0.239971533418 10.1447410583 4.24798345566
      vertex 0.485039144754 10.2291822433 4.31102705002
    endloop
  endfacet
  facet normal -0.0498690083623 0.955049037933 0.292223244905
    outer loop
      vertex 0.468370348215 10.3012104034 4.33219575882
      vertex 0.222317457199 10.2136363983 4.29255199432
      vertex 0.485039144754 10.2291822433 4.31102705002
    endloop
  endfacet
  facet normal -0.0498690083623 0.955049037933 0.292223244905
    outer loop
      vertex 0.205648675561 10.2856645584 4.31372070312
      vertex 0.222317457199 10.2136363983 4.29255199432
      vertex 0.468370348215 10.3012104034 4.33219575882
    endloop
  endfacet
  facet normal -0.0715663656592 0.997136235237 -0.0244448836893
    outer loop
      vertex 0.453193873167 10.3741817474 4.32931756973
      vertex 0.205648675561 10.2856645584 4.31372070312
      vertex 0.468370348215 10.3012104034 4.33219575882
    endloop
  endfacet
  facet normal -0.0715676173568 0.997136175632 -0.0244446191937
    outer loop
      vertex 0.453193873167 10.3741817474 4.32931756973
      vertex 0.468370348215 10.3012104034 4.33219575882
      vertex 0.715915024281 10.3897266388 4.34779262543
    endloop
  endfacet
  facet normal -0.0858158916235 0.938201546669 -0.335281193256
    outer loop
      vertex 0.702691197395 10.4614248276 4.3209605217
      vertex 0.453193873167 10.3741817474 4.32931756973
      vertex 0.715915024281 10.3897266388 4.34779262543
    endloop
  endfacet
  facet normal 0.976196527481 0.0686476230621 -0.205737173557
    outer loop
      vertex 0.702691197395 10.4614248276 4.3209605217
      vertex 0.715915024281 10.3897266388 4.34779262543
      vertex 0.715315103531 10.4243774414 4.25247526169
    endloop
  endfacet
  facet normal 0.976196527481 0.0686475262046 -0.205737352371
    outer loop
      vertex 0.702691197395 10.4614248276 4.3209605217
      vertex 0.715315103531 10.4243774414 4.25247526169
      vertex 0.706461846828 10.4732608795 4.23186826706
    endloop
  endfacet
  facet normal 0.976196408272 0.0686475783587 -0.205737784505
    outer loop
      vertex 0.691822528839 10.5296707153 4.27098655701
      vertex 0.702691197395 10.4614248276 4.3209605217
      vertex 0.706461846828 10.4732608795 4.23186826706
    endloop
  endfacet
  facet normal 0.976196467876 0.0686482191086 -0.205737352371
    outer loop
      vertex 0.691822528839 10.5296707153 4.27098655701
      vertex 0.706461846828 10.4732608795 4.23186826706
      vertex 0.703759670258 10.5111665726 4.15669107437
    endloop
  endfacet
  facet normal 0.976196587086 0.0686483159661 -0.205736815929
    outer loop
      vertex 0.691822528839 10.5296707153 4.27098655701
      vertex 0.703759670258 10.5111665726 4.15669107437
      vertex 0.683638751507 10.5923900604 4.19939136505
    endloop
  endfacet
  facet normal -0.0905784890056 0.66207575798 -0.743943035603
    outer loop
      vertex 0.683638751507 10.5923900604 4.19939136505
      vertex 0.429101467133 10.5141248703 4.25251150131
      vertex 0.691822528839 10.5296707153 4.27098655701
    endloop
  endfacet
  facet normal -0.0912339389324 0.810319662094 -0.578842282295
    outer loop
      vertex 0.429101467133 10.5141248703 4.25251150131
      vertex 0.439970105886 10.4458789825 4.30248594284
      vertex 0.691822528839 10.5296707153 4.27098655701
    endloop
  endfacet
  facet normal -0.0912352204323 0.810317397118 -0.578845322132
    outer loop
      vertex 0.691822528839 10.5296707153 4.27098655701
      vertex 0.439970105886 10.4458789825 4.30248594284
      vertex 0.702691197395 10.4614248276 4.3209605217
    endloop
  endfacet
  facet normal -0.085815563798 0.938201904297 -0.335280299187
    outer loop
      vertex 0.439970105886 10.4458789825 4.30248594284
      vertex 0.453193873167 10.3741817474 4.32931756973
      vertex 0.702691197395 10.4614248276 4.3209605217
    endloop
  endfacet
  facet normal -0.0858153775334 0.938201904297 -0.335280328989
    outer loop
      vertex 0.439970105886 10.4458789825 4.30248594284
      vertex 0.190472200513 10.3586349487 4.31084251404
      vertex 0.453193873167 10.3741817474 4.32931756973
    endloop
  endfacet
  facet normal -0.0715664327145 0.997136235237 -0.0244450680912
    outer loop
      vertex 0.190472200513 10.3586349487 4.31084251404
      vertex 0.205648675561 10.2856645584 4.31372070312
      vertex 0.453193873167 10.3741817474 4.32931756973
    endloop
  endfacet
  facet normal -0.0715663135052 0.997136235237 -0.0244450923055
    outer loop
      vertex 0.190472200513 10.3586349487 4.31084251404
      vertex -0.0570734366775 10.2701187134 4.29524564743
      vertex 0.205648675561 10.2856645584 4.31372070312
    endloop
  endfacet
  facet normal -0.049867991358 0.955048024654 0.292226731777
    outer loop
      vertex -0.0570734366775 10.2701187134 4.29524564743
      vertex -0.0404045134783 10.1980905533 4.27407693863
      vertex 0.205648675561 10.2856645584 4.31372070312
    endloop
  endfacet
  facet normal -0.0498693659902 0.955048978329 0.29222330451
    outer loop
      vertex 0.205648675561 10.2856645584 4.31372070312
      vertex -0.0404045134783 10.1980905533 4.27407693863
      vertex 0.222317457199 10.2136363983 4.29255199432
    endloop
  endfacet
  facet normal -0.0263952221721 0.836239635944 0.547728538513
    outer loop
      vertex -0.0404045134783 10.1980905533 4.27407693863
      vertex -0.0227505341172 10.1291952133 4.22950839996
      vertex 0.222317457199 10.2136363983 4.29255199432
    endloop
  endfacet
  facet normal -0.026394026354 0.836238145828 0.547730922699
    outer loop
      vertex 0.222317457199 10.2136363983 4.29255199432
      vertex -0.0227505341172 10.1291952133 4.22950839996
      vertex 0.239971533418 10.1447410583 4.24798345566
    endloop
  endfacet
  facet normal -0.00570807466283 0.690122842789 0.72366976738
    outer loop
      vertex -0.0227505341172 10.1291952133 4.22950839996
      vertex -0.0046474179253 10.0655250549 4.16289329529
      vertex 0.239971533418 10.1447410583 4.24798345566
    endloop
  endfacet
  facet normal -0.0057080835104 0.690122842789 0.72366976738
    outer loop
      vertex -0.0227505341172 10.1291952133 4.22950839996
      vertex -0.267369091511 10.0499792099 4.14441871643
      vertex -0.0046474179253 10.0655250549 4.16289329529
    endloop
  endfacet
  facet normal 0.010969097726 0.547891199589 0.836477637291
    outer loop
      vertex -0.267369091511 10.0499792099 4.14441871643
      vertex -0.249367162585 9.99346923828 4.05778360367
      vertex -0.0046474179253 10.0655250549 4.16289329529
    endloop
  endfacet
  facet normal 0.0109684877098 0.547891139984 0.8364777565
    outer loop
      vertex -0.267369091511 10.0499792099 4.14441871643
      vertex -0.512088894844 9.97792339325 4.03930854797
      vertex -0.249367162585 9.99346923828 4.05778360367
    endloop
  endfacet
  facet normal 0.0241920426488 0.419539958239 0.90741443634
    outer loop
      vertex -0.512088894844 9.97792339325 4.03930854797
      vertex -0.494734674692 9.93029022217 3.9352824688
      vertex -0.249367162585 9.99346923828 4.05778360367
    endloop
  endfacet
  facet normal 0.0241918079555 0.419539928436 0.90741443634
    outer loop
      vertex -0.512088894844 9.97792339325 4.03930854797
      vertex -0.757458984852 9.91474342346 3.91680717468
      vertex -0.494734674692 9.93029022217 3.9352824688
    endloop
  endfacet
  facet normal 0.034866027534 0.305019795895 0.951707541943
    outer loop
      vertex -0.757458984852 9.91474342346 3.91680717468
      vertex -0.741280019283 9.8774356842 3.79855060577
      vertex -0.494734674692 9.93029022217 3.9352824688
    endloop
  endfacet
  facet normal -0.97619664669 -0.0686491429806 0.205736115575
    outer loop
      vertex -0.757458984852 9.91474342346 3.91680717468
      vertex -0.752488195896 9.93558311462 3.78366756439
      vertex -0.741280019283 9.8774356842 3.79855060577
    endloop
  endfacet
  facet normal -0.976196885109 -0.0686472505331 0.205735683441
    outer loop
      vertex -0.741280019283 9.8774356842 3.79855060577
      vertex -0.752488195896 9.93558311462 3.78366756439
      vertex -0.7399777174 9.90305328369 3.70325303078
    endloop
  endfacet
  facet normal -0.976196587086 -0.0686476454139 0.205737158656
    outer loop
      vertex -0.741280019283 9.8774356842 3.79855060577
      vertex -0.7399777174 9.90305328369 3.70325303078
      vertex -0.72676807642 9.85158443451 3.66965961456
    endloop
  endfacet
  facet normal -0.976196527481 -0.0686468482018 0.205737665296
    outer loop
      vertex -0.72676807642 9.85158443451 3.66965961456
      vertex -0.7399777174 9.90305328369 3.70325303078
      vertex -0.732063531876 9.90049743652 3.59836935997
    endloop
  endfacet
  facet normal -0.976196169853 -0.0686467885971 0.205739215016
    outer loop
      vertex -0.747611999512 9.95109462738 3.66783380508
      vertex -0.732063531876 9.90049743652 3.59836935997
      vertex -0.7399777174 9.90305328369 3.70325303078
    endloop
  endfacet
  facet normal -0.976196348667 -0.0686459690332 0.205738648772
    outer loop
      vertex -0.747611999512 9.95109462738 3.66783380508
      vertex -0.7399777174 9.90305328369 3.70325303078
      vertex -0.752488195896 9.93558311462 3.78366756439
    endloop
  endfacet
  facet normal -0.976196467876 -0.0686459243298 0.205738246441
    outer loop
      vertex -0.752488195896 9.93558311462 3.78366756439
      vertex -0.761054873466 9.98789596558 3.74870634079
      vertex -0.747611999512 9.95109462738 3.66783380508
    endloop
  endfacet
  facet normal -0.97619664669 -0.0686464235187 0.205737218261
    outer loop
      vertex -0.760172903538 10.022974968 3.63103055954
      vertex -0.747611999512 9.95109462738 3.66783380508
      vertex -0.761054873466 9.98789596558 3.74870634079
    endloop
  endfacet
  facet normal -0.9761967659 -0.0686462521553 0.205736652017
    outer loop
      vertex -0.761054873466 9.98789596558 3.74870634079
      vertex -0.777709901333 10.0515909195 3.79465579987
      vertex -0.760172903538 10.022974968 3.63103055954
    endloop
  endfacet
  facet normal -0.9761967659 -0.0686462447047 0.20573669672
    outer loop
      vertex -0.760172903538 10.022974968 3.63103055954
      vertex -0.777709901333 10.0515909195 3.79465579987
      vertex -0.780346512794 10.1070613861 3.66590118408
    endloop
  endfacet
  facet normal -0.9761967659 -0.0686485916376 0.205735743046
    outer loop
      vertex -0.760172903538 10.022974968 3.63103055954
      vertex -0.780346512794 10.1070613861 3.66590118408
      vertex -0.764749407768 10.0699138641 3.55543589592
    endloop
  endfacet
  facet normal -0.976196825504 -0.0686485245824 0.205735623837
    outer loop
      vertex -0.760172903538 10.022974968 3.63103055954
      vertex -0.764749407768 10.0699138641 3.55543589592
      vertex -0.754382312298 10.0207223892 3.55543589592
    endloop
  endfacet
  facet normal -0.976196050644 -0.0686483606696 0.20573925972
    outer loop
      vertex -0.760172903538 10.022974968 3.63103055954
      vertex -0.754382312298 10.0207223892 3.55543589592
      vertex -0.742891311646 9.96619987488 3.55543589592
    endloop
  endfacet
  facet normal -0.976196169853 -0.0686489865184 0.205738455057
    outer loop
      vertex -0.747611999512 9.95109462738 3.66783380508
      vertex -0.760172903538 10.022974968 3.63103055954
      vertex -0.742891311646 9.96619987488 3.55543589592
    endloop
  endfacet
  facet normal 0 -1 -0
    outer loop
      vertex -0.754382312298 10.0207223892 3.55543589592
      vertex -0.764749407768 10.0699138641 3.55543589592
      vertex -0.742891311646 9.96619987488 3.55543589592
    endloop
  endfacet
  facet normal 0 -1 0
    outer loop
      vertex -0.679017066956 10.1188402176 3.55543589592
      vertex -0.742891311646 9.96619987488 3.55543589592
      vertex -0.764749407768 10.0699138641 3.55543589592
    endloop
  endfacet
  facet normal 0 -1 -0
    outer loop
      vertex -0.764749407768 10.0699138641 3.55543589592
      vertex -0.769639790058 10.0931186676 3.55543589592
      vertex -0.679017066956 10.1188402176 3.55543589592
    endloop
  endfacet
  facet normal 0 -1 -0
    outer loop
      vertex -0.769639790058 10.0931186676 3.55543589592
      vertex -0.781999945641 10.1517658234 3.55543589592
      vertex -0.679017066956 10.1188402176 3.55543589592
    endloop
  endfacet
  facet normal 0 -1 -0
    outer loop
      vertex -0.781999945641 10.1517658234 3.55543589592
      vertex -0.784073412418 10.1616029739 3.55543589592
      vertex -0.679017066956 10.1188402176 3.55543589592
    endloop
  endfacet
  facet normal 0 -1 -0
    outer loop
      vertex -0.784073412418 10.1616029739 3.55543589592
      vertex -0.784808754921 10.1650934219 3.55543589592
      vertex -0.679017066956 10.1188402176 3.55543589592
    endloop
  endfacet
  facet normal 0 -1 0
    outer loop
      vertex -0.677047371864 10.2396411896 3.55543589592
      vertex -0.679017066956 10.1188402176 3.55543589592
      vertex -0.784808754921 10.1650934219 3.55543589592
    endloop
  endfacet
  facet normal 0 -1 0
    outer loop
      vertex -0.677047371864 10.2396411896 3.55543589592
      vertex -0.784808754921 10.1650934219 3.55543589592
      vertex -0.798592865467 10.2304983139 3.55543589592
    endloop
  endfacet
  facet normal 0 -1 0
    outer loop
      vertex -0.804968893528 10.2607517242 3.55543589592
      vertex -0.677047371864 10.2396411896 3.55543589592
      vertex -0.798592865467 10.2304983139 3.55543589592
    endloop
  endfacet
  facet normal -0.976197183132 -0.0686482414603 0.205734118819
    outer loop
      vertex -0.802074670792 10.2348451614 3.59191989899
      vertex -0.804968893528 10.2607517242 3.55543589592
      vertex -0.798592865467 10.2304983139 3.55543589592
    endloop
  endfacet
  facet normal -0.976197123528 -0.068648211658 0.205734327435
    outer loop
      vertex -0.798592865467 10.2304983139 3.55543589592
      vertex -0.784808754921 10.1650934219 3.55543589592
      vertex -0.802074670792 10.2348451614 3.59191989899
    endloop
  endfacet
  facet normal -0.976197361946 -0.068654678762 0.205731004477
    outer loop
      vertex -0.78463947773 10.1625099182 3.56076931953
      vertex -0.802074670792 10.2348451614 3.59191989899
      vertex -0.784808754921 10.1650934219 3.55543589592
    endloop
  endfacet
  facet normal -0.976202011108 -0.0686453804374 0.205712109804
    outer loop
      vertex -0.78463947773 10.1625099182 3.56076931953
      vertex -0.784808754921 10.1650934219 3.55543589592
      vertex -0.784073412418 10.1616029739 3.55543589592
    endloop
  endfacet
  facet normal -0.976195394993 -0.0686389729381 0.205745667219
    outer loop
      vertex -0.78463947773 10.1625099182 3.56076931953
      vertex -0.784073412418 10.1616029739 3.55543589592
      vertex -0.781999945641 10.1517658234 3.55543589592
    endloop
  endfacet
  facet normal -0.976195752621 -0.0686497688293 0.205740407109
    outer loop
      vertex -0.780346512794 10.1070613861 3.66590118408
      vertex -0.78463947773 10.1625099182 3.56076931953
      vertex -0.781999945641 10.1517658234 3.55543589592
    endloop
  endfacet
  facet normal -0.976196169853 -0.0686490535736 0.205738648772
    outer loop
      vertex -0.780346512794 10.1070613861 3.66590118408
      vertex -0.781999945641 10.1517658234 3.55543589592
      vertex -0.769639790058 10.0931186676 3.55543589592
    endloop
  endfacet
  facet normal -0.97619754076 -0.0686500743032 0.205731645226
    outer loop
      vertex -0.769639790058 10.0931186676 3.55543589592
      vertex -0.764749407768 10.0699138641 3.55543589592
      vertex -0.780346512794 10.1070613861 3.66590118408
    endloop
  endfacet
  facet normal -0.976196706295 -0.0686476752162 0.205736503005
    outer loop
      vertex -0.798150241375 10.1836929321 3.68941235542
      vertex -0.78463947773 10.1625099182 3.56076931953
      vertex -0.780346512794 10.1070613861 3.66590118408
    endloop
  endfacet
  facet normal -0.976196706295 -0.0686480551958 0.205736398697
    outer loop
      vertex -0.798150241375 10.1836929321 3.68941235542
      vertex -0.780346512794 10.1070613861 3.66590118408
      vertex -0.795655429363 10.1356163025 3.79802083969
    endloop
  endfacet
  facet normal -0.976197063923 -0.0686474144459 0.205734968185
    outer loop
      vertex -0.814345657825 10.217798233 3.81750488281
      vertex -0.798150241375 10.1836929321 3.68941235542
      vertex -0.795655429363 10.1356163025 3.79802083969
    endloop
  endfacet
  facet normal -0.976197004318 -0.0686483159661 0.205734759569
    outer loop
      vertex -0.814345657825 10.217798233 3.81750488281
      vertex -0.795655429363 10.1356163025 3.79802083969
      vertex -0.810015559196 10.1616573334 3.92418169975
    endloop
  endfacet
  facet normal -0.9761967659 -0.0686488002539 0.205735653639
    outer loop
      vertex -0.828693032265 10.2403526306 3.95393300056
      vertex -0.814345657825 10.217798233 3.81750488281
      vertex -0.810015559196 10.1616573334 3.92418169975
    endloop
  endfacet
  facet normal -0.9761967659 -0.068647198379 0.205736264586
    outer loop
      vertex -0.828693032265 10.2403526306 3.95393300056
      vertex -0.810015559196 10.1616573334 3.92418169975
      vertex -0.823013603687 10.1825418472 4.04642820358
    endloop
  endfacet
  facet normal -0.976196467876 -0.0686480402946 0.205737575889
    outer loop
      vertex -0.843370854855 10.2609453201 4.10093927383
      vertex -0.828693032265 10.2403526306 3.95393300056
      vertex -0.823013603687 10.1825418472 4.04642820358
    endloop
  endfacet
  facet normal -0.976196408272 -0.0686475336552 0.205737903714
    outer loop
      vertex -0.823013603687 10.1825418472 4.04642820358
      vertex -0.831946074963 10.1917915344 4.14573097229
      vertex -0.843370854855 10.2609453201 4.10093927383
    endloop
  endfacet
  facet normal -0.976196348667 -0.0686477795243 0.205738052726
    outer loop
      vertex -0.845241189003 10.2234802246 4.23982048035
      vertex -0.843370854855 10.2609453201 4.10093927383
      vertex -0.831946074963 10.1917915344 4.14573097229
    endloop
  endfacet
  facet normal -0.976196706295 -0.0686483979225 0.205736353993
    outer loop
      vertex -0.845241189003 10.2234802246 4.23982048035
      vertex -0.831946074963 10.1917915344 4.14573097229
      vertex -0.828572392464 10.1514520645 4.21865177155
    endloop
  endfacet
  facet normal -0.0498675741255 0.955048084259 0.292226552963
    outer loop
      vertex -0.845241189003 10.2234802246 4.23982048035
      vertex -0.828572392464 10.1514520645 4.21865177155
      vertex -0.582516789436 10.2390260696 4.25829553604
    endloop
  endfacet
  facet normal -0.0715654715896 0.997136414051 -0.0244412329048
    outer loop
      vertex -0.597693264484 10.3119974136 4.25541782379
      vertex -0.845241189003 10.2234802246 4.23982048035
      vertex -0.582516789436 10.2390260696 4.25829553604
    endloop
  endfacet
  facet normal -0.071566209197 0.997136354446 -0.0244410783052
    outer loop
      vertex -0.597693264484 10.3119974136 4.25541782379
      vertex -0.582516789436 10.2390260696 4.25829553604
      vertex -0.334971576929 10.3275432587 4.27389287949
    endloop
  endfacet
  facet normal -0.085815384984 0.938201904297 -0.335280299187
    outer loop
      vertex -0.348195403814 10.3992404938 4.24706077576
      vertex -0.597693264484 10.3119974136 4.25541782379
      vertex -0.334971576929 10.3275432587 4.27389287949
    endloop
  endfacet
  facet normal -0.085815384984 0.938201904297 -0.335280299187
    outer loop
      vertex -0.348195403814 10.3992404938 4.24706077576
      vertex -0.334971576929 10.3275432587 4.27389287949
      vertex -0.0854737311602 10.4147872925 4.26553583145
    endloop
  endfacet
  facet normal -0.0912350341678 0.810317277908 -0.578845441341
    outer loop
      vertex -0.0963423103094 10.4830322266 4.21556186676
      vertex -0.348195403814 10.3992404938 4.24706077576
      vertex -0.0854737311602 10.4147872925 4.26553583145
    endloop
  endfacet
  facet normal -0.0912349075079 0.810317277908 -0.578845441341
    outer loop
      vertex -0.0963423103094 10.4830322266 4.21556186676
      vertex -0.0854737311602 10.4147872925 4.26553583145
      vertex 0.166379719973 10.4985780716 4.23403644562
    endloop
  endfacet
  facet normal -0.0905797407031 0.662072300911 -0.74394595623
    outer loop
      vertex 0.158195987344 10.5612983704 4.16244125366
      vertex -0.0963423103094 10.4830322266 4.21556186676
      vertex 0.166379719973 10.4985780716 4.23403644562
    endloop
  endfacet
  facet normal -0.0905798450112 0.662072300911 -0.74394595623
    outer loop
      vertex 0.158195987344 10.5612983704 4.16244125366
      vertex 0.166379719973 10.4985780716 4.23403644562
      vertex 0.420917719603 10.5768442154 4.18091630936
    endloop
  endfacet
  facet normal -0.0868747755885 0.520750999451 -0.849276840687
    outer loop
      vertex 0.415667891502 10.6321325302 4.08987236023
      vertex 0.158195987344 10.5612983704 4.16244125366
      vertex 0.420917719603 10.5768442154 4.18091630936
    endloop
  endfacet
  facet normal -0.0868749842048 0.520750999451 -0.849276840687
    outer loop
      vertex 0.415667891502 10.6321325302 4.08987236023
      vertex 0.420917719603 10.5768442154 4.18091630936
      vertex 0.678389012814 10.6476793289 4.10834693909
    endloop
  endfacet
  facet normal -0.0818803235888 0.394057571888 -0.915431201458
    outer loop
      vertex 0.676232099533 10.6938562393 4.00062465668
      vertex 0.415667891502 10.6321325302 4.08987236023
      vertex 0.678389012814 10.6476793289 4.10834693909
    endloop
  endfacet
  facet normal 0.9761967659 0.0686468929052 -0.205736353993
    outer loop
      vertex 0.676232099533 10.6938562393 4.00062465668
      vertex 0.678389012814 10.6476793289 4.10834693909
      vertex 0.693835139275 10.6226902008 3.96358513832
    endloop
  endfacet
  facet normal 0.976196825504 0.0686476230621 -0.205735981464
    outer loop
      vertex 0.676232099533 10.6938562393 4.00062465668
      vertex 0.693835139275 10.6226902008 3.96358513832
      vertex 0.690281152725 10.6681909561 3.87776041031
    endloop
  endfacet
  facet normal 0.963212788105 0.055198803544 -0.26300984621
    outer loop
      vertex 0.676232099533 10.6938562393 4.00062465668
      vertex 0.690281152725 10.6681909561 3.87776041031
      vertex 0.673689901829 10.7286844254 3.87903833389
    endloop
  endfacet
  facet normal -0.0761079266667 0.276044219732 -0.95812690258
    outer loop
      vertex 0.673689901829 10.7286844254 3.87903833389
      vertex 0.413511008024 10.6783103943 3.98214960098
      vertex 0.676232099533 10.6938562393 4.00062465668
    endloop
  endfacet
  facet normal -0.0818803235888 0.394057571888 -0.915431201458
    outer loop
      vertex 0.413511008024 10.6783103943 3.98214960098
      vertex 0.415667891502 10.6321325302 4.08987236023
      vertex 0.676232099533 10.6938562393 4.00062465668
    endloop
  endfacet
  facet normal -0.0818801298738 0.394057571888 -0.915431201458
    outer loop
      vertex 0.413511008024 10.6783103943 3.98214960098
      vertex 0.152946159244 10.6165866852 4.07139730453
      vertex 0.415667891502 10.6321325302 4.08987236023
    endloop
  endfacet
  facet normal -0.0868747755885 0.520750999451 -0.849276840687
    outer loop
      vertex 0.152946159244 10.6165866852 4.07139730453
      vertex 0.158195987344 10.5612983704 4.16244125366
      vertex 0.415667891502 10.6321325302 4.08987236023
    endloop
  endfacet
  facet normal -0.0868727788329 0.520750999451 -0.849277019501
    outer loop
      vertex 0.152946159244 10.6165866852 4.07139730453
      vertex -0.104526050389 10.5457525253 4.1439666748
      vertex 0.158195987344 10.5612983704 4.16244125366
    endloop
  endfacet
  facet normal -0.0905781388283 0.66207575798 -0.743943095207
    outer loop
      vertex -0.104526050389 10.5457525253 4.1439666748
      vertex -0.0963423103094 10.4830322266 4.21556186676
      vertex 0.158195987344 10.5612983704 4.16244125366
    endloop
  endfacet
  facet normal -0.0905789583921 0.66207575798 -0.743942975998
    outer loop
      vertex -0.104526050389 10.5457525253 4.1439666748
      vertex -0.359064131975 10.4674863815 4.19708633423
      vertex -0.0963423103094 10.4830322266 4.21556186676
    endloop
  endfacet
  facet normal -0.0912345871329 0.810318112373 -0.578844428062
    outer loop
      vertex -0.359064131975 10.4674863815 4.19708633423
      vertex -0.348195403814 10.3992404938 4.24706077576
      vertex -0.0963423103094 10.4830322266 4.21556186676
    endloop
  endfacet
  facet normal -0.0912337377667 0.810318112373 -0.578844547272
    outer loop
      vertex -0.359064131975 10.4674863815 4.19708633423
      vertex -0.61091709137 10.3836956024 4.2285861969
      vertex -0.348195403814 10.3992404938 4.24706077576
    endloop
  endfacet
  facet normal -0.0858145579696 0.938202798367 -0.335278004408
    outer loop
      vertex -0.61091709137 10.3836956024 4.2285861969
      vertex -0.597693264484 10.3119974136 4.25541782379
      vertex -0.348195403814 10.3992404938 4.24706077576
    endloop
  endfacet
  facet normal -0.0858165547252 0.938202738762 -0.335277616978
    outer loop
      vertex -0.61091709137 10.3836956024 4.2285861969
      vertex -0.860417485237 10.2964506149 4.23694229126
      vertex -0.597693264484 10.3119974136 4.25541782379
    endloop
  endfacet
  facet normal -0.0715681836009 0.997135996819 -0.0244488790631
    outer loop
      vertex -0.860417485237 10.2964506149 4.23694229126
      vertex -0.845241189003 10.2234802246 4.23982048035
      vertex -0.597693264484 10.3119974136 4.25541782379
    endloop
  endfacet
  facet normal -0.976196885109 -0.0686471760273 0.20573580265
    outer loop
      vertex -0.845241189003 10.2234802246 4.23982048035
      vertex -0.860417485237 10.2964506149 4.23694229126
      vertex -0.843370854855 10.2609453201 4.10093927383
    endloop
  endfacet
  facet normal -0.976196885109 -0.0686472132802 0.20573566854
    outer loop
      vertex -0.860417485237 10.2964506149 4.23694229126
      vertex -0.860499382019 10.3285703659 4.14184427261
      vertex -0.843370854855 10.2609453201 4.10093927383
    endloop
  endfacet
  facet normal -0.976196944714 -0.0686474591494 0.20573553443
    outer loop
      vertex -0.843370854855 10.2609453201 4.10093927383
      vertex -0.860499382019 10.3285703659 4.14184427261
      vertex -0.855491757393 10.3390045166 4.03936338425
    endloop
  endfacet
  facet normal -0.976196587086 -0.0686489716172 0.205736666918
    outer loop
      vertex -0.855491757393 10.3390045166 4.03936338425
      vertex -0.842069149017 10.287405014 4.00313234329
      vertex -0.843370854855 10.2609453201 4.10093927383
    endloop
  endfacet
  facet normal -0.976197004318 -0.0686484798789 0.205734819174
    outer loop
      vertex -0.828693032265 10.2403526306 3.95393300056
      vertex -0.843370854855 10.2609453201 4.10093927383
      vertex -0.842069149017 10.287405014 4.00313234329
    endloop
  endfacet
  facet normal -0.976196825504 -0.0686471834779 0.205736115575
    outer loop
      vertex -0.828693032265 10.2403526306 3.95393300056
      vertex -0.842069149017 10.287405014 4.00313234329
      vertex -0.840973198414 10.3106479645 3.91788697243
    endloop
  endfacet
  facet normal -0.976196825504 -0.0686472132802 0.205736130476
    outer loop
      vertex -0.840973198414 10.3106479645 3.91788697243
      vertex -0.828005433083 10.2655115128 3.86875391006
      vertex -0.828693032265 10.2403526306 3.95393300056
    endloop
  endfacet
  facet normal -0.976196110249 -0.0686481297016 0.20573925972
    outer loop
      vertex -0.814345657825 10.217798233 3.81750488281
      vertex -0.828693032265 10.2403526306 3.95393300056
      vertex -0.828005433083 10.2655115128 3.86875391006
    endloop
  endfacet
  facet normal -0.976196229458 -0.0686490535736 0.205738306046
    outer loop
      vertex -0.814345657825 10.217798233 3.81750488281
      vertex -0.828005433083 10.2655115128 3.86875391006
      vertex -0.828592181206 10.2956619263 3.78673839569
    endloop
  endfacet
  facet normal -0.976196289062 -0.0686486437917 0.205738157034
    outer loop
      vertex -0.814345657825 10.217798233 3.81750488281
      vertex -0.828592181206 10.2956619263 3.78673839569
      vertex -0.812569320202 10.2466917038 3.70565342903
    endloop
  endfacet
  facet normal -0.976197183132 -0.0686476379633 0.205734208226
    outer loop
      vertex -0.814345657825 10.217798233 3.81750488281
      vertex -0.812569320202 10.2466917038 3.70565342903
      vertex -0.798150241375 10.1836929321 3.68941235542
    endloop
  endfacet
  facet normal -0.976197183132 -0.0686483234167 0.205734029412
    outer loop
      vertex -0.802074670792 10.2348451614 3.59191989899
      vertex -0.798150241375 10.1836929321 3.68941235542
      vertex -0.812569320202 10.2466917038 3.70565342903
    endloop
  endfacet
  facet normal -0.976195693016 -0.0686474218965 0.205741375685
    outer loop
      vertex -0.802074670792 10.2348451614 3.59191989899
      vertex -0.812569320202 10.2466917038 3.70565342903
      vertex -0.820119082928 10.3028392792 3.64473485947
    endloop
  endfacet
  facet normal -0.976196050644 -0.0686513707042 0.205738395452
    outer loop
      vertex -0.802074670792 10.2348451614 3.59191989899
      vertex -0.820119082928 10.3028392792 3.64473485947
      vertex -0.804968893528 10.2607517242 3.55543589592
    endloop
  endfacet
  facet normal -0.976195275784 -0.0686492547393 0.205742612481
    outer loop
      vertex -0.812881588936 10.2982950211 3.55543589592
      vertex -0.804968893528 10.2607517242 3.55543589592
      vertex -0.820119082928 10.3028392792 3.64473485947
    endloop
  endfacet
  facet normal -0.976196408272 -0.0686496123672 0.205737322569
    outer loop
      vertex -0.820119082928 10.3028392792 3.64473485947
      vertex -0.827529251575 10.3677968979 3.55543589592
      vertex -0.812881588936 10.2982950211 3.55543589592
    endloop
  endfacet
  facet normal 0 -1 0
    outer loop
      vertex -0.827529251575 10.3677968979 3.55543589592
      vertex -0.720506906509 10.3775520325 3.55543589592
      vertex -0.812881588936 10.2982950211 3.55543589592
    endloop
  endfacet
  facet normal 0 -1 0
    outer loop
      vertex -0.677047371864 10.2396411896 3.55543589592
      vertex -0.812881588936 10.2982950211 3.55543589592
      vertex -0.720506906509 10.3775520325 3.55543589592
    endloop
  endfacet
  facet normal 0 -1 -0
    outer loop
      vertex -0.677047371864 10.2396411896 3.55543589592
      vertex -0.720506906509 10.3775520325 3.55543589592
      vertex -0.482714116573 10.3088264465 3.55543589592
    endloop
  endfacet
  facet normal 0 -1 0
    outer loop
      vertex -0.446145683527 10.438574791 3.55543589592
      vertex -0.482714116573 10.3088264465 3.55543589592
      vertex -0.720506906509 10.3775520325 3.55543589592
    endloop
  endfacet
  facet normal 0 -1 0
    outer loop
      vertex -0.657918691635 10.5154132843 3.55543589592
      vertex -0.446145683527 10.438574791 3.55543589592
      vertex -0.720506906509 10.3775520325 3.55543589592
    endloop
  endfacet
  facet normal 0 -1 -0
    outer loop
      vertex -0.720506906509 10.3775520325 3.55543589592
      vertex -0.845265686512 10.4519538879 3.55543589592
      vertex -0.657918691635 10.5154132843 3.55543589592
    endloop
  endfacet
  facet normal 0 -1 0
    outer loop
      vertex -0.864130496979 10.5414648056 3.55543589592
      vertex -0.657918691635 10.5154132843 3.55543589592
      vertex -0.845265686512 10.4519538879 3.55543589592
    endloop
  endfacet
  facet normal 0 1 -0
    outer loop
      vertex -0.849357903004 10.4713716507 3.55543589592
      vertex -0.864130496979 10.5414648056 3.55543589592
      vertex -0.845265686512 10.4519538879 3.55543589592
    endloop
  endfacet
  facet normal -0.976197183132 -0.0686470344663 0.205734267831
    outer loop
      vertex -0.850085556507 10.4396047592 3.660987854
      vertex -0.849357903004 10.4713716507 3.55543589592
      vertex -0.845265686512 10.4519538879 3.55543589592
    endloop
  endfacet
  facet normal -0.976196408272 -0.0686474442482 0.205738037825
    outer loop
      vertex -0.845265686512 10.4519538879 3.55543589592
      vertex -0.831396579742 10.3861465454 3.55543589592
      vertex -0.850085556507 10.4396047592 3.660987854
    endloop
  endfacet
  facet normal -0.976195454597 -0.0686446204782 0.205743283033
    outer loop
      vertex -0.829549014568 10.3755979538 3.56078028679
      vertex -0.850085556507 10.4396047592 3.660987854
      vertex -0.831396579742 10.3861465454 3.55543589592
    endloop
  endfacet
  facet normal -0.976198673248 -0.0686259046197 0.205734372139
    outer loop
      vertex -0.829549014568 10.3755979538 3.56078028679
      vertex -0.831396579742 10.3861465454 3.55543589592
      vertex -0.829553306103 10.3774003983 3.55543589592
    endloop
  endfacet
  facet normal -0.976184725761 -0.068645991385 0.205793857574
    outer loop
      vertex -0.829549014568 10.3755979538 3.56078028679
      vertex -0.829553306103 10.3774003983 3.55543589592
      vertex -0.829046666622 10.374997139 3.55543589592
    endloop
  endfacet
  facet normal -0.976201593876 -0.0686569735408 0.205710217357
    outer loop
      vertex -0.829549014568 10.3755979538 3.56078028679
      vertex -0.829046666622 10.374997139 3.55543589592
      vertex -0.827529251575 10.3677968979 3.55543589592
    endloop
  endfacet
  facet normal -0.976200282574 -0.0686385184526 0.205722510815
    outer loop
      vertex -0.820119082928 10.3028392792 3.64473485947
      vertex -0.829549014568 10.3755979538 3.56078028679
      vertex -0.827529251575 10.3677968979 3.55543589592
    endloop
  endfacet
  facet normal -0.976197183132 -0.0686487480998 0.205733910203
    outer loop
      vertex -0.829549014568 10.3755979538 3.56078028679
      vertex -0.820119082928 10.3028392792 3.64473485947
      vertex -0.83904582262 10.3682661057 3.71779847145
    endloop
  endfacet
  facet normal -0.976196527481 -0.0686488524079 0.205736994743
    outer loop
      vertex -0.829549014568 10.3755979538 3.56078028679
      vertex -0.83904582262 10.3682661057 3.71779847145
      vertex -0.850085556507 10.4396047592 3.660987854
    endloop
  endfacet
  facet normal -0.97619664669 -0.0686483085155 0.205736577511
    outer loop
      vertex -0.860168516636 10.4360961914 3.81488513947
      vertex -0.850085556507 10.4396047592 3.660987854
      vertex -0.83904582262 10.3682661057 3.71779847145
    endloop
  endfacet
  facet normal -0.97619664669 -0.0686482489109 0.205736666918
    outer loop
      vertex -0.860168516636 10.4360961914 3.81488513947
      vertex -0.83904582262 10.3682661057 3.71779847145
      vertex -0.845526337624 10.3598003387 3.83532381058
    endloop
  endfacet
  facet normal -0.97619664669 -0.0686478018761 0.20573656261
    outer loop
      vertex -0.860168516636 10.4360961914 3.81488513947
      vertex -0.845526337624 10.3598003387 3.83532381058
      vertex -0.858830153942 10.3890399933 3.93687939644
    endloop
  endfacet
  facet normal -0.976196885109 -0.0686474889517 0.205735757947
    outer loop
      vertex -0.860168516636 10.4360961914 3.81488513947
      vertex -0.858830153942 10.3890399933 3.93687939644
      vertex -0.877424836159 10.4700031281 3.95865702629
    endloop
  endfacet
  facet normal -0.976196944714 -0.0686476156116 0.205735251307
    outer loop
      vertex -0.881497383118 10.5224313736 3.85944628716
      vertex -0.860168516636 10.4360961914 3.81488513947
      vertex -0.877424836159 10.4700031281 3.95865702629
    endloop
  endfacet
  facet normal -0.976196706295 -0.0686481446028 0.205736219883
    outer loop
      vertex -0.897943496704 10.5544023514 3.99749660492
      vertex -0.881497383118 10.5224313736 3.85944628716
      vertex -0.877424836159 10.4700031281 3.95865702629
    endloop
  endfacet
  facet normal -0.976196706295 -0.0686480626464 0.205736249685
    outer loop
      vertex -0.892693698406 10.4991140366 4.08854103088
      vertex -0.897943496704 10.5544023514 3.99749660492
      vertex -0.877424836159 10.4700031281 3.95865702629
    endloop
  endfacet
  facet normal -0.976196408272 -0.0686476975679 0.205737754703
    outer loop
      vertex -0.892693698406 10.4991140366 4.08854103088
      vertex -0.877424836159 10.4700031281 3.95865702629
      vertex -0.873119294643 10.4187068939 4.05116605759
    endloop
  endfacet
  facet normal -0.976196408272 -0.0686468482018 0.205738142133
    outer loop
      vertex -0.884509921074 10.4363946915 4.16013622284
      vertex -0.892693698406 10.4991140366 4.08854103088
      vertex -0.873119294643 10.4187068939 4.05116605759
    endloop
  endfacet
  facet normal -0.976197004318 -0.0686474144459 0.205735057592
    outer loop
      vertex -0.873119294643 10.4187068939 4.05116605759
      vertex -0.869486153126 10.3782224655 4.1208319664
      vertex -0.884509921074 10.4363946915 4.16013622284
    endloop
  endfacet
  facet normal -0.976197063923 -0.0686478689313 0.205734759569
    outer loop
      vertex -0.873641312122 10.3681488037 4.21011066437
      vertex -0.884509921074 10.4363946915 4.16013622284
      vertex -0.869486153126 10.3782224655 4.1208319664
    endloop
  endfacet
  facet normal -0.97619664669 -0.0686480477452 0.205736503005
    outer loop
      vertex -0.873641312122 10.3681488037 4.21011066437
      vertex -0.869486153126 10.3782224655 4.1208319664
      vertex -0.860499382019 10.3285703659 4.14184427261
    endloop
  endfacet
  facet normal -0.976196587086 -0.0686476901174 0.20573708415
    outer loop
      vertex -0.873641312122 10.3681488037 4.21011066437
      vertex -0.860499382019 10.3285703659 4.14184427261
      vertex -0.860417485237 10.2964506149 4.23694229126
    endloop
  endfacet
  facet normal -0.0858153998852 0.938203990459 -0.335274428129
    outer loop
      vertex -0.873641312122 10.3681488037 4.21011066437
      vertex -0.860417485237 10.2964506149 4.23694229126
      vertex -0.61091709137 10.3836956024 4.2285861969
    endloop
  endfacet
  facet normal -0.0912350714207 0.810315728188 -0.578847646713
    outer loop
      vertex -0.62178581953 10.4519405365 4.17861127853
      vertex -0.873641312122 10.3681488037 4.21011066437
      vertex -0.61091709137 10.3836956024 4.2285861969
    endloop
  endfacet
  facet normal -0.0912350565195 0.810315728188 -0.578847646713
    outer loop
      vertex -0.62178581953 10.4519405365 4.17861127853
      vertex -0.61091709137 10.3836956024 4.2285861969
      vertex -0.359064131975 10.4674863815 4.19708633423
    endloop
  endfacet
  facet normal -0.0905799269676 0.662075638771 -0.743942975998
    outer loop
      vertex -0.367247730494 10.5302066803 4.12549114227
      vertex -0.62178581953 10.4519405365 4.17861127853
      vertex -0.359064131975 10.4674863815 4.19708633423
    endloop
  endfacet
  facet normal -0.0905790030956 0.662075638771 -0.743943095207
    outer loop
      vertex -0.367247730494 10.5302066803 4.12549114227
      vertex -0.359064131975 10.4674863815 4.19708633423
      vertex -0.104526050389 10.5457525253 4.1439666748
    endloop
  endfacet
  facet normal -0.086873434484 0.520749747753 -0.849277734756
    outer loop
      vertex -0.109775841236 10.6010408401 4.05292224884
      vertex -0.367247730494 10.5302066803 4.12549114227
      vertex -0.104526050389 10.5457525253 4.1439666748
    endloop
  endfacet
  facet normal -0.0868733301759 0.520749747753 -0.849277734756
    outer loop
      vertex -0.109775841236 10.6010408401 4.05292224884
      vertex -0.104526050389 10.5457525253 4.1439666748
      vertex 0.152946159244 10.6165866852 4.07139730453
    endloop
  endfacet
  facet normal -0.0817340910435 0.390831112862 -0.916826367378
    outer loop
      vertex 0.148384273052 10.6627149582 3.9622335434
      vertex -0.109775841236 10.6010408401 4.05292224884
      vertex 0.152946159244 10.6165866852 4.07139730453
    endloop
  endfacet
  facet normal -0.0832805857062 0.390836030245 -0.91668510437
    outer loop
      vertex 0.148384273052 10.6627149582 3.9622335434
      vertex 0.152946159244 10.6165866852 4.07139730453
      vertex 0.413511008024 10.6783103943 3.98214960098
    endloop
  endfacet
  facet normal -0.077251508832 0.278827905655 -0.957228899002
    outer loop
      vertex 0.413449674845 10.7138442993 3.86014246941
      vertex 0.148384273052 10.6627149582 3.9622335434
      vertex 0.413511008024 10.6783103943 3.98214960098
    endloop
  endfacet
  facet normal -0.0748451352119 0.278878122568 -0.95740544796
    outer loop
      vertex 0.413449674845 10.7138442993 3.86014246941
      vertex 0.413511008024 10.6783103943 3.98214960098
      vertex 0.673689901829 10.7286844254 3.87903833389
    endloop
  endfacet
  facet normal -0.0743275135756 0.2696428895 -0.960087537766
    outer loop
      vertex 0.413449674845 10.7138442993 3.86014246941
      vertex 0.673689901829 10.7286844254 3.87903833389
      vertex 0.481030225754 10.7360830307 3.79958844185
    endloop
  endfacet
  facet normal 0.906630277634 0.0160642061383 -0.421620041132
    outer loop
      vertex 0.666644632816 10.7487163544 3.75089144707
      vertex 0.673689901829 10.7286844254 3.87903833389
      vertex 0.688676178455 10.6996879578 3.79427099228
    endloop
  endfacet
  facet normal 0.947729706764 -0.204756915569 -0.244710087776
    outer loop
      vertex 0.666644632816 10.7487163544 3.75089144707
      vertex 0.688676178455 10.6996879578 3.79427099228
      vertex 0.673528850079 10.6904830933 3.71315932274
    endloop
  endfacet
  facet normal 0.294959574938 -0.545857846737 -0.784243643284
    outer loop
      vertex 0.573094725609 10.7188138962 3.64801669121
      vertex 0.633553922176 10.7231750488 3.68695139885
      vertex 0.638711154461 10.689412117 3.64123034477
    endloop
  endfacet
  facet normal -0.0212856065482 -0.431490808725 -0.901866197586
    outer loop
      vertex 0.512323856354 10.7362699509 3.68749904633
      vertex 0.593849658966 10.746544838 3.70495295525
      vertex 0.573094725609 10.7188138962 3.64801669121
    endloop
  endfacet
  facet normal 0.00168136646971 0.257122904062 -0.966377258301
    outer loop
      vertex 0.666644632816 10.7487163544 3.75089144707
      vertex 0.543450415134 10.7516832352 3.74054861069
      vertex 0.481030225754 10.7360830307 3.79958844185
    endloop
  endfacet
  facet normal -0.0568808205426 0.164818271995 -0.984682440758
    outer loop
      vertex 0.413449674845 10.7138442993 3.86014246941
      vertex 0.410124331713 10.7351760864 3.73155283928
      vertex 0.281158417463 10.7188282013 3.78471112251
    endloop
  endfacet
  facet normal -0.0796420350671 0.273318439722 -0.958620965481
    outer loop
      vertex 0.148642808199 10.6982707977 3.8376019001
      vertex 0.148384273052 10.6627149582 3.9622335434
      vertex 0.413449674845 10.7138442993 3.86014246941
    endloop
  endfacet
  facet normal -0.0771746113896 0.294225275517 -0.952615141869
    outer loop
      vertex -0.11245816946 10.6470279694 3.94460320473
      vertex 0.148384273052 10.6627149582 3.9622335434
      vertex -0.0467732958496 10.670042038 3.88732171059
    endloop
  endfacet
  facet normal -0.0815685391426 0.391204178333 -0.916682004929
    outer loop
      vertex -0.11245816946 10.6470279694 3.94460320473
      vertex -0.109775841236 10.6010408401 4.05292224884
      vertex 0.148384273052 10.6627149582 3.9622335434
    endloop
  endfacet
  facet normal -0.0817524269223 0.391202151775 -0.916666448116
    outer loop
      vertex -0.11245816946 10.6470279694 3.94460320473
      vertex -0.372497588396 10.5854949951 4.03444719315
      vertex -0.109775841236 10.6010408401 4.05292224884
    endloop
  endfacet
  facet normal -0.0868746414781 0.520747005939 -0.849279284477
    outer loop
      vertex -0.372497588396 10.5854949951 4.03444719315
      vertex -0.367247730494 10.5302066803 4.12549114227
      vertex -0.109775841236 10.6010408401 4.05292224884
    endloop
  endfacet
  facet normal -0.0868746414781 0.520747005939 -0.849279284477
    outer loop
      vertex -0.372497588396 10.5854949951 4.03444719315
      vertex -0.629969477654 10.5146608353 4.10701608658
      vertex -0.367247730494 10.5302066803 4.12549114227
    endloop
  endfacet
  facet normal -0.0905799046159 0.662075698376 -0.743942916393
    outer loop
      vertex -0.629969477654 10.5146608353 4.10701608658
      vertex -0.62178581953 10.4519405365 4.17861127853
      vertex -0.367247730494 10.5302066803 4.12549114227
    endloop
  endfacet
  facet normal -0.0905781686306 0.662075698376 -0.743943154812
    outer loop
      vertex -0.629969477654 10.5146608353 4.10701608658
      vertex -0.884509921074 10.4363946915 4.16013622284
      vertex -0.62178581953 10.4519405365 4.17861127853
    endloop
  endfacet
  facet normal -0.0912337973714 0.810317993164 -0.578844666481
    outer loop
      vertex -0.884509921074 10.4363946915 4.16013622284
      vertex -0.873641312122 10.3681488037 4.21011066437
      vertex -0.62178581953 10.4519405365 4.17861127853
    endloop
  endfacet
  facet normal -0.0905797258019 0.662072360516 -0.743945896626
    outer loop
      vertex -0.892693698406 10.4991140366 4.08854103088
      vertex -0.884509921074 10.4363946915 4.16013622284
      vertex -0.629969477654 10.5146608353 4.10701608658
    endloop
  endfacet
  facet normal -0.0868744850159 0.520749747753 -0.849277615547
    outer loop
      vertex -0.635219216347 10.5699491501 4.01597166061
      vertex -0.892693698406 10.4991140366 4.08854103088
      vertex -0.629969477654 10.5146608353 4.10701608658
    endloop
  endfacet
  facet normal -0.086873434484 0.520749747753 -0.849277734756
    outer loop
      vertex -0.635219216347 10.5699491501 4.01597166061
      vertex -0.629969477654 10.5146608353 4.10701608658
      vertex -0.372497588396 10.5854949951 4.03444719315
    endloop
  endfacet
  facet normal -0.081878580153 0.394058525562 -0.915430903435
    outer loop
      vertex -0.374654471874 10.6316719055 3.92672491074
      vertex -0.635219216347 10.5699491501 4.01597166061
      vertex -0.372497588396 10.5854949951 4.03444719315
    endloop
  endfacet
  facet normal -0.0804928466678 0.394079566002 -0.915544748306
    outer loop
      vertex -0.374654471874 10.6316719055 3.92672491074
      vertex -0.372497588396 10.5854949951 4.03444719315
      vertex -0.11245816946 10.6470279694 3.94460320473
    endloop
  endfacet
  facet normal -0.0750143751502 0.277427852154 -0.957813441753
    outer loop
      vertex -0.116409182549 10.6821708679 3.82220768929
      vertex -0.374654471874 10.6316719055 3.92672491074
      vertex -0.11245816946 10.6470279694 3.94460320473
    endloop
  endfacet
  facet normal -0.0758655816317 0.2424146384 -0.967201948166
    outer loop
      vertex 0.148642808199 10.6982707977 3.8376019001
      vertex 0.0798535272479 10.6934890747 3.8351521492
      vertex 0.0164110120386 10.6819610596 3.86129236221
    endloop
  endfacet
  facet normal -0.094328597188 0.176478132606 -0.979774236679
    outer loop
      vertex 0.148642808199 10.6982707977 3.8376019001
      vertex 0.151721045375 10.7207965851 3.7141866684
      vertex 0.0984909310937 10.7067813873 3.76354813576
    endloop
  endfacet
  facet normal -0.079794600606 0.181069374084 -0.98022788763
    outer loop
      vertex 0.148642808199 10.6982707977 3.8376019001
      vertex 0.281158417463 10.7188282013 3.78471112251
      vertex 0.21655510366 10.7201070786 3.74932003021
    endloop
  endfacet
  facet normal -0.0448313057423 -0.0344305001199 -0.998401045799
    outer loop
      vertex 0.410124331713 10.7351760864 3.73155283928
      vertex 0.360206663609 10.7295722961 3.63405561447
      vertex 0.28494527936 10.7290840149 3.71788787842
    endloop
  endfacet
  facet normal -0.0133088221774 -0.178730890155 -0.983807981014
    outer loop
      vertex 0.512323856354 10.7362699509 3.68749904633
      vertex 0.446838706732 10.7306671143 3.66153335571
      vertex 0.47687292099 10.7445955276 3.73596715927
    endloop
  endfacet
  facet normal 0.201104789972 -0.543947279453 -0.81466448307
    outer loop
      vertex 0.442998290062 10.7200756073 3.62554860115
      vertex 0.478588730097 10.6920213699 3.59669065475
      vertex 0.421815752983 10.7146501541 3.60959100723
    endloop
  endfacet
  facet normal 0.0229870062321 -0.477768480778 -0.878184974194
    outer loop
      vertex 0.397129654884 10.7059984207 3.59250187874
      vertex 0.360206663609 10.7295722961 3.63405561447
      vertex 0.421815752983 10.7146501541 3.60959100723
    endloop
  endfacet
  facet normal -0.138292521238 -0.641498267651 -0.754556298256
    outer loop
      vertex 0.291658908129 10.7099132538 3.6148109436
      vertex 0.342301130295 10.7066545486 3.60006093979
      vertex 0.304013729095 10.6886997223 3.58719563484
    endloop
  endfacet
  facet normal 0.114969395101 -0.49070969224 -0.863704800606
    outer loop
      vertex 0.178350970149 10.709277153 3.61960434914
      vertex 0.223287418485 10.6876134872 3.59200167656
      vertex 0.149470001459 10.7000637054 3.59662103653
    endloop
  endfacet
  facet normal -0.24057161808 -0.334038317204 -0.91134172678
    outer loop
      vertex 0.100578062236 10.6836929321 3.58716797829
      vertex 0.10715264082 10.7058315277 3.64283466339
      vertex 0.149470001459 10.7000637054 3.59662103653
    endloop
  endfacet
  facet normal -0.23929707706 -0.334286153316 -0.911586344242
    outer loop
      vertex 0.10715264082 10.7058315277 3.64283466339
      vertex 0.100578062236 10.6836929321 3.58716797829
      vertex 0.0482216738164 10.6787538528 3.61118006706
    endloop
  endfacet
  facet normal -0.0924187973142 -0.409933209419 -0.907421350479
    outer loop
      vertex -0.0011223286856 10.6788883209 3.62274360657
      vertex -0.0540243908763 10.6698598862 3.61468529701
      vertex -0.0304449964315 10.6888618469 3.65143084526
    endloop
  endfacet
  facet normal 0.0430803149939 -0.434584349394 -0.899600207806
    outer loop
      vertex -0.0540243908763 10.6698598862 3.61468529701
      vertex -0.117073945701 10.6666221619 3.60173201561
      vertex -0.107413507998 10.6873598099 3.64561724663
    endloop
  endfacet
  facet normal 0.176788792014 -0.602014124393 -0.778668582439
    outer loop
      vertex -0.163133978844 10.6876945496 3.61546182632
      vertex -0.117073945701 10.6666221619 3.60173201561
      vertex -0.175504475832 10.6697626114 3.58863544464
    endloop
  endfacet
  facet normal 0.256714731455 -0.616124331951 -0.744639754295
    outer loop
      vertex -0.175504475832 10.6697626114 3.58863544464
      vertex -0.241629898548 10.7057933807 3.60462927818
      vertex -0.163133978844 10.6876945496 3.61546182632
    endloop
  endfacet
  facet normal -0.0725511386991 0.0733533501625 -0.994663596153
    outer loop
      vertex -0.363914459944 10.7004289627 3.55642032623
      vertex -0.36976698041 10.6912908554 3.6745455265
      vertex -0.241629898548 10.7057933807 3.60462927818
    endloop
  endfacet
  facet normal -0.0358296371996 0.0753160119057 -0.99651581049
    outer loop
      vertex -0.363914459944 10.7004289627 3.55642032623
      vertex -0.401937186718 10.6991357803 3.55543589592
      vertex -0.36976698041 10.6912908554 3.6745455265
    endloop
  endfacet
  facet normal -0.0642637088895 0.0828620940447 -0.994486808777
    outer loop
      vertex -0.632243216038 10.6758527756 3.65625762939
      vertex -0.36976698041 10.6912908554 3.6745455265
      vertex -0.401937186718 10.6991357803 3.55543589592
    endloop
  endfacet
  facet normal -0.0646216422319 0.0820545703173 -0.994530618191
    outer loop
      vertex -0.632243216038 10.6758527756 3.65625762939
      vertex -0.401937186718 10.6991357803 3.55543589592
      vertex -0.626978635788 10.684513092 3.55543589592
    endloop
  endfacet
  facet normal -0.0646184310317 0.0820547491312 -0.994530797005
    outer loop
      vertex -0.626978635788 10.684513092 3.55543589592
      vertex -0.706862509251 10.6793231964 3.55543589592
      vertex -0.632243216038 10.6758527756 3.65625762939
    endloop
  endfacet
  facet normal -0.0646198019385 0.0820557624102 -0.994530618191
    outer loop
      vertex -0.894967615604 10.6603069305 3.63778233528
      vertex -0.632243216038 10.6758527756 3.65625762939
      vertex -0.706862509251 10.6793231964 3.55543589592
    endloop
  endfacet
  facet normal -0.0646182820201 0.0820591896772 -0.994530439377
    outer loop
      vertex -0.894967615604 10.6603069305 3.63778233528
      vertex -0.706862509251 10.6793231964 3.55543589592
      vertex -0.890667557716 10.6673803329 3.55543589592
    endloop
  endfacet
  facet normal -0.976196706295 -0.0686496123672 0.20573566854
    outer loop
      vertex -0.890667557716 10.6673803329 3.55543589592
      vertex -0.880869626999 10.6208906174 3.55543589592
      vertex -0.894967615604 10.6603069305 3.63778233528
    endloop
  endfacet
  facet normal -0.976197361946 -0.0686514005065 0.205732151866
    outer loop
      vertex -0.878724217415 10.605132103 3.57215309143
      vertex -0.894967615604 10.6603069305 3.63778233528
      vertex -0.880869626999 10.6208906174 3.55543589592
    endloop
  endfacet
  facet normal -0.976196467876 -0.0686545222998 0.205735340714
    outer loop
      vertex -0.878724217415 10.605132103 3.57215309143
      vertex -0.880869626999 10.6208906174 3.55543589592
      vertex -0.877505242825 10.604927063 3.55543589592
    endloop
  endfacet
  facet normal -0.976196944714 -0.068654589355 0.205732911825
    outer loop
      vertex -0.878724217415 10.605132103 3.57215309143
      vertex -0.877505242825 10.604927063 3.55543589592
      vertex -0.872991681099 10.5835103989 3.55543589592
    endloop
  endfacet
  facet normal -0.976196229458 -0.0686460286379 0.205739334226
    outer loop
      vertex -0.873053967953 10.5530281067 3.64767932892
      vertex -0.878724217415 10.605132103 3.57215309143
      vertex -0.872991681099 10.5835103989 3.55543589592
    endloop
  endfacet
  facet normal -0.976196348667 -0.0686458051205 0.205738678575
    outer loop
      vertex -0.873053967953 10.5530281067 3.64767932892
      vertex -0.872991681099 10.5835103989 3.55543589592
      vertex -0.864130496979 10.5414648056 3.55543589592
    endloop
  endfacet
  facet normal -0.97619664669 -0.0686460137367 0.205737262964
    outer loop
      vertex -0.864130496979 10.5414648056 3.55543589592
      vertex -0.860131561756 10.5224905014 3.55543589592
      vertex -0.873053967953 10.5530281067 3.64767932892
    endloop
  endfacet
  facet normal -0.976197123528 -0.0686469450593 0.205734655261
    outer loop
      vertex -0.859250187874 10.4978237152 3.61682772636
      vertex -0.873053967953 10.5530281067 3.64767932892
      vertex -0.860131561756 10.5224905014 3.55543589592
    endloop
  endfacet
  facet normal -0.976196289062 -0.0686483755708 0.205738186836
    outer loop
      vertex -0.859250187874 10.4978237152 3.61682772636
      vertex -0.860131561756 10.5224905014 3.55543589592
      vertex -0.849357903004 10.4713716507 3.55543589592
    endloop
  endfacet
  facet normal -0.976196229458 -0.0686482787132 0.205738395452
    outer loop
      vertex -0.850085556507 10.4396047592 3.660987854
      vertex -0.859250187874 10.4978237152 3.61682772636
      vertex -0.849357903004 10.4713716507 3.55543589592
    endloop
  endfacet
  facet normal -0.976196587086 -0.0686468407512 0.205737367272
    outer loop
      vertex -0.859250187874 10.4978237152 3.61682772636
      vertex -0.850085556507 10.4396047592 3.660987854
      vertex -0.868230998516 10.5031995773 3.72842955589
    endloop
  endfacet
  facet normal -0.976197123528 -0.0686470195651 0.205734625459
    outer loop
      vertex -0.859250187874 10.4978237152 3.61682772636
      vertex -0.868230998516 10.5031995773 3.72842955589
      vertex -0.873053967953 10.5530281067 3.64767932892
    endloop
  endfacet
  facet normal -0.976196825504 -0.0686478614807 0.205735951662
    outer loop
      vertex -0.873053967953 10.5530281067 3.64767932892
      vertex -0.868230998516 10.5031995773 3.72842955589
      vertex -0.884750306606 10.5700788498 3.76290488243
    endloop
  endfacet
  facet normal -0.976195693016 -0.0686469525099 0.205741390586
    outer loop
      vertex -0.873053967953 10.5530281067 3.64767932892
      vertex -0.884750306606 10.5700788498 3.76290488243
      vertex -0.886166572571 10.6049499512 3.67853307724
    endloop
  endfacet
  facet normal -0.976195752621 -0.0686473250389 0.205741167068
    outer loop
      vertex -0.873053967953 10.5530281067 3.64767932892
      vertex -0.886166572571 10.6049499512 3.67853307724
      vertex -0.878724217415 10.605132103 3.57215309143
    endloop
  endfacet
  facet normal -0.97619664669 -0.0686473846436 0.205736741424
    outer loop
      vertex -0.894967615604 10.6603069305 3.63778233528
      vertex -0.878724217415 10.605132103 3.57215309143
      vertex -0.886166572571 10.6049499512 3.67853307724
    endloop
  endfacet
  facet normal -0.976196527481 -0.0686479434371 0.205737128854
    outer loop
      vertex -0.894967615604 10.6603069305 3.63778233528
      vertex -0.886166572571 10.6049499512 3.67853307724
      vertex -0.899098277092 10.6362428665 3.76864147186
    endloop
  endfacet
  facet normal -0.0706104263663 0.178253188729 -0.9814478755
    outer loop
      vertex -0.894967615604 10.6603069305 3.63778233528
      vertex -0.899098277092 10.6362428665 3.76864147186
      vertex -0.632243216038 10.6758527756 3.65625762939
    endloop
  endfacet
  facet normal -0.0706104263663 0.178253188729 -0.9814478755
    outer loop
      vertex -0.632243216038 10.6758527756 3.65625762939
      vertex -0.899098277092 10.6362428665 3.76864147186
      vertex -0.636373877525 10.6517887115 3.78711676598
    endloop
  endfacet
  facet normal -0.0701463520527 0.178273275495 -0.981477499008
    outer loop
      vertex -0.632243216038 10.6758527756 3.65625762939
      vertex -0.636373877525 10.6517887115 3.78711676598
      vertex -0.36976698041 10.6912908554 3.6745455265
    endloop
  endfacet
  facet normal -0.0696336179972 0.179426684976 -0.981303811073
    outer loop
      vertex -0.36976698041 10.6912908554 3.6745455265
      vertex -0.636373877525 10.6517887115 3.78711676598
      vertex -0.374181628227 10.6669635773 3.80587792397
    endloop
  endfacet
  facet normal -0.0762544199824 0.179123207927 -0.980867028236
    outer loop
      vertex -0.36976698041 10.6912908554 3.6745455265
      vertex -0.374181628227 10.6669635773 3.80587792397
      vertex -0.252142637968 10.6873016357 3.74646139145
    endloop
  endfacet
  facet normal 0.0279623679817 0.0478502884507 -0.99846303463
    outer loop
      vertex -0.148766040802 10.6937932968 3.71133160591
      vertex -0.187331870198 10.6979818344 3.6464676857
      vertex -0.242905244231 10.6977720261 3.68331122398
    endloop
  endfacet
  facet normal 0.126129344106 -0.222327902913 -0.966779053211
    outer loop
      vertex -0.107413507998 10.6873598099 3.64561724663
      vertex -0.163133978844 10.6876945496 3.61546182632
      vertex -0.187331870198 10.6979818344 3.6464676857
    endloop
  endfacet
  facet normal -0.105052240193 -0.0889646857977 -0.99047935009
    outer loop
      vertex 0.0750539824367 10.7082242966 3.70736932755
      vertex 0.10715264082 10.7058315277 3.64283466339
      vertex 0.0553214550018 10.7030239105 3.67277193069
    endloop
  endfacet
  facet normal -0.0562072992325 -0.0592820942402 -0.99665760994
    outer loop
      vertex 0.24216710031 10.7228145599 3.67318511009
      vertex 0.187306717038 10.7189817429 3.66076612473
      vertex 0.220404744148 10.7236013412 3.70704174042
    endloop
  endfacet
  facet normal -0.0466011762619 -0.000500352645759 -0.99891346693
    outer loop
      vertex 0.033764064312 10.7002124786 3.76725459099
      vertex 0.00745503325015 10.6989488602 3.69582915306
      vertex -0.0529071651399 10.6961545944 3.73824906349
    endloop
  endfacet
  facet normal -0.0261082798243 0.10683234036 -0.993934214115
    outer loop
      vertex -0.148766040802 10.6937932968 3.71133160591
      vertex -0.252142637968 10.6873016357 3.74646139145
      vertex -0.186029106379 10.6850786209 3.78330540657
    endloop
  endfacet
  facet normal -0.0741690844297 0.279287099838 -0.957338869572
    outer loop
      vertex -0.374181628227 10.6669635773 3.80587792397
      vertex -0.374654471874 10.6316719055 3.92672491074
      vertex -0.116409182549 10.6821708679 3.82220768929
    endloop
  endfacet
  facet normal -0.0762747526169 0.279234975576 -0.957188606262
    outer loop
      vertex -0.374181628227 10.6669635773 3.80587792397
      vertex -0.637376248837 10.6161260605 3.90824961662
      vertex -0.374654471874 10.6316719055 3.92672491074
    endloop
  endfacet
  facet normal -0.0818785652518 0.394058555365 -0.915430903435
    outer loop
      vertex -0.637376248837 10.6161260605 3.90824961662
      vertex -0.635219216347 10.5699491501 4.01597166061
      vertex -0.374654471874 10.6316719055 3.92672491074
    endloop
  endfacet
  facet normal -0.0818798318505 0.394058555365 -0.915430784225
    outer loop
      vertex -0.637376248837 10.6161260605 3.90824961662
      vertex -0.897943496704 10.5544023514 3.99749660492
      vertex -0.635219216347 10.5699491501 4.01597166061
    endloop
  endfacet
  facet normal -0.0868744850159 0.520749747753 -0.849277615547
    outer loop
      vertex -0.897943496704 10.5544023514 3.99749660492
      vertex -0.892693698406 10.4991140366 4.08854103088
      vertex -0.635219216347 10.5699491501 4.01597166061
    endloop
  endfacet
  facet normal -0.0818798318505 0.394058555365 -0.915430784225
    outer loop
      vertex -0.900100469589 10.6005802155 3.88977456093
      vertex -0.897943496704 10.5544023514 3.99749660492
      vertex -0.637376248837 10.6161260605 3.90824961662
    endloop
  endfacet
  facet normal -0.0763701125979 0.281015872955 -0.956659674644
    outer loop
      vertex -0.636373877525 10.6517887115 3.78711676598
      vertex -0.900100469589 10.6005802155 3.88977456093
      vertex -0.637376248837 10.6161260605 3.90824961662
    endloop
  endfacet
  facet normal -0.0754819884896 0.281041741371 -0.956722557545
    outer loop
      vertex -0.636373877525 10.6517887115 3.78711676598
      vertex -0.637376248837 10.6161260605 3.90824961662
      vertex -0.374181628227 10.6669635773 3.80587792397
    endloop
  endfacet
  facet normal -0.076370075345 0.281015962362 -0.95665961504
    outer loop
      vertex -0.899098277092 10.6362428665 3.76864147186
      vertex -0.900100469589 10.6005802155 3.88977456093
      vertex -0.636373877525 10.6517887115 3.78711676598
    endloop
  endfacet
  facet normal -0.976195812225 -0.0686481967568 0.205740481615
    outer loop
      vertex -0.900100469589 10.6005802155 3.88977456093
      vertex -0.899098277092 10.6362428665 3.76864147186
      vertex -0.884750306606 10.5700788498 3.76290488243
    endloop
  endfacet
  facet normal -0.976196229458 -0.0686487480998 0.205738395452
    outer loop
      vertex -0.900100469589 10.6005802155 3.88977456093
      vertex -0.884750306606 10.5700788498 3.76290488243
      vertex -0.881497383118 10.5224313736 3.85944628716
    endloop
  endfacet
  facet normal -0.976196229458 -0.0686474665999 0.205738887191
    outer loop
      vertex -0.900100469589 10.6005802155 3.88977456093
      vertex -0.881497383118 10.5224313736 3.85944628716
      vertex -0.897943496704 10.5544023514 3.99749660492
    endloop
  endfacet
  facet normal -0.9761967659 -0.0686475932598 0.205736085773
    outer loop
      vertex -0.884750306606 10.5700788498 3.76290488243
      vertex -0.868230998516 10.5031995773 3.72842955589
      vertex -0.881497383118 10.5224313736 3.85944628716
    endloop
  endfacet
  facet normal -0.976196944714 -0.0686477422714 0.205735176802
    outer loop
      vertex -0.860168516636 10.4360961914 3.81488513947
      vertex -0.881497383118 10.5224313736 3.85944628716
      vertex -0.868230998516 10.5031995773 3.72842955589
    endloop
  endfacet
  facet normal -0.9761967659 -0.068648301065 0.205735877156
    outer loop
      vertex -0.868230998516 10.5031995773 3.72842955589
      vertex -0.850085556507 10.4396047592 3.660987854
      vertex -0.860168516636 10.4360961914 3.81488513947
    endloop
  endfacet
  facet normal -0.97619587183 -0.0686466321349 0.205740630627
    outer loop
      vertex -0.899098277092 10.6362428665 3.76864147186
      vertex -0.886166572571 10.6049499512 3.67853307724
      vertex -0.884750306606 10.5700788498 3.76290488243
    endloop
  endfacet
  facet normal 0 -1 -0
    outer loop
      vertex -0.860131561756 10.5224905014 3.55543589592
      vertex -0.864130496979 10.5414648056 3.55543589592
      vertex -0.849357903004 10.4713716507 3.55543589592
    endloop
  endfacet
  facet normal 0 -1 0
    outer loop
      vertex -0.706862509251 10.6793231964 3.55543589592
      vertex -0.864130496979 10.5414648056 3.55543589592
      vertex -0.872991681099 10.5835103989 3.55543589592
    endloop
  endfacet
  facet normal 0 -1 0
    outer loop
      vertex -0.706862509251 10.6793231964 3.55543589592
      vertex -0.872991681099 10.5835103989 3.55543589592
      vertex -0.877505242825 10.604927063 3.55543589592
    endloop
  endfacet
  facet normal 0 -1 0
    outer loop
      vertex -0.880869626999 10.6208906174 3.55543589592
      vertex -0.706862509251 10.6793231964 3.55543589592
      vertex -0.877505242825 10.604927063 3.55543589592
    endloop
  endfacet
  facet normal 0 -1 -0
    outer loop
      vertex -0.880869626999 10.6208906174 3.55543589592
      vertex -0.890667557716 10.6673803329 3.55543589592
      vertex -0.706862509251 10.6793231964 3.55543589592
    endloop
  endfacet
  facet normal 0 -1 0
    outer loop
      vertex -0.706862509251 10.6793231964 3.55543589592
      vertex -0.626978635788 10.684513092 3.55543589592
      vertex -0.864130496979 10.5414648056 3.55543589592
    endloop
  endfacet
  facet normal 0 -1 0
    outer loop
      vertex -0.864130496979 10.5414648056 3.55543589592
      vertex -0.626978635788 10.684513092 3.55543589592
      vertex -0.657918691635 10.5154132843 3.55543589592
    endloop
  endfacet
  facet normal 1.29928662318e-06 -1 2.37728698949e-07
    outer loop
      vertex -0.626978635788 10.684513092 3.55543589592
      vertex -0.418731242418 10.5789041519 3.55543613434
      vertex -0.657918691635 10.5154132843 3.55543589592
    endloop
  endfacet
  facet normal 7.13901840754e-07 -1 -1.96756309379e-06
    outer loop
      vertex -0.657918691635 10.5154132843 3.55543589592
      vertex -0.418731242418 10.5789041519 3.55543613434
      vertex -0.446145683527 10.438574791 3.55543589592
    endloop
  endfacet
  facet normal 0.000473756983411 -0.999999880791 9.04446424101e-05
    outer loop
      vertex -0.179573684931 10.5108861923 3.55555558205
      vertex -0.446145683527 10.438574791 3.55543589592
      vertex -0.418731242418 10.5789041519 3.55543613434
    endloop
  endfacet
  facet normal 0.00591361150146 -0.999801278114 -0.0190369132906
    outer loop
      vertex -0.418731242418 10.5789041519 3.55543613434
      vertex -0.227104216814 10.6356420517 3.55765008926
      vertex -0.179573684931 10.5108861923 3.55555558205
    endloop
  endfacet
  facet normal 0.18651522696 -0.935133934021 -0.301225095987
    outer loop
      vertex -0.130941152573 10.5918159485 3.56271290779
      vertex -0.227104216814 10.6356420517 3.55765008926
      vertex -0.14244197309 10.6410017014 3.57626271248
    endloop
  endfacet
  facet normal 0.138824760914 -0.767641067505 -0.625663518906
    outer loop
      vertex -0.0725501775742 10.6317071915 3.58132648468
      vertex -0.14244197309 10.6410017014 3.57626271248
      vertex -0.117073945701 10.6666221619 3.60173201561
    endloop
  endfacet
  facet normal 0.207898870111 -0.788850605488 -0.578353524208
    outer loop
      vertex -0.175504475832 10.6697626114 3.58863544464
      vertex -0.117073945701 10.6666221619 3.60173201561
      vertex -0.14244197309 10.6410017014 3.57626271248
    endloop
  endfacet
  facet normal 0.127861976624 -0.776579737663 -0.616907775402
    outer loop
      vertex -0.0540243908763 10.6698598862 3.61468529701
      vertex -0.0725501775742 10.6317071915 3.58132648468
      vertex -0.117073945701 10.6666221619 3.60173201561
    endloop
  endfacet
  facet normal -0.0739406198263 -0.732696592808 -0.676526784897
    outer loop
      vertex -0.0725501775742 10.6317071915 3.58132648468
      vertex -0.0540243908763 10.6698598862 3.61468529701
      vertex -0.00355909601785 10.6536998749 3.59467148781
    endloop
  endfacet
  facet normal 0.0262365229428 -0.949194908142 -0.313593089581
    outer loop
      vertex 0.183512121439 10.6550741196 3.57134723663
      vertex 0.122491814196 10.638133049 3.56406378746
      vertex 0.154283329844 10.6789474487 3.57842683792
    endloop
  endfacet
  facet normal 0.0700485110283 -0.878731787205 -0.472147941589
    outer loop
      vertex 0.223287418485 10.6876134872 3.59200167656
      vertex 0.234384894371 10.643491745 3.56917929649
      vertex 0.183512121439 10.6550741196 3.57134723663
    endloop
  endfacet
  facet normal -0.0955131053925 -0.893751680851 -0.438275247812
    outer loop
      vertex 0.234384894371 10.643491745 3.56917929649
      vertex 0.223287418485 10.6876134872 3.59200167656
      vertex 0.276626199484 10.6643447876 3.57489132881
    endloop
  endfacet
  facet normal -0.0924524217844 -0.729398131371 -0.677813351154
    outer loop
      vertex 0.3565762043 10.6885919571 3.58146595955
      vertex 0.342301130295 10.7066545486 3.60006093979
      vertex 0.397129654884 10.7059984207 3.59250187874
    endloop
  endfacet
  facet normal -0.00347834872082 -0.922933995724 -0.384942561388
    outer loop
      vertex 0.331321686506 10.6620845795 3.57050561905
      vertex 0.3565762043 10.6885919571 3.58146595955
      vertex 0.35364857316 10.6261577606 3.55543684959
    endloop
  endfacet
  facet normal -0.00561489537358 -0.991954267025 -0.126472324133
    outer loop
      vertex 0.289255201817 10.6290588379 3.56312990189
      vertex 0.293793827295 10.5666399002 3.55514597893
      vertex 0.245813980699 10.6022348404 3.55995559692
    endloop
  endfacet
  facet normal 0.0822909101844 -0.990763783455 -0.107774369419
    outer loop
      vertex 0.122491814196 10.638133049 3.56406378746
      vertex 0.143575310707 10.5444526672 3.55562448502
      vertex 0.0566565208137 10.6006784439 3.55452132225
    endloop
  endfacet
  facet normal -0.0510009266436 -0.940141618252 -0.336946070194
    outer loop
      vertex -0.0765179023147 10.577960968 3.5622792244
      vertex -0.0725501775742 10.6317071915 3.58132648468
      vertex -0.00146967801265 10.6046676636 3.56777954102
    endloop
  endfacet
  facet normal 0.00423378683627 -0.999990403652 0.00112564815208
    outer loop
      vertex 0.143575310707 10.5444526672 3.55562448502
      vertex 0.0601588413119 10.4045963287 3.55542874336
      vertex 0.0466077849269 10.55509758 3.55520200729
    endloop
  endfacet
  facet normal -0.000565934344195 -0.99999833107 -0.00173711567186
    outer loop
      vertex 0.365601629019 10.438574791 3.5553150177
      vertex 0.0601588413119 10.4045963287 3.55542874336
      vertex 0.143575310707 10.5444526672 3.55562448502
    endloop
  endfacet
  facet normal -0.00413474766538 -0.999974966049 0.00574671477079
    outer loop
      vertex 0.365601629019 10.438574791 3.5553150177
      vertex 0.143575310707 10.5444526672 3.55562448502
      vertex 0.22242179513 10.5561008453 3.5552315712
    endloop
  endfacet
  facet normal 0.244225397706 -0.96944963932 -0.0228335428983
    outer loop
      vertex 0.531856477261 10.5107688904 3.57211375237
      vertex 0.560709953308 10.5866765976 3.58117032051
      vertex 0.593587219715 10.5414981842 3.58838891983
    endloop
  endfacet
  facet normal 0.292965292931 -0.954784810543 0.0505701042712
    outer loop
      vertex 0.648362398148 10.5227308273 3.60258102417
      vertex 0.630951464176 10.453701973 3.60089492798
      vertex 0.596259593964 10.4970378876 3.5879547596
    endloop
  endfacet
  facet normal 0.00662680016831 -0.998996913433 0.0442855991423
    outer loop
      vertex 0.48205268383 10.3200597763 3.56134128571
      vertex 0.365601629019 10.438574791 3.5553150177
      vertex 0.445751845837 10.4197731018 3.55668020248
    endloop
  endfacet
  facet normal -0.00131683656946 -0.99999910593 -0.000276207952993
    outer loop
      vertex 0.233497604728 10.3022594452 3.55545139313
      vertex 0.365601629019 10.438574791 3.5553150177
      vertex 0.352931767702 10.2839670181 3.55528903008
    endloop
  endfacet
  facet normal -0.000293048971798 -0.999999701977 0.000715951959137
    outer loop
      vertex 0.233497604728 10.3022594452 3.55545139313
      vertex 0.0601588413119 10.4045963287 3.55542874336
      vertex 0.365601629019 10.438574791 3.5553150177
    endloop
  endfacet
  facet normal 7.61255287216e-05 -1 9.0642934083e-05
    outer loop
      vertex 0.233497604728 10.3022594452 3.55545139313
      vertex 0.00883090309799 10.2799386978 3.55543613434
      vertex 0.0601588413119 10.4045963287 3.55542874336
    endloop
  endfacet
  facet normal -8.57675877342e-06 -1 5.57667081011e-05
    outer loop
      vertex -0.219078063965 10.3308963776 3.55543541908
      vertex 0.0601588413119 10.4045963287 3.55542874336
      vertex 0.00883090309799 10.2799386978 3.55543613434
    endloop
  endfacet
  facet normal -2.27849045586e-06 -1 2.75977727142e-05
    outer loop
      vertex -0.219078063965 10.3308963776 3.55543541908
      vertex 0.00883090309799 10.2799386978 3.55543613434
      vertex -0.113971307874 10.193652153 3.55543899536
    endloop
  endfacet
  facet normal 0.00293509429321 -0.999986827374 0.00420804927126
    outer loop
      vertex -0.113971307874 10.193652153 3.55543899536
      vertex 0.00883090309799 10.2799386978 3.55543613434
      vertex -0.0462836511433 10.1198692322 3.55594801903
    endloop
  endfacet
  facet normal 0.000713261659257 -0.999978601933 0.00650364672765
    outer loop
      vertex 0.124285370111 10.1602582932 3.55629706383
      vertex 0.00883090309799 10.2799386978 3.55543613434
      vertex 0.233497604728 10.3022594452 3.55545139313
    endloop
  endfacet
  facet normal 0.00145197508391 -0.999587237835 0.0286914817989
    outer loop
      vertex 0.246914535761 10.1724939346 3.55919551849
      vertex 0.233497604728 10.3022594452 3.55545139313
      vertex 0.304387569427 10.2383432388 3.5573887825
    endloop
  endfacet
  facet normal 0.0458404868841 -0.972323477268 0.229097604752
    outer loop
      vertex 0.124285370111 10.1602582932 3.55629706383
      vertex 0.246914535761 10.1724939346 3.55919551849
      vertex 0.199663713574 10.0902233124 3.57635235786
    endloop
  endfacet
  facet normal 0.0988609045744 -0.961275935173 0.257245242596
    outer loop
      vertex 0.282728672028 10.1096887589 3.57968568802
      vertex 0.199663713574 10.0902233124 3.57635235786
      vertex 0.246914535761 10.1724939346 3.55919551849
    endloop
  endfacet
  facet normal 0.100273959339 -0.919525980949 0.38002255559
    outer loop
      vertex 0.263011872768 10.0538492203 3.60061335564
      vertex 0.282728672028 10.1096887589 3.57968568802
      vertex 0.330081880093 10.0808525085 3.59676718712
    endloop
  endfacet
  facet normal 0.132385849953 -0.860913217068 0.491225421429
    outer loop
      vertex 0.263011872768 10.0538492203 3.60061335564
      vertex 0.278027236462 10.013007164 3.62622594833
      vertex 0.217937767506 10.0117940903 3.61767816544
    endloop
  endfacet
  facet normal 0.212728813291 -0.704835355282 0.67672264576
    outer loop
      vertex 0.157829940319 9.98537158966 3.62490487099
      vertex 0.217937767506 10.0117940903 3.61767816544
      vertex 0.210628658533 9.97556400299 3.65025734901
    endloop
  endfacet
  facet normal 0.13289770484 -0.636913478374 0.759394109249
    outer loop
      vertex 0.254528105259 9.99100208282 3.64101052284
      vertex 0.278304487467 9.97026252747 3.67069888115
      vertex 0.210628658533 9.97556400299 3.65025734901
    endloop
  endfacet
  facet normal 0.0502946972847 -0.622584402561 0.780934751034
    outer loop
      vertex 0.308297008276 9.98512840271 3.6544752121
      vertex 0.278304487467 9.97026252747 3.67069888115
      vertex 0.287862092257 9.99100971222 3.6454474926
    endloop
  endfacet
  facet normal 0.0966888070107 -0.569321215153 0.81640958786
    outer loop
      vertex 0.278304487467 9.97026252747 3.67069888115
      vertex 0.308297008276 9.98512840271 3.6544752121
      vertex 0.346795707941 9.98190784454 3.66563177109
    endloop
  endfacet
  facet normal 0.15544141829 -0.795475065708 0.58571100235
    outer loop
      vertex 0.446454256773 10.0343647003 3.63909125328
      vertex 0.418595522642 9.98991775513 3.66637372971
      vertex 0.373765617609 10.0152282715 3.6389772892
    endloop
  endfacet
  facet normal 0.248984664679 -0.871619522572 0.422239273787
    outer loop
      vertex 0.490930020809 9.99630069733 3.67023539543
      vertex 0.446454256773 10.0343647003 3.63909125328
      vertex 0.519166529179 10.0419092178 3.65620732307
    endloop
  endfacet
  facet normal 0.26221626997 -0.838122725487 0.478323042393
    outer loop
      vertex 0.575079917908 10.0457878113 3.67148685455
      vertex 0.552385210991 10.0108890533 3.68430328369
      vertex 0.519166529179 10.0419092178 3.65620732307
    endloop
  endfacet
  facet normal 0.538142502308 -0.773860216141 0.333980500698
    outer loop
      vertex 0.632706940174 10.033246994 3.7013335228
      vertex 0.648058891296 10.0683584213 3.69685578346
      vertex 0.660655736923 10.0309171677 3.72177457809
    endloop
  endfacet
  facet normal 0.494031667709 -0.567255139351 0.658903896809
    outer loop
      vertex 0.691165983677 10.0281190872 3.74397492409
      vertex 0.715360403061 10.0165061951 3.77853631973
      vertex 0.668285965919 10.0023365021 3.7539973259
    endloop
  endfacet
  facet normal 0.631736278534 -0.716372907162 0.296174108982
    outer loop
      vertex 0.71357524395 10.0496664047 3.75482845306
      vertex 0.691165983677 10.0281190872 3.74397492409
      vertex 0.68260794878 10.0537166595 3.7258450985
    endloop
  endfacet
  facet normal 0.622341096401 -0.710765659809 0.327877700329
    outer loop
      vertex 0.699080884457 10.077539444 3.72927951813
      vertex 0.71357524395 10.0496664047 3.75482845306
      vertex 0.68260794878 10.0537166595 3.7258450985
    endloop
  endfacet
  facet normal 0.610261678696 -0.725858271122 0.317349046469
    outer loop
      vertex 0.699080884457 10.077539444 3.72927951813
      vertex 0.68260794878 10.0537166595 3.7258450985
      vertex 0.677808403969 10.0717048645 3.71394538879
    endloop
  endfacet
  facet normal 0.610713303089 -0.739570498466 0.282957047224
    outer loop
      vertex 0.699080884457 10.077539444 3.72927951813
      vertex 0.677808403969 10.0717048645 3.71394538879
      vertex 0.678152561188 10.0895757675 3.70739245415
    endloop
  endfacet
  facet normal 0.617135643959 -0.738884449005 0.27054271102
    outer loop
      vertex 0.700148701668 10.1176567078 3.71548223495
      vertex 0.699080884457 10.077539444 3.72927951813
      vertex 0.678152561188 10.0895757675 3.70739245415
    endloop
  endfacet
  facet normal 0.594123601913 -0.766273319721 0.244626984
    outer loop
      vertex 0.700148701668 10.1176567078 3.71548223495
      vertex 0.678152561188 10.0895757675 3.70739245415
      vertex 0.661366760731 10.1154155731 3.68612861633
    endloop
  endfacet
  facet normal 0.576530873775 -0.734352469444 0.358243733644
    outer loop
      vertex 0.700148701668 10.1176567078 3.71548223495
      vertex 0.661366760731 10.1154155731 3.68612861633
      vertex 0.677420556545 10.145825386 3.68389701843
    endloop
  endfacet
  facet normal 0.635196745396 -0.715797424316 0.290102005005
    outer loop
      vertex 0.701657176018 10.1694221497 3.69584131241
      vertex 0.700148701668 10.1176567078 3.71548223495
      vertex 0.677420556545 10.145825386 3.68389701843
    endloop
  endfacet
  facet normal 0.566477179527 -0.805471122265 0.174125954509
    outer loop
      vertex 0.701657176018 10.1694221497 3.69584131241
      vertex 0.677420556545 10.145825386 3.68389701843
      vertex 0.673710763454 10.1641082764 3.67733573914
    endloop
  endfacet
  facet normal 0.566268265247 -0.806926369667 0.167958676815
    outer loop
      vertex 0.701657176018 10.1694221497 3.69584131241
      vertex 0.673710763454 10.1641082764 3.67733573914
      vertex 0.673417806625 10.1744680405 3.67497372627
    endloop
  endfacet
  facet normal 0.559810698032 -0.805037021637 0.196284040809
    outer loop
      vertex 0.673417806625 10.1744680405 3.67497372627
      vertex 0.676417350769 10.1973190308 3.67148804665
      vertex 0.701657176018 10.1694221497 3.69584131241
    endloop
  endfacet
  facet normal 0.583677053452 -0.794874250889 0.165819481015
    outer loop
      vertex 0.708169400692 10.2206382751 3.68993902206
      vertex 0.701657176018 10.1694221497 3.69584131241
      vertex 0.676417350769 10.1973190308 3.67148804665
    endloop
  endfacet
  facet normal 0.598988652229 -0.774694442749 0.202635392547
    outer loop
      vertex 0.708169400692 10.2206382751 3.68993902206
      vertex 0.676417350769 10.1973190308 3.67148804665
      vertex 0.677146911621 10.2388353348 3.66119265556
    endloop
  endfacet
  facet normal 0.588770925999 -0.776814043522 0.22340272367
    outer loop
      vertex 0.708169400692 10.2206382751 3.68993902206
      vertex 0.677146911621 10.2388353348 3.66119265556
      vertex 0.707599282265 10.2692604065 3.67552375793
    endloop
  endfacet
  facet normal 0.559245884418 -0.809574186802 0.17841988802
    outer loop
      vertex 0.660928010941 10.2892780304 3.63887190819
      vertex 0.707599282265 10.2692604065 3.67552375793
      vertex 0.677146911621 10.2388353348 3.66119265556
    endloop
  endfacet
  facet normal 0.267014175653 -0.963522315025 -0.0181162841618
    outer loop
      vertex 0.571249723434 10.3483791351 3.58360528946
      vertex 0.519874632359 10.4188137054 3.5706923008
      vertex 0.590324580669 10.4093675613 3.59003806114
    endloop
  endfacet
  facet normal 0.552443861961 -0.810281813145 0.195574060082
    outer loop
      vertex 0.704958856106 10.3182640076 3.66189551353
      vertex 0.707599282265 10.2692604065 3.67552375793
      vertex 0.660928010941 10.2892780304 3.63887190819
    endloop
  endfacet
  facet normal 0.567460656166 -0.789088368416 0.235219061375
    outer loop
      vertex 0.704958856106 10.3182640076 3.66189551353
      vertex 0.660928010941 10.2892780304 3.63887190819
      vertex 0.679415225983 10.3319311142 3.63945221901
    endloop
  endfacet
  facet normal 0.590799927711 -0.785251796246 0.185297265649
    outer loop
      vertex 0.704958856106 10.3182640076 3.66189551353
      vertex 0.679415225983 10.3319311142 3.63945221901
      vertex 0.694896638393 10.3519420624 3.64637804031
    endloop
  endfacet
  facet normal 0.661432683468 -0.736491918564 0.14172694087
    outer loop
      vertex 0.733563065529 10.3669786453 3.67821025848
      vertex 0.704958856106 10.3182640076 3.66189551353
      vertex 0.694896638393 10.3519420624 3.64637804031
    endloop
  endfacet
  facet normal 0.671770751476 -0.695280849934 0.255555331707
    outer loop
      vertex 0.733563065529 10.3669786453 3.67821025848
      vertex 0.694896638393 10.3519420624 3.64637804031
      vertex 0.699205040932 10.3742408752 3.64234471321
    endloop
  endfacet
  facet normal 0.641149103642 -0.684469223022 0.347029864788
    outer loop
      vertex 0.699205040932 10.3742408752 3.64234471321
      vertex 0.710715353489 10.4096336365 3.63518238068
      vertex 0.733563065529 10.3669786453 3.67821025848
    endloop
  endfacet
  facet normal 0.903893470764 -0.424018293619 -0.0564367137849
    outer loop
      vertex 0.733563065529 10.3669786453 3.67821025848
      vertex 0.710715353489 10.4096336365 3.63518238068
      vertex 0.735934436321 10.4292230606 3.69155025482
    endloop
  endfacet
  facet normal 0.458268851042 -0.883348166943 -0.0984160155058
    outer loop
      vertex 0.712034404278 10.4800491333 3.64371180534
      vertex 0.710715353489 10.4096336365 3.63518238068
      vertex 0.676817834377 10.4388875961 3.6208562851
    endloop
  endfacet
  facet normal 0.594149887562 -0.80187702179 0.0630805045366
    outer loop
      vertex 0.712034404278 10.4800491333 3.64371180534
      vertex 0.676817834377 10.4388875961 3.6208562851
      vertex 0.672904253006 10.4819545746 3.61456847191
    endloop
  endfacet
  facet normal 0.552054047585 -0.76318770647 0.335828542709
    outer loop
      vertex 0.672904253006 10.4819545746 3.61456847191
      vertex 0.691815197468 10.5149021149 3.61374950409
      vertex 0.712034404278 10.4800491333 3.64371180534
    endloop
  endfacet
  facet normal 0.349934697151 -0.801061093807 0.485640645027
    outer loop
      vertex 0.731769502163 10.5512828827 3.60914731026
      vertex 0.712034404278 10.4800491333 3.64371180534
      vertex 0.691815197468 10.5149021149 3.61374950409
    endloop
  endfacet
  facet normal 0.0856003835797 -0.972406983376 0.217018991709
    outer loop
      vertex 0.731769502163 10.5512828827 3.60914731026
      vertex 0.691815197468 10.5149021149 3.61374950409
      vertex 0.68860065937 10.5383214951 3.60823988914
    endloop
  endfacet
  facet normal -0.0525059513748 -0.968681156635 -0.242693081498
    outer loop
      vertex 0.731769502163 10.5512828827 3.60914731026
      vertex 0.68860065937 10.5383214951 3.60823988914
      vertex 0.678044140339 10.5639600754 3.61523532867
    endloop
  endfacet
  facet normal 0.0636235103011 -0.767278909683 -0.638149738312
    outer loop
      vertex 0.688502371311 10.615942955 3.65933728218
      vertex 0.731769502163 10.5512828827 3.60914731026
      vertex 0.678044140339 10.5639600754 3.61523532867
    endloop
  endfacet
  facet normal 0.437278091908 -0.727265715599 -0.529029667377
    outer loop
      vertex 0.688502371311 10.615942955 3.65933728218
      vertex 0.678044140339 10.5639600754 3.61523532867
      vertex 0.628539979458 10.5909833908 3.60512804985
    endloop
  endfacet
  facet normal 0.68031668663 -0.731494724751 0.0456587225199
    outer loop
      vertex 0.628539979458 10.5909833908 3.60512804985
      vertex 0.638831675053 10.6534633636 3.61079978943
      vertex 0.688502371311 10.615942955 3.65933728218
    endloop
  endfacet
  facet normal 0.776851177216 -0.479321181774 -0.408354610205
    outer loop
      vertex 0.638711154461 10.689412117 3.64123034477
      vertex 0.688502371311 10.615942955 3.65933728218
      vertex 0.638831675053 10.6534633636 3.61079978943
    endloop
  endfacet
  facet normal 0.849697709084 -0.401031941175 -0.342326194048
    outer loop
      vertex 0.638711154461 10.689412117 3.64123034477
      vertex 0.638831675053 10.6534633636 3.61079978943
      vertex 0.620385706425 10.6872844696 3.60058712959
    endloop
  endfacet
  facet normal 0.384963661432 -0.220478653908 -0.896209895611
    outer loop
      vertex 0.638711154461 10.689412117 3.64123034477
      vertex 0.620385706425 10.6872844696 3.60058712959
      vertex 0.598808348179 10.7005224228 3.61672306061
    endloop
  endfacet
  facet normal 0.381157666445 -0.212694317102 -0.899711072445
    outer loop
      vertex 0.573094725609 10.7188138962 3.64801669121
      vertex 0.638711154461 10.689412117 3.64123034477
      vertex 0.598808348179 10.7005224228 3.61672306061
    endloop
  endfacet
  facet normal 0.15402790904 -0.4012131989 -0.902941524982
    outer loop
      vertex 0.573094725609 10.7188138962 3.64801669121
      vertex 0.598808348179 10.7005224228 3.61672306061
      vertex 0.563203632832 10.7033863068 3.60949969292
    endloop
  endfacet
  facet normal -0.0857416912913 -0.546376526356 -0.833139240742
    outer loop
      vertex 0.478588730097 10.6920213699 3.59669065475
      vertex 0.531059265137 10.710100174 3.61602330208
      vertex 0.531768083572 10.7003545761 3.60105252266
    endloop
  endfacet
  facet normal 0.168741986156 -0.822762787342 -0.542759180069
    outer loop
      vertex 0.531768083572 10.7003545761 3.60105252266
      vertex 0.563203632832 10.7033863068 3.60949969292
      vertex 0.546482741833 10.6827478409 3.59245538712
    endloop
  endfacet
  facet normal 0.190572217107 -0.646421909332 -0.738796949387
    outer loop
      vertex 0.598808348179 10.7005224228 3.61672306061
      vertex 0.58533680439 10.6883125305 3.5987970829
      vertex 0.563203632832 10.7033863068 3.60949969292
    endloop
  endfacet
  facet normal 0.0574934370816 -0.950765311718 -0.304532140493
    outer loop
      vertex 0.58533680439 10.6883125305 3.5987970829
      vertex 0.620385706425 10.6872844696 3.60058712959
      vertex 0.588101923466 10.652466774 3.58748245239
    endloop
  endfacet
  facet normal 0.417371302843 -0.908632278442 -0.0137334102765
    outer loop
      vertex 0.638831675053 10.6534633636 3.61079978943
      vertex 0.628539979458 10.5909833908 3.60512804985
      vertex 0.588101923466 10.652466774 3.58748245239
    endloop
  endfacet
  facet normal 0.165486469865 -0.985877454281 -0.0256878975779
    outer loop
      vertex 0.588101923466 10.652466774 3.58748245239
      vertex 0.560709953308 10.5866765976 3.58117032051
      vertex 0.523216307163 10.6416807175 3.57630991936
    endloop
  endfacet
  facet normal 0.273488402367 -0.961307227612 -0.0330534949899
    outer loop
      vertex 0.497664213181 10.5832710266 3.56487894058
      vertex 0.531856477261 10.5107688904 3.57211375237
      vertex 0.468104481697 10.5348463058 3.5548043251
    endloop
  endfacet
  facet normal 0.256252497435 -0.960300922394 -0.110257863998
    outer loop
      vertex 0.678044140339 10.5639600754 3.61523532867
      vertex 0.648362398148 10.5227308273 3.60258102417
      vertex 0.628539979458 10.5909833908 3.60512804985
    endloop
  endfacet
  facet normal 0.0289358440787 -0.961238265038 -0.274196386337
    outer loop
      vertex 0.678044140339 10.5639600754 3.61523532867
      vertex 0.68860065937 10.5383214951 3.60823988914
      vertex 0.648362398148 10.5227308273 3.60258102417
    endloop
  endfacet
  facet normal 0.210753664374 -0.957614481449 0.196360468864
    outer loop
      vertex 0.68860065937 10.5383214951 3.60823988914
      vertex 0.691815197468 10.5149021149 3.61374950409
      vertex 0.648362398148 10.5227308273 3.60258102417
    endloop
  endfacet
  facet normal 0.220566257834 -0.963682889938 0.15055167675
    outer loop
      vertex 0.691815197468 10.5149021149 3.61374950409
      vertex 0.672904253006 10.4819545746 3.61456847191
      vertex 0.648362398148 10.5227308273 3.60258102417
    endloop
  endfacet
  facet normal 0.348577231169 -0.935017943382 0.0650798454881
    outer loop
      vertex 0.648362398148 10.5227308273 3.60258102417
      vertex 0.672904253006 10.4819545746 3.61456847191
      vertex 0.630951464176 10.453701973 3.60089492798
    endloop
  endfacet
  facet normal 0.37626516819 -0.923144042492 0.0789275616407
    outer loop
      vertex 0.676817834377 10.4388875961 3.6208562851
      vertex 0.653854846954 10.3700046539 3.61738610268
      vertex 0.630951464176 10.453701973 3.60089492798
    endloop
  endfacet
  facet normal 0.339618861675 -0.938248157501 0.0659502074122
    outer loop
      vertex 0.676817834377 10.4388875961 3.6208562851
      vertex 0.710715353489 10.4096336365 3.63518238068
      vertex 0.653854846954 10.3700046539 3.61738610268
    endloop
  endfacet
  facet normal 0.479460984468 -0.816669285297 0.321198433638
    outer loop
      vertex 0.710715353489 10.4096336365 3.63518238068
      vertex 0.699205040932 10.3742408752 3.64234471321
      vertex 0.653854846954 10.3700046539 3.61738610268
    endloop
  endfacet
  facet normal 0.484900951385 -0.83939999342 0.245517343283
    outer loop
      vertex 0.694896638393 10.3519420624 3.64637804031
      vertex 0.653854846954 10.3700046539 3.61738610268
      vertex 0.699205040932 10.3742408752 3.64234471321
    endloop
  endfacet
  facet normal 0.535190284252 -0.835446298122 0.124903142452
    outer loop
      vertex 0.694896638393 10.3519420624 3.64637804031
      vertex 0.679415225983 10.3319311142 3.63945221901
      vertex 0.653854846954 10.3700046539 3.61738610268
    endloop
  endfacet
  facet normal 0.4644716084 -0.865065515041 0.189546182752
    outer loop
      vertex 0.679415225983 10.3319311142 3.63945221901
      vertex 0.660928010941 10.2892780304 3.63887190819
      vertex 0.653854846954 10.3700046539 3.61738610268
    endloop
  endfacet
  facet normal 0.456644535065 -0.868851602077 0.19123968482
    outer loop
      vertex 0.653854846954 10.3700046539 3.61738610268
      vertex 0.660928010941 10.2892780304 3.63887190819
      vertex 0.611208319664 10.3038291931 3.60953783989
    endloop
  endfacet
  facet normal 0.330291777849 -0.935661792755 0.124275267124
    outer loop
      vertex 0.48205268383 10.3200597763 3.56134128571
      vertex 0.53039419651 10.247341156 3.58806443214
      vertex 0.472061902285 10.2274055481 3.57012081146
    endloop
  endfacet
  facet normal 0.461198419333 -0.859828174114 0.219069644809
    outer loop
      vertex 0.651684045792 10.2436971664 3.64305448532
      vertex 0.629772365093 10.221909523 3.63685274124
      vertex 0.632765710354 10.2556390762 3.62986469269
    endloop
  endfacet
  facet normal 0.540518641472 -0.814890861511 0.209266394377
    outer loop
      vertex 0.651684045792 10.2436971664 3.64305448532
      vertex 0.677146911621 10.2388353348 3.66119265556
      vertex 0.655485749245 10.2137260437 3.6532728672
    endloop
  endfacet
  facet normal 0.514115035534 -0.819334030151 0.253727257252
    outer loop
      vertex 0.676417350769 10.1973190308 3.67148804665
      vertex 0.640300095081 10.1677360535 3.65798640251
      vertex 0.655485749245 10.2137260437 3.6532728672
    endloop
  endfacet
  facet normal 0.478627890348 -0.856437563896 0.193468421698
    outer loop
      vertex 0.673417806625 10.1744680405 3.67497372627
      vertex 0.640300095081 10.1677360535 3.65798640251
      vertex 0.676417350769 10.1973190308 3.67148804665
    endloop
  endfacet
  facet normal 0.477845460176 -0.859298527241 0.182400077581
    outer loop
      vertex 0.673710763454 10.1641082764 3.67733573914
      vertex 0.640300095081 10.1677360535 3.65798640251
      vertex 0.673417806625 10.1744680405 3.67497372627
    endloop
  endfacet
  facet normal 0.472585916519 -0.855610489845 0.211171090603
    outer loop
      vertex 0.677420556545 10.145825386 3.68389701843
      vertex 0.640300095081 10.1677360535 3.65798640251
      vertex 0.673710763454 10.1641082764 3.67733573914
    endloop
  endfacet
  facet normal 0.427611172199 -0.856654882431 0.288601964712
    outer loop
      vertex 0.640300095081 10.1677360535 3.65798640251
      vertex 0.677420556545 10.145825386 3.68389701843
      vertex 0.661366760731 10.1154155731 3.68612861633
    endloop
  endfacet
  facet normal 0.461828798056 -0.845286548138 0.268709540367
    outer loop
      vertex 0.640300095081 10.1677360535 3.65798640251
      vertex 0.661366760731 10.1154155731 3.68612861633
      vertex 0.617203235626 10.1072816849 3.66458511353
    endloop
  endfacet
  facet normal 0.273815244436 -0.884455740452 0.377840191126
    outer loop
      vertex 0.513652324677 10.1064929962 3.62407612801
      vertex 0.532681882381 10.1454324722 3.61333227158
      vertex 0.556548655033 10.0898370743 3.64447188377
    endloop
  endfacet
  facet normal 0.248967736959 -0.871112048626 0.423295199871
    outer loop
      vertex 0.491411238909 10.0774393082 3.63100886345
      vertex 0.446454256773 10.0343647003 3.63909125328
      vertex 0.43849503994 10.0792236328 3.61501836777
    endloop
  endfacet
  facet normal 0.14214463532 -0.713649094105 0.685929954052
    outer loop
      vertex 0.319996595383 10.0024909973 3.64051055908
      vertex 0.373765617609 10.0152282715 3.6389772892
      vertex 0.346795707941 9.98190784454 3.66563177109
    endloop
  endfacet
  facet normal 0.08190792799 -0.613997280598 0.785046756268
    outer loop
      vertex 0.254528105259 9.99100208282 3.64101052284
      vertex 0.287862092257 9.99100971222 3.6454474926
      vertex 0.278304487467 9.97026252747 3.67069888115
    endloop
  endfacet
  facet normal 0.259295910597 -0.871756911278 0.415698885918
    outer loop
      vertex 0.491411238909 10.0774393082 3.63100886345
      vertex 0.556548655033 10.0898370743 3.64447188377
      vertex 0.519166529179 10.0419092178 3.65620732307
    endloop
  endfacet
  facet normal 0.381741881371 -0.86205548048 0.33336687088
    outer loop
      vertex 0.602520942688 10.0712146759 3.67203092575
      vertex 0.556548655033 10.0898370743 3.64447188377
      vertex 0.617203235626 10.1072816849 3.66458511353
    endloop
  endfacet
  facet normal 0.441043317318 -0.844111919403 0.304886549711
    outer loop
      vertex 0.602520942688 10.0712146759 3.67203092575
      vertex 0.648058891296 10.0683584213 3.69685578346
      vertex 0.61274009943 10.0470714569 3.68609070778
    endloop
  endfacet
  facet normal 0.508600592613 -0.797087192535 0.325541824102
    outer loop
      vertex 0.661366760731 10.1154155731 3.68612861633
      vertex 0.678152561188 10.0895757675 3.70739245415
      vertex 0.648058891296 10.0683584213 3.69685578346
    endloop
  endfacet
  facet normal 0.499816983938 -0.810027241707 0.306657552719
    outer loop
      vertex 0.678152561188 10.0895757675 3.70739245415
      vertex 0.677808403969 10.0717048645 3.71394538879
      vertex 0.648058891296 10.0683584213 3.69685578346
    endloop
  endfacet
  facet normal 0.491864532232 -0.780788302422 0.385277718306
    outer loop
      vertex 0.677808403969 10.0717048645 3.71394538879
      vertex 0.68260794878 10.0537166595 3.7258450985
      vertex 0.648058891296 10.0683584213 3.69685578346
    endloop
  endfacet
  facet normal 0.51012969017 -0.785229980946 0.350972265005
    outer loop
      vertex 0.648058891296 10.0683584213 3.69685578346
      vertex 0.68260794878 10.0537166595 3.7258450985
      vertex 0.660655736923 10.0309171677 3.72177457809
    endloop
  endfacet
  facet normal 0.377012848854 -0.895567715168 0.236262023449
    outer loop
      vertex 0.511712551117 10.1957855225 3.59122109413
      vertex 0.559487938881 10.2014389038 3.60984182358
      vertex 0.532681882381 10.1454324722 3.61333227158
    endloop
  endfacet
  facet normal 0.173709586263 -0.962604403496 0.207888796926
    outer loop
      vertex 0.325573652983 10.1594362259 3.57208776474
      vertex 0.392930984497 10.1216001511 3.5924141407
      vertex 0.332666248083 10.1153154373 3.5828962326
    endloop
  endfacet
  facet normal 0.185411900282 -0.982387900352 0.0231613218784
    outer loop
      vertex 0.442783683538 10.4682369232 3.55497741699
      vertex 0.519874632359 10.4188137054 3.5706923008
      vertex 0.445751845837 10.4197731018 3.55668020248
    endloop
  endfacet
  facet normal 0.0285663437098 -0.997471928596 -0.0650665983558
    outer loop
      vertex 0.48205268383 10.3200597763 3.56134128571
      vertex 0.448992878199 10.2563381195 3.5562376976
      vertex 0.352931767702 10.2839670181 3.55528903008
    endloop
  endfacet
  facet normal 0.72041362524 -0.357573717833 -0.594260275364
    outer loop
      vertex 0.673528850079 10.6904830933 3.71315932274
      vertex 0.638711154461 10.689412117 3.64123034477
      vertex 0.633553922176 10.7231750488 3.68695139885
    endloop
  endfacet
  facet normal 0.802712142467 -0.395211279392 -0.446610897779
    outer loop
      vertex 0.638711154461 10.689412117 3.64123034477
      vertex 0.673528850079 10.6904830933 3.71315932274
      vertex 0.688502371311 10.615942955 3.65933728218
    endloop
  endfacet
  facet normal 0.922050178051 -0.201329261065 -0.330590337515
    outer loop
      vertex 0.673528850079 10.6904830933 3.71315932274
      vertex 0.700823247433 10.6495838165 3.77100396156
      vertex 0.688502371311 10.615942955 3.65933728218
    endloop
  endfacet
  facet normal 0.948614001274 -0.182536289096 -0.258480042219
    outer loop
      vertex 0.688502371311 10.615942955 3.65933728218
      vertex 0.700823247433 10.6495838165 3.77100396156
      vertex 0.715959668159 10.5845251083 3.75753903389
    endloop
  endfacet
  facet normal 0.865447342396 0.119155727327 -0.48662391305
    outer loop
      vertex 0.731769502163 10.5512828827 3.60914731026
      vertex 0.688502371311 10.615942955 3.65933728218
      vertex 0.731595575809 10.533829689 3.68169140816
    endloop
  endfacet
  facet normal 0.97561943531 0.0600264109671 -0.211100772023
    outer loop
      vertex 0.715959668159 10.5845251083 3.75753903389
      vertex 0.73200148344 10.5111093521 3.75499558449
      vertex 0.731595575809 10.533829689 3.68169140816
    endloop
  endfacet
  facet normal 0.952228963375 -0.0692764818668 0.297423601151
    outer loop
      vertex 0.731769502163 10.5512828827 3.60914731026
      vertex 0.731595575809 10.533829689 3.68169140816
      vertex 0.712034404278 10.4800491333 3.64371180534
    endloop
  endfacet
  facet normal 0.989249050617 -0.144935250282 -0.0194955598563
    outer loop
      vertex 0.735775828362 10.4808664322 3.69741415977
      vertex 0.745666503906 10.4442586899 3.75999808311
      vertex 0.735934436321 10.4292230606 3.69155025482
    endloop
  endfacet
  facet normal 0.907884538174 -0.417870789766 -0.0336101464927
    outer loop
      vertex 0.712034404278 10.4800491333 3.64371180534
      vertex 0.735934436321 10.4292230606 3.69155025482
      vertex 0.710715353489 10.4096336365 3.63518238068
    endloop
  endfacet
  facet normal 0.977647542953 0.0644246414304 -0.20013692975
    outer loop
      vertex 0.745666503906 10.4442586899 3.75999808311
      vertex 0.749608755112 10.3986244202 3.84193682671
      vertex 0.756758213043 10.3895664215 3.7615840435
    endloop
  endfacet
  facet normal 0.990738391876 -0.0236816275865 -0.133703604341
    outer loop
      vertex 0.756758213043 10.3895664215 3.7615840435
      vertex 0.76593208313 10.3297147751 3.80746746063
      vertex 0.76221126318 10.3459892273 3.74368453026
    endloop
  endfacet
  facet normal 0.977833867073 0.0654505565763 -0.198889747262
    outer loop
      vertex 0.76593208313 10.3297147751 3.80746746063
      vertex 0.749608755112 10.3986244202 3.84193682671
      vertex 0.752411782742 10.3491153717 3.95050883293
    endloop
  endfacet
  facet normal 0.975848197937 0.0639061629772 -0.208893045783
    outer loop
      vertex 0.770867943764 10.2778253555 3.90171003342
      vertex 0.76593208313 10.3297147751 3.80746746063
      vertex 0.752411782742 10.3491153717 3.95050883293
    endloop
  endfacet
  facet normal 0.976196467876 0.0686472952366 -0.205737829208
    outer loop
      vertex 0.752411782742 10.3491153717 3.95050883293
      vertex 0.759689331055 10.2934513092 4.01384353638
      vertex 0.770867943764 10.2778253555 3.90171003342
    endloop
  endfacet
  facet normal 0.976196944714 0.0686476752162 -0.205735445023
    outer loop
      vertex 0.772691190243 10.2329702377 4.01021242142
      vertex 0.770867943764 10.2778253555 3.90171003342
      vertex 0.759689331055 10.2934513092 4.01384353638
    endloop
  endfacet
  facet normal 0.976196944714 0.068647056818 -0.205735489726
    outer loop
      vertex 0.759689331055 10.2934513092 4.01384353638
      vertex 0.755409955978 10.2746305466 4.13110351562
      vertex 0.772691190243 10.2329702377 4.01021242142
    endloop
  endfacet
  facet normal 0.976196885109 0.068646915257 -0.205735877156
    outer loop
      vertex 0.773465931416 10.1868619919 4.13738250732
      vertex 0.772691190243 10.2329702377 4.01021242142
      vertex 0.755409955978 10.2746305466 4.13110351562
    endloop
  endfacet
  facet normal 0.976196825504 0.0686476752162 -0.205735906959
    outer loop
      vertex 0.773465931416 10.1868619919 4.13738250732
      vertex 0.755409955978 10.2746305466 4.13110351562
      vertex 0.757369399071 10.2334117889 4.2267742157
    endloop
  endfacet
  facet normal 0.976196110249 0.0686490088701 -0.205738976598
    outer loop
      vertex 0.755409955978 10.2746305466 4.13110351562
      vertex 0.7448823452 10.2853565216 4.24866342545
      vertex 0.757369399071 10.2334117889 4.2267742157
    endloop
  endfacet
  facet normal 0.976196408272 0.0686491802335 -0.20573733747
    outer loop
      vertex 0.755409955978 10.2746305466 4.13110351562
      vertex 0.732900440693 10.3573570251 4.20326709747
      vertex 0.7448823452 10.2853565216 4.24866342545
    endloop
  endfacet
  facet normal 0.976196229458 0.0686473026872 -0.205738931894
    outer loop
      vertex 0.732900440693 10.3573570251 4.20326709747
      vertex 0.755409955978 10.2746305466 4.13110351562
      vertex 0.747054815292 10.3337774277 4.07265329361
    endloop
  endfacet
  facet normal 0.976196944714 0.0686480328441 -0.205735310912
    outer loop
      vertex 0.73493129015 10.3948345184 4.0620675087
      vertex 0.732900440693 10.3573570251 4.20326709747
      vertex 0.747054815292 10.3337774277 4.07265329361
    endloop
  endfacet
  facet normal 0.976196944714 0.0686476528645 -0.205735251307
    outer loop
      vertex 0.747054815292 10.3337774277 4.07265329361
      vertex 0.752411782742 10.3491153717 3.95050883293
      vertex 0.73493129015 10.3948345184 4.0620675087
    endloop
  endfacet
  facet normal 0.976196706295 0.0686470791698 -0.20573656261
    outer loop
      vertex 0.737789034843 10.4172382355 3.95428514481
      vertex 0.73493129015 10.3948345184 4.0620675087
      vertex 0.752411782742 10.3491153717 3.95050883293
    endloop
  endfacet
  facet normal 0.976198494434 0.0686159431934 -0.205738663673
    outer loop
      vertex 0.752411782742 10.3491153717 3.95050883293
      vertex 0.749608755112 10.3986244202 3.84193682671
      vertex 0.737789034843 10.4172382355 3.95428514481
    endloop
  endfacet
  facet normal 0.976204991341 0.0686221048236 -0.205705612898
    outer loop
      vertex 0.730990767479 10.4725046158 3.88532686234
      vertex 0.737789034843 10.4172382355 3.95428514481
      vertex 0.749608755112 10.3986244202 3.84193682671
    endloop
  endfacet
  facet normal 0.976165175438 0.0678456798196 -0.20615157485
    outer loop
      vertex 0.745666503906 10.4442586899 3.75999808311
      vertex 0.730990767479 10.4725046158 3.88532686234
      vertex 0.749608755112 10.3986244202 3.84193682671
    endloop
  endfacet
  facet normal 0.976445555687 0.0682056695223 -0.20469994843
    outer loop
      vertex 0.730990767479 10.4725046158 3.88532686234
      vertex 0.745666503906 10.4442586899 3.75999808311
      vertex 0.73200148344 10.5111093521 3.75499558449
    endloop
  endfacet
  facet normal 0.976203978062 0.0685138329864 -0.205746665597
    outer loop
      vertex 0.73200148344 10.5111093521 3.75499558449
      vertex 0.713564276695 10.5538072586 3.88947248459
      vertex 0.730990767479 10.4725046158 3.88532686234
    endloop
  endfacet
  facet normal 0.976196348667 0.0686472207308 -0.20573823154
    outer loop
      vertex 0.730990767479 10.4725046158 3.88532686234
      vertex 0.713564276695 10.5538072586 3.88947248459
      vertex 0.716691076756 10.5141201019 3.96395015717
    endloop
  endfacet
  facet normal 0.97619664669 0.068648211658 -0.205736458302
    outer loop
      vertex 0.730990767479 10.4725046158 3.88532686234
      vertex 0.716691076756 10.5141201019 3.96395015717
      vertex 0.720651566982 10.4724178314 4.03261423111
    endloop
  endfacet
  facet normal 0.976196527481 0.0686482042074 -0.205737128854
    outer loop
      vertex 0.730990767479 10.4725046158 3.88532686234
      vertex 0.720651566982 10.4724178314 4.03261423111
      vertex 0.737789034843 10.4172382355 3.95428514481
    endloop
  endfacet
  facet normal 0.976196348667 0.0686474144459 -0.205738201737
    outer loop
      vertex 0.720651566982 10.4724178314 4.03261423111
      vertex 0.73493129015 10.3948345184 4.0620675087
      vertex 0.737789034843 10.4172382355 3.95428514481
    endloop
  endfacet
  facet normal 0.976196289062 0.0686476826668 -0.205738291144
    outer loop
      vertex 0.720651566982 10.4724178314 4.03261423111
      vertex 0.718946278095 10.4390697479 4.15680789948
      vertex 0.73493129015 10.3948345184 4.0620675087
    endloop
  endfacet
  facet normal 0.976196587086 0.0686484202743 -0.205736801028
    outer loop
      vertex 0.732900440693 10.3573570251 4.20326709747
      vertex 0.73493129015 10.3948345184 4.0620675087
      vertex 0.718946278095 10.4390697479 4.15680789948
    endloop
  endfacet
  facet normal 0.97619664669 0.0686479955912 -0.205736577511
    outer loop
      vertex 0.732900440693 10.3573570251 4.20326709747
      vertex 0.718946278095 10.4390697479 4.15680789948
      vertex 0.715315103531 10.4243774414 4.25247526169
    endloop
  endfacet
  facet normal 0.97619664669 0.0686475262046 -0.205736905336
    outer loop
      vertex 0.715915024281 10.3897266388 4.34779262543
      vertex 0.732900440693 10.3573570251 4.20326709747
      vertex 0.715315103531 10.4243774414 4.25247526169
    endloop
  endfacet
  facet normal 0.976196408272 0.0686481446028 -0.205737605691
    outer loop
      vertex 0.718946278095 10.4390697479 4.15680789948
      vertex 0.706461846828 10.4732608795 4.23186826706
      vertex 0.715315103531 10.4243774414 4.25247526169
    endloop
  endfacet
  facet normal 0.976196467876 0.0686482414603 -0.205737397075
    outer loop
      vertex 0.718946278095 10.4390697479 4.15680789948
      vertex 0.703759670258 10.5111665726 4.15669107437
      vertex 0.706461846828 10.4732608795 4.23186826706
    endloop
  endfacet
  facet normal 0.976196527481 0.0686474442482 -0.205737411976
    outer loop
      vertex 0.703759670258 10.5111665726 4.15669107437
      vertex 0.718946278095 10.4390697479 4.15680789948
      vertex 0.720651566982 10.4724178314 4.03261423111
    endloop
  endfacet
  facet normal 0.976196527481 0.0686475038528 -0.205737233162
    outer loop
      vertex 0.703759670258 10.5111665726 4.15669107437
      vertex 0.720651566982 10.4724178314 4.03261423111
      vertex 0.701514184475 10.5589351654 4.04546165466
    endloop
  endfacet
  facet normal 0.976196527481 0.0686475038528 -0.205737233162
    outer loop
      vertex 0.683638751507 10.5923900604 4.19939136505
      vertex 0.703759670258 10.5111665726 4.15669107437
      vertex 0.701514184475 10.5589351654 4.04546165466
    endloop
  endfacet
  facet normal 0.976196944714 0.0686479657888 -0.205735325813
    outer loop
      vertex 0.683638751507 10.5923900604 4.19939136505
      vertex 0.701514184475 10.5589351654 4.04546165466
      vertex 0.678389012814 10.6476793289 4.10834693909
    endloop
  endfacet
  facet normal -0.0868749991059 0.520750999451 -0.849276840687
    outer loop
      vertex 0.678389012814 10.6476793289 4.10834693909
      vertex 0.420917719603 10.5768442154 4.18091630936
      vertex 0.683638751507 10.5923900604 4.19939136505
    endloop
  endfacet
  facet normal -0.0905800834298 0.662072300911 -0.743945896626
    outer loop
      vertex 0.420917719603 10.5768442154 4.18091630936
      vertex 0.429101467133 10.5141248703 4.25251150131
      vertex 0.683638751507 10.5923900604 4.19939136505
    endloop
  endfacet
  facet normal -0.0905798375607 0.662072300911 -0.74394595623
    outer loop
      vertex 0.420917719603 10.5768442154 4.18091630936
      vertex 0.166379719973 10.4985780716 4.23403644562
      vertex 0.429101467133 10.5141248703 4.25251150131
    endloop
  endfacet
  facet normal -0.0912350043654 0.810317337513 -0.578845381737
    outer loop
      vertex 0.166379719973 10.4985780716 4.23403644562
      vertex 0.177248418331 10.4303331375 4.28401088715
      vertex 0.429101467133 10.5141248703 4.25251150131
    endloop
  endfacet
  facet normal -0.0912337079644 0.810319662094 -0.5788423419
    outer loop
      vertex 0.429101467133 10.5141248703 4.25251150131
      vertex 0.177248418331 10.4303331375 4.28401088715
      vertex 0.439970105886 10.4458789825 4.30248594284
    endloop
  endfacet
  facet normal -0.085814550519 0.938202798367 -0.335278064013
    outer loop
      vertex 0.177248418331 10.4303331375 4.28401088715
      vertex 0.190472200513 10.3586349487 4.31084251404
      vertex 0.439970105886 10.4458789825 4.30248594284
    endloop
  endfacet
  facet normal -0.0858151614666 0.938202798367 -0.335277944803
    outer loop
      vertex 0.177248418331 10.4303331375 4.28401088715
      vertex -0.0722499191761 10.3430891037 4.29236745834
      vertex 0.190472200513 10.3586349487 4.31084251404
    endloop
  endfacet
  facet normal -0.0715663135052 0.997136235237 -0.0244450923055
    outer loop
      vertex -0.0722499191761 10.3430891037 4.29236745834
      vertex -0.0570734366775 10.2701187134 4.29524564743
      vertex 0.190472200513 10.3586349487 4.31084251404
    endloop
  endfacet
  facet normal -0.0715663582087 0.997136235237 -0.0244450811297
    outer loop
      vertex -0.0722499191761 10.3430891037 4.29236745834
      vertex -0.319795161486 10.2545728683 4.27677059174
      vertex -0.0570734366775 10.2701187134 4.29524564743
    endloop
  endfacet
  facet normal -0.0498687103391 0.95504796505 0.292226821184
    outer loop
      vertex -0.319795161486 10.2545728683 4.27677059174
      vertex -0.303126335144 10.1825447083 4.25560188293
      vertex -0.0570734366775 10.2701187134 4.29524564743
    endloop
  endfacet
  facet normal -0.0498686917126 0.95504796505 0.292226880789
    outer loop
      vertex -0.0570734366775 10.2701187134 4.29524564743
      vertex -0.303126335144 10.1825447083 4.25560188293
      vertex -0.0404045134783 10.1980905533 4.27407693863
    endloop
  endfacet
  facet normal -0.0263958629221 0.836241722107 0.547725379467
    outer loop
      vertex -0.303126335144 10.1825447083 4.25560188293
      vertex -0.285472273827 10.1136493683 4.21103382111
      vertex -0.0404045134783 10.1980905533 4.27407693863
    endloop
  endfacet
  facet normal -0.0263943225145 0.836239755154 0.547728419304
    outer loop
      vertex -0.0404045134783 10.1980905533 4.27407693863
      vertex -0.285472273827 10.1136493683 4.21103382111
      vertex -0.0227505341172 10.1291952133 4.22950839996
    endloop
  endfacet
  facet normal -0.00570808164775 0.690122842789 0.72366976738
    outer loop
      vertex -0.285472273827 10.1136493683 4.21103382111
      vertex -0.267369091511 10.0499792099 4.14441871643
      vertex -0.0227505341172 10.1291952133 4.22950839996
    endloop
  endfacet
  facet normal -0.00571044627577 0.690122485161 0.723670065403
    outer loop
      vertex -0.285472273827 10.1136493683 4.21103382111
      vertex -0.530090749264 10.0344333649 4.1259431839
      vertex -0.267369091511 10.0499792099 4.14441871643
    endloop
  endfacet
  facet normal 0.0109662087634 0.547894835472 0.836475372314
    outer loop
      vertex -0.530090749264 10.0344333649 4.1259431839
      vertex -0.512088894844 9.97792339325 4.03930854797
      vertex -0.267369091511 10.0499792099 4.14441871643
    endloop
  endfacet
  facet normal 0.0109685622156 0.547895133495 0.836475133896
    outer loop
      vertex -0.530090749264 10.0344333649 4.1259431839
      vertex -0.774813175201 9.96237659454 4.02083349228
      vertex -0.512088894844 9.97792339325 4.03930854797
    endloop
  endfacet
  facet normal 0.0241923779249 0.419539004564 0.907414853573
    outer loop
      vertex -0.774813175201 9.96237659454 4.02083349228
      vertex -0.757458984852 9.91474342346 3.91680717468
      vertex -0.512088894844 9.97792339325 4.03930854797
    endloop
  endfacet
  facet normal -0.976196944714 -0.0686482712626 0.205735221505
    outer loop
      vertex -0.757458984852 9.91474342346 3.91680717468
      vertex -0.774813175201 9.96237659454 4.02083349228
      vertex -0.768043279648 9.98080444336 3.869338274
    endloop
  endfacet
  facet normal -0.9761967659 -0.0686490982771 0.205735787749
    outer loop
      vertex -0.757458984852 9.91474342346 3.91680717468
      vertex -0.768043279648 9.98080444336 3.869338274
      vertex -0.752488195896 9.93558311462 3.78366756439
    endloop
  endfacet
  facet normal -0.976196169853 -0.0686472505331 0.205739095807
    outer loop
      vertex -0.768043279648 9.98080444336 3.869338274
      vertex -0.761054873466 9.98789596558 3.74870634079
      vertex -0.752488195896 9.93558311462 3.78366756439
    endloop
  endfacet
  facet normal -0.976196825504 -0.0686471089721 0.20573605597
    outer loop
      vertex -0.777709901333 10.0515909195 3.79465579987
      vertex -0.761054873466 9.98789596558 3.74870634079
      vertex -0.768043279648 9.98080444336 3.869338274
    endloop
  endfacet
  facet normal -0.976196289062 -0.0686489641666 0.205737933517
    outer loop
      vertex -0.785374820232 10.0348739624 3.95375037193
      vertex -0.777709901333 10.0515909195 3.79465579987
      vertex -0.768043279648 9.98080444336 3.869338274
    endloop
  endfacet
  facet normal -0.976196229458 -0.0686486288905 0.205738425255
    outer loop
      vertex -0.774813175201 9.96237659454 4.02083349228
      vertex -0.785374820232 10.0348739624 3.95375037193
      vertex -0.768043279648 9.98080444336 3.869338274
    endloop
  endfacet
  facet normal -0.976196885109 -0.0686460658908 0.205736145377
    outer loop
      vertex -0.774813175201 9.96237659454 4.02083349228
      vertex -0.792815029621 10.0188875198 4.10746860504
      vertex -0.785374820232 10.0348739624 3.95375037193
    endloop
  endfacet
  facet normal -0.9761967659 -0.0686461105943 0.205736666918
    outer loop
      vertex -0.805087029934 10.1021585464 4.03241539001
      vertex -0.785374820232 10.0348739624 3.95375037193
      vertex -0.792815029621 10.0188875198 4.10746860504
    endloop
  endfacet
  facet normal -0.976195991039 -0.0686491802335 0.205739319324
    outer loop
      vertex -0.792815029621 10.0188875198 4.10746860504
      vertex -0.810918271542 10.0825567245 4.17408323288
      vertex -0.805087029934 10.1021585464 4.03241539001
    endloop
  endfacet
  facet normal -0.976195931435 -0.068649224937 0.205739691854
    outer loop
      vertex -0.810918271542 10.0825567245 4.17408323288
      vertex -0.819824397564 10.1417617798 4.1232919693
      vertex -0.805087029934 10.1021585464 4.03241539001
    endloop
  endfacet
  facet normal -0.976196289062 -0.0686501562595 0.205737680197
    outer loop
      vertex -0.805087029934 10.1021585464 4.03241539001
      vertex -0.819824397564 10.1417617798 4.1232919693
      vertex -0.823013603687 10.1825418472 4.04642820358
    endloop
  endfacet
  facet normal -0.976196408272 -0.0686468109488 0.205738291144
    outer loop
      vertex -0.823013603687 10.1825418472 4.04642820358
      vertex -0.810015559196 10.1616573334 3.92418169975
      vertex -0.805087029934 10.1021585464 4.03241539001
    endloop
  endfacet
  facet normal -0.976196289062 -0.0686469897628 0.205738604069
    outer loop
      vertex -0.810015559196 10.1616573334 3.92418169975
      vertex -0.794553458691 10.0963668823 3.89998221397
      vertex -0.805087029934 10.1021585464 4.03241539001
    endloop
  endfacet
  facet normal -0.976196944714 -0.0686471760273 0.205735474825
    outer loop
      vertex -0.805087029934 10.1021585464 4.03241539001
      vertex -0.794553458691 10.0963668823 3.89998221397
      vertex -0.785374820232 10.0348739624 3.95375037193
    endloop
  endfacet
  facet normal -0.976196527481 -0.0686488673091 0.205736890435
    outer loop
      vertex -0.777709901333 10.0515909195 3.79465579987
      vertex -0.785374820232 10.0348739624 3.95375037193
      vertex -0.794553458691 10.0963668823 3.89998221397
    endloop
  endfacet
  facet normal -0.976196110249 -0.0686477944255 0.20573925972
    outer loop
      vertex -0.794553458691 10.0963668823 3.89998221397
      vertex -0.795655429363 10.1356163025 3.79802083969
      vertex -0.777709901333 10.0515909195 3.79465579987
    endloop
  endfacet
  facet normal -0.976196110249 -0.0686473697424 0.205739274621
    outer loop
      vertex -0.795655429363 10.1356163025 3.79802083969
      vertex -0.780346512794 10.1070613861 3.66590118408
      vertex -0.777709901333 10.0515909195 3.79465579987
    endloop
  endfacet
  facet normal -0.976196289062 -0.0686474740505 0.205738425255
    outer loop
      vertex -0.810015559196 10.1616573334 3.92418169975
      vertex -0.795655429363 10.1356163025 3.79802083969
      vertex -0.794553458691 10.0963668823 3.89998221397
    endloop
  endfacet
  facet normal -0.976197242737 -0.0686480030417 0.205733701587
    outer loop
      vertex -0.823013603687 10.1825418472 4.04642820358
      vertex -0.819824397564 10.1417617798 4.1232919693
      vertex -0.831946074963 10.1917915344 4.14573097229
    endloop
  endfacet
  facet normal -0.976197242737 -0.0686471313238 0.205734089017
    outer loop
      vertex -0.828572392464 10.1514520645 4.21865177155
      vertex -0.831946074963 10.1917915344 4.14573097229
      vertex -0.819824397564 10.1417617798 4.1232919693
    endloop
  endfacet
  facet normal -0.976196527481 -0.0686467066407 0.205737620592
    outer loop
      vertex -0.828572392464 10.1514520645 4.21865177155
      vertex -0.819824397564 10.1417617798 4.1232919693
      vertex -0.810918271542 10.0825567245 4.17408323288
    endloop
  endfacet
  facet normal -0.0263953339309 0.836241781712 0.547725319862
    outer loop
      vertex -0.828572392464 10.1514520645 4.21865177155
      vertex -0.810918271542 10.0825567245 4.17408323288
      vertex -0.565848112106 10.1669979095 4.23712682724
    endloop
  endfacet
  facet normal -0.0498689450324 0.955049097538 0.292223125696
    outer loop
      vertex -0.582516789436 10.2390260696 4.25829553604
      vertex -0.828572392464 10.1514520645 4.21865177155
      vertex -0.565848112106 10.1669979095 4.23712682724
    endloop
  endfacet
  facet normal -0.049869440496 0.955049037933 0.292223244905
    outer loop
      vertex -0.582516789436 10.2390260696 4.25829553604
      vertex -0.565848112106 10.1669979095 4.23712682724
      vertex -0.319795161486 10.2545728683 4.27677059174
    endloop
  endfacet
  facet normal -0.0715675652027 0.997136175632 -0.0244449023157
    outer loop
      vertex -0.334971576929 10.3275432587 4.27389287949
      vertex -0.582516789436 10.2390260696 4.25829553604
      vertex -0.319795161486 10.2545728683 4.27677059174
    endloop
  endfacet
  facet normal -0.071566388011 0.997136235237 -0.0244451500475
    outer loop
      vertex -0.334971576929 10.3275432587 4.27389287949
      vertex -0.319795161486 10.2545728683 4.27677059174
      vertex -0.0722499191761 10.3430891037 4.29236745834
    endloop
  endfacet
  facet normal -0.0858145579696 0.938202798367 -0.335278004408
    outer loop
      vertex -0.0854737311602 10.4147872925 4.26553583145
      vertex -0.334971576929 10.3275432587 4.27389287949
      vertex -0.0722499191761 10.3430891037 4.29236745834
    endloop
  endfacet
  facet normal -0.0858151465654 0.938202798367 -0.335277915001
    outer loop
      vertex -0.0854737311602 10.4147872925 4.26553583145
      vertex -0.0722499191761 10.3430891037 4.29236745834
      vertex 0.177248418331 10.4303331375 4.28401088715
    endloop
  endfacet
  facet normal -0.091234870255 0.810317337513 -0.578845381737
    outer loop
      vertex 0.166379719973 10.4985780716 4.23403644562
      vertex -0.0854737311602 10.4147872925 4.26553583145
      vertex 0.177248418331 10.4303331375 4.28401088715
    endloop
  endfacet
  facet normal -0.0498680509627 0.955048024654 0.292226701975
    outer loop
      vertex -0.319795161486 10.2545728683 4.27677059174
      vertex -0.565848112106 10.1669979095 4.23712682724
      vertex -0.303126335144 10.1825447083 4.25560188293
    endloop
  endfacet
  facet normal -0.026394309476 0.836239755154 0.547728419304
    outer loop
      vertex -0.565848112106 10.1669979095 4.23712682724
      vertex -0.548193991184 10.0981035233 4.19255876541
      vertex -0.303126335144 10.1825447083 4.25560188293
    endloop
  endfacet
  facet normal -0.0263958703727 0.836241722107 0.547725379467
    outer loop
      vertex -0.303126335144 10.1825447083 4.25560188293
      vertex -0.548193991184 10.0981035233 4.19255876541
      vertex -0.285472273827 10.1136493683 4.21103382111
    endloop
  endfacet
  facet normal -0.00570948142558 0.690120995045 0.723671495914
    outer loop
      vertex -0.548193991184 10.0981035233 4.19255876541
      vertex -0.530090749264 10.0344333649 4.1259431839
      vertex -0.285472273827 10.1136493683 4.21103382111
    endloop
  endfacet
  facet normal -0.00570782786235 0.690121233463 0.723671257496
    outer loop
      vertex -0.548193991184 10.0981035233 4.19255876541
      vertex -0.792815029621 10.0188875198 4.10746860504
      vertex -0.530090749264 10.0344333649 4.1259431839
    endloop
  endfacet
  facet normal 0.0109685622156 0.547895133495 0.836475133896
    outer loop
      vertex -0.792815029621 10.0188875198 4.10746860504
      vertex -0.774813175201 9.96237659454 4.02083349228
      vertex -0.530090749264 10.0344333649 4.1259431839
    endloop
  endfacet
  facet normal -0.00570677220821 0.690119624138 0.723672807217
    outer loop
      vertex -0.810918271542 10.0825567245 4.17408323288
      vertex -0.792815029621 10.0188875198 4.10746860504
      vertex -0.548193991184 10.0981035233 4.19255876541
    endloop
  endfacet
  facet normal -0.0263937842101 0.836239814758 0.547728359699
    outer loop
      vertex -0.565848112106 10.1669979095 4.23712682724
      vertex -0.810918271542 10.0825567245 4.17408323288
      vertex -0.548193991184 10.0981035233 4.19255876541
    endloop
  endfacet
  facet normal 0.976196825504 0.0686469599605 -0.205736026168
    outer loop
      vertex 0.678389012814 10.6476793289 4.10834693909
      vertex 0.701514184475 10.5589351654 4.04546165466
      vertex 0.693835139275 10.6226902008 3.96358513832
    endloop
  endfacet
  facet normal 0.97619664669 0.0686476454139 -0.205736875534
    outer loop
      vertex 0.693835139275 10.6226902008 3.96358513832
      vertex 0.701514184475 10.5589351654 4.04546165466
      vertex 0.713564276695 10.5538072586 3.88947248459
    endloop
  endfacet
  facet normal 0.976196706295 0.0686483085155 -0.205736204982
    outer loop
      vertex 0.703162670135 10.6154680252 3.85259222984
      vertex 0.693835139275 10.6226902008 3.96358513832
      vertex 0.713564276695 10.5538072586 3.88947248459
    endloop
  endfacet
  facet normal 0.976846635342 0.0651786327362 -0.203770548105
    outer loop
      vertex 0.713564276695 10.5538072586 3.88947248459
      vertex 0.715959668159 10.5845251083 3.75753903389
      vertex 0.703162670135 10.6154680252 3.85259222984
    endloop
  endfacet
  facet normal 0.974876463413 0.0615603886545 -0.214070618153
    outer loop
      vertex 0.715959668159 10.5845251083 3.75753903389
      vertex 0.700823247433 10.6495838165 3.77100396156
      vertex 0.703162670135 10.6154680252 3.85259222984
    endloop
  endfacet
  facet normal 0.975894510746 0.0597849041224 -0.209894374013
    outer loop
      vertex 0.690281152725 10.6681909561 3.87776041031
      vertex 0.703162670135 10.6154680252 3.85259222984
      vertex 0.700823247433 10.6495838165 3.77100396156
    endloop
  endfacet
  facet normal 0.976119875908 0.0600010566413 -0.208781883121
    outer loop
      vertex 0.700823247433 10.6495838165 3.77100396156
      vertex 0.688676178455 10.6996879578 3.79427099228
      vertex 0.690281152725 10.6681909561 3.87776041031
    endloop
  endfacet
  facet normal 0.961697697639 0.0803790837526 -0.262062370777
    outer loop
      vertex 0.673689901829 10.7286844254 3.87903833389
      vertex 0.690281152725 10.6681909561 3.87776041031
      vertex 0.688676178455 10.6996879578 3.79427099228
    endloop
  endfacet
  facet normal 0.923755049706 -0.208934426308 -0.320971995592
    outer loop
      vertex 0.700823247433 10.6495838165 3.77100396156
      vertex 0.673528850079 10.6904830933 3.71315932274
      vertex 0.688676178455 10.6996879578 3.79427099228
    endloop
  endfacet
  facet normal 0.976196527481 0.0686482340097 -0.205737113953
    outer loop
      vertex 0.690281152725 10.6681909561 3.87776041031
      vertex 0.693835139275 10.6226902008 3.96358513832
      vertex 0.703162670135 10.6154680252 3.85259222984
    endloop
  endfacet
  facet normal 0.975248396397 0.0667829066515 -0.210785627365
    outer loop
      vertex 0.713564276695 10.5538072586 3.88947248459
      vertex 0.73200148344 10.5111093521 3.75499558449
      vertex 0.715959668159 10.5845251083 3.75753903389
    endloop
  endfacet
  facet normal 0.976196229458 0.0686475560069 -0.205738842487
    outer loop
      vertex 0.701514184475 10.5589351654 4.04546165466
      vertex 0.716691076756 10.5141201019 3.96395015717
      vertex 0.713564276695 10.5538072586 3.88947248459
    endloop
  endfacet
  facet normal 0.976196527481 0.068648584187 -0.205737054348
    outer loop
      vertex 0.701514184475 10.5589351654 4.04546165466
      vertex 0.720651566982 10.4724178314 4.03261423111
      vertex 0.716691076756 10.5141201019 3.96395015717
    endloop
  endfacet
  facet normal 0.976196229458 0.0686480477452 -0.205738663673
    outer loop
      vertex 0.747054815292 10.3337774277 4.07265329361
      vertex 0.759689331055 10.2934513092 4.01384353638
      vertex 0.752411782742 10.3491153717 3.95050883293
    endloop
  endfacet
  facet normal 0.976196110249 0.0686476305127 -0.205739244819
    outer loop
      vertex 0.747054815292 10.3337774277 4.07265329361
      vertex 0.755409955978 10.2746305466 4.13110351562
      vertex 0.759689331055 10.2934513092 4.01384353638
    endloop
  endfacet
  facet normal 0.9761967659 0.0686470717192 -0.20573630929
    outer loop
      vertex 0.772691190243 10.2329702377 4.01021242142
      vertex 0.773465931416 10.1868619919 4.13738250732
      vertex 0.789069533348 10.1604995728 3.99449872971
    endloop
  endfacet
  facet normal 0.976383328438 0.0584323890507 -0.207993298769
    outer loop
      vertex 0.789069533348 10.1604995728 3.99449872971
      vertex 0.786128401756 10.2060880661 3.88137149811
      vertex 0.772691190243 10.2329702377 4.01021242142
    endloop
  endfacet
  facet normal 0.979661643505 0.0623795837164 -0.190714105964
    outer loop
      vertex 0.770867943764 10.2778253555 3.90171003342
      vertex 0.772691190243 10.2329702377 4.01021242142
      vertex 0.786128401756 10.2060880661 3.88137149811
    endloop
  endfacet
  facet normal 0.979588210583 0.0406149961054 -0.196869030595
    outer loop
      vertex 0.786128401756 10.2060880661 3.88137149811
      vertex 0.781300663948 10.2543134689 3.76405453682
      vertex 0.770867943764 10.2778253555 3.90171003342
    endloop
  endfacet
  facet normal 0.983598828316 0.0446980409324 -0.174744024873
    outer loop
      vertex 0.770867943764 10.2778253555 3.90171003342
      vertex 0.781300663948 10.2543134689 3.76405453682
      vertex 0.76593208313 10.3297147751 3.80746746063
    endloop
  endfacet
  facet normal 0.979225933552 -0.00540556805208 -0.202700063586
    outer loop
      vertex 0.76593208313 10.3297147751 3.80746746063
      vertex 0.781300663948 10.2543134689 3.76405453682
      vertex 0.76221126318 10.3459892273 3.74368453026
    endloop
  endfacet
  facet normal 0.923008084297 -0.362447053194 -0.129182785749
    outer loop
      vertex 0.750553131104 10.3007230759 3.69786262512
      vertex 0.733563065529 10.3669786453 3.67821025848
      vertex 0.76221126318 10.3459892273 3.74368453026
    endloop
  endfacet
  facet normal 0.597183942795 -0.797747671604 0.0834863260388
    outer loop
      vertex 0.704958856106 10.3182640076 3.66189551353
      vertex 0.733563065529 10.3669786453 3.67821025848
      vertex 0.750553131104 10.3007230759 3.69786262512
    endloop
  endfacet
  facet normal 0.560596466064 -0.805116474628 0.19369828701
    outer loop
      vertex 0.707599282265 10.2692604065 3.67552375793
      vertex 0.704958856106 10.3182640076 3.66189551353
      vertex 0.750553131104 10.3007230759 3.69786262512
    endloop
  endfacet
  facet normal 0.58295917511 -0.774340987206 0.246078580618
    outer loop
      vertex 0.707599282265 10.2692604065 3.67552375793
      vertex 0.750553131104 10.3007230759 3.69786262512
      vertex 0.741427540779 10.2484416962 3.70760703087
    endloop
  endfacet
  facet normal 0.804249405861 -0.542974591255 0.241581276059
    outer loop
      vertex 0.781300663948 10.2543134689 3.76405453682
      vertex 0.741427540779 10.2484416962 3.70760703087
      vertex 0.750553131104 10.3007230759 3.69786262512
    endloop
  endfacet
  facet normal 0.809979319572 -0.507242441177 0.294344365597
    outer loop
      vertex 0.781300663948 10.2543134689 3.76405453682
      vertex 0.773128569126 10.1747627258 3.79716706276
      vertex 0.742216050625 10.2013483047 3.73237752914
    endloop
  endfacet
  facet normal 0.984838187695 -0.0990664437413 0.142406404018
    outer loop
      vertex 0.781300663948 10.2543134689 3.76405453682
      vertex 0.786128401756 10.2060880661 3.88137149811
      vertex 0.773128569126 10.1747627258 3.79716706276
    endloop
  endfacet
  facet normal 0.955434858799 -0.220515683293 -0.196257710457
    outer loop
      vertex 0.798678338528 10.1351356506 3.87259960175
      vertex 0.773128569126 10.1747627258 3.79716706276
      vertex 0.786128401756 10.2060880661 3.88137149811
    endloop
  endfacet
  facet normal 0.984713733196 0.0424713715911 -0.168923124671
    outer loop
      vertex 0.789069533348 10.1604995728 3.99449872971
      vertex 0.798678338528 10.1351356506 3.87259960175
      vertex 0.786128401756 10.2060880661 3.88137149811
    endloop
  endfacet
  facet normal 0.978451669216 0.0347776710987 -0.203525930643
    outer loop
      vertex 0.805528998375 10.0839033127 3.97967815399
      vertex 0.798678338528 10.1351356506 3.87259960175
      vertex 0.789069533348 10.1604995728 3.99449872971
    endloop
  endfacet
  facet normal 0.978118300438 0.0652087926865 -0.19756616652
    outer loop
      vertex 0.805528998375 10.0839033127 3.97967815399
      vertex 0.789069533348 10.1604995728 3.99449872971
      vertex 0.790785133839 10.1196565628 4.09251070023
    endloop
  endfacet
  facet normal 0.977178275585 0.0634520947933 -0.202722489834
    outer loop
      vertex 0.801519453526 10.0556535721 4.13168334961
      vertex 0.805528998375 10.0839033127 3.97967815399
      vertex 0.790785133839 10.1196565628 4.09251070023
    endloop
  endfacet
  facet normal 0.97619664669 0.0686466246843 -0.205737128854
    outer loop
      vertex 0.801519453526 10.0556535721 4.13168334961
      vertex 0.790785133839 10.1196565628 4.09251070023
      vertex 0.783517479897 10.1121635437 4.21831846237
    endloop
  endfacet
  facet normal 0.0109668383375 0.547894895077 0.836475253105
    outer loop
      vertex 0.783517479897 10.1121635437 4.21831846237
      vertex 0.538798332214 10.0401077271 4.11320829391
      vertex 0.801519453526 10.0556535721 4.13168334961
    endloop
  endfacet
  facet normal 0.024342527613 0.417980492115 0.908129811287
    outer loop
      vertex 0.538798332214 10.0401077271 4.11320829391
      vertex 0.557263731956 9.9925069809 4.00871372223
      vertex 0.801519453526 10.0556535721 4.13168334961
    endloop
  endfacet
  facet normal 0.0330209173262 0.403869986534 0.91422021389
    outer loop
      vertex 0.801519453526 10.0556535721 4.13168334961
      vertex 0.557263731956 9.9925069809 4.00871372223
      vertex 0.813801825047 10.0083398819 4.02357959747
    endloop
  endfacet
  facet normal 0.989023327827 0.0518063232303 -0.138379618526
    outer loop
      vertex 0.813801825047 10.0083398819 4.02357959747
      vertex 0.805528998375 10.0839033127 3.97967815399
      vertex 0.801519453526 10.0556535721 4.13168334961
    endloop
  endfacet
  facet normal 0.982296049595 0.0939032286406 -0.162100866437
    outer loop
      vertex 0.813801825047 10.0083398819 4.02357959747
      vertex 0.822506904602 10.0308465958 3.8936662674
      vertex 0.805528998375 10.0839033127 3.97967815399
    endloop
  endfacet
  facet normal 0.887855768204 -0.101571559906 -0.448770910501
    outer loop
      vertex 0.822506904602 10.0308465958 3.8936662674
      vertex 0.796364426613 10.0760593414 3.86491060257
      vertex 0.805528998375 10.0839033127 3.97967815399
    endloop
  endfacet
  facet normal 0.996564567089 -0.0776012167335 0.0289329048246
    outer loop
      vertex 0.798678338528 10.1351356506 3.87259960175
      vertex 0.805528998375 10.0839033127 3.97967815399
      vertex 0.796364426613 10.0760593414 3.86491060257
    endloop
  endfacet
  facet normal 0.972150325775 -0.23423525691 0.00758972251788
    outer loop
      vertex 0.796364426613 10.0760593414 3.86491060257
      vertex 0.780184626579 10.1108407974 3.79663228989
      vertex 0.798678338528 10.1351356506 3.87259960175
    endloop
  endfacet
  facet normal 0.957464873791 -0.26760417223 -0.107930488884
    outer loop
      vertex 0.773128569126 10.1747627258 3.79716706276
      vertex 0.798678338528 10.1351356506 3.87259960175
      vertex 0.780184626579 10.1108407974 3.79663228989
    endloop
  endfacet
  facet normal 0.789115428925 -0.607287406921 -0.0921893715858
    outer loop
      vertex 0.773128569126 10.1747627258 3.79716706276
      vertex 0.780184626579 10.1108407974 3.79663228989
      vertex 0.739930510521 10.1430253983 3.74921154976
    endloop
  endfacet
  facet normal 0.729824066162 -0.662382543087 0.169133529067
    outer loop
      vertex 0.701657176018 10.1694221497 3.69584131241
      vertex 0.708169400692 10.2206382751 3.68993902206
      vertex 0.742216050625 10.2013483047 3.73237752914
    endloop
  endfacet
  facet normal 0.716395139694 -0.645138442516 0.265658408403
    outer loop
      vertex 0.700148701668 10.1176567078 3.71548223495
      vertex 0.701657176018 10.1694221497 3.69584131241
      vertex 0.739930510521 10.1430253983 3.74921154976
    endloop
  endfacet
  facet normal 0.687518656254 -0.651672422886 0.320376604795
    outer loop
      vertex 0.780184626579 10.1108407974 3.79663228989
      vertex 0.773006618023 10.0672464371 3.81049108505
      vertex 0.737282156944 10.086180687 3.76349329948
    endloop
  endfacet
  facet normal 0.676443397999 -0.690733492374 0.255561202765
    outer loop
      vertex 0.700148701668 10.1176567078 3.71548223495
      vertex 0.737282156944 10.086180687 3.76349329948
      vertex 0.699080884457 10.077539444 3.72927951813
    endloop
  endfacet
  facet normal 0.768497526646 -0.566758573055 0.296978473663
    outer loop
      vertex 0.773006618023 10.0672464371 3.81049108505
      vertex 0.786425709724 10.0312223434 3.84756326675
      vertex 0.750217378139 10.0400419235 3.7938451767
    endloop
  endfacet
  facet normal 0.695990562439 -0.545742690563 0.466649770737
    outer loop
      vertex 0.753620445728 10.0038022995 3.82917261124
      vertex 0.750217378139 10.0400419235 3.7938451767
      vertex 0.786425709724 10.0312223434 3.84756326675
    endloop
  endfacet
  facet normal 0.643373787403 -0.705892562866 0.296286851168
    outer loop
      vertex 0.815675914288 9.97308254242 3.89862632751
      vertex 0.753620445728 10.0038022995 3.82917261124
      vertex 0.786425709724 10.0312223434 3.84756326675
    endloop
  endfacet
  facet normal 0.778662025928 -0.61057561636 0.144508883357
    outer loop
      vertex 0.815675914288 9.97308254242 3.89862632751
      vertex 0.786425709724 10.0312223434 3.84756326675
      vertex 0.822506904602 10.0308465958 3.8936662674
    endloop
  endfacet
  facet normal 0.992450475693 0.0468657761812 0.113338507712
    outer loop
      vertex 0.813801825047 10.0083398819 4.02357959747
      vertex 0.815675914288 9.97308254242 3.89862632751
      vertex 0.822506904602 10.0308465958 3.8936662674
    endloop
  endfacet
  facet normal 0.019973244518 0.227282330394 0.973624050617
    outer loop
      vertex 0.757236599922 9.97716140747 3.96012210846
      vertex 0.57592612505 9.95652866364 3.88767075539
      vertex 0.6450278759 9.95894241333 3.89193892479
    endloop
  endfacet
  facet normal 0.253501772881 -0.146805688739 0.956130206585
    outer loop
      vertex 0.650367498398 9.9600687027 3.85830283165
      vertex 0.594228208065 9.95237255096 3.81148910522
      vertex 0.65908074379 9.96793079376 3.82214379311
    endloop
  endfacet
  facet normal 0.4305537045 -0.597446024418 0.676521837711
    outer loop
      vertex 0.699847638607 9.98703575134 3.8094060421
      vertex 0.753620445728 10.0038022995 3.82917261124
      vertex 0.747891008854 9.98007202148 3.85191440582
    endloop
  endfacet
  facet normal 0.349855303764 -0.429216206074 0.832691252232
    outer loop
      vertex 0.699847638607 9.98703575134 3.8094060421
      vertex 0.638089954853 9.9757900238 3.78088474274
      vertex 0.668285965919 10.0023365021 3.7539973259
    endloop
  endfacet
  facet normal 0.614412844181 -0.599965214729 0.512385249138
    outer loop
      vertex 0.660655736923 10.0309171677 3.72177457809
      vertex 0.668285965919 10.0023365021 3.7539973259
      vertex 0.634028553963 10.0057191849 3.71602606773
    endloop
  endfacet
  facet normal 0.61282736063 -0.593837797642 0.521343708038
    outer loop
      vertex 0.750217378139 10.0400419235 3.7938451767
      vertex 0.753620445728 10.0038022995 3.82917261124
      vertex 0.715360403061 10.0165061951 3.77853631973
    endloop
  endfacet
  facet normal 0.66804087162 -0.69376373291 0.269097089767
    outer loop
      vertex 0.750217378139 10.0400419235 3.7938451767
      vertex 0.71357524395 10.0496664047 3.75482845306
      vertex 0.737282156944 10.086180687 3.76349329948
    endloop
  endfacet
  facet normal 0.675138652325 -0.684116005898 0.275994777679
    outer loop
      vertex 0.699080884457 10.077539444 3.72927951813
      vertex 0.737282156944 10.086180687 3.76349329948
      vertex 0.71357524395 10.0496664047 3.75482845306
    endloop
  endfacet
  facet normal 0.149553462863 -0.577929198742 0.802266538143
    outer loop
      vertex 0.458956599236 9.96367359161 3.70725274086
      vertex 0.490930020809 9.99630069733 3.67023539543
      vertex 0.532924592495 9.97695541382 3.70795631409
    endloop
  endfacet
  facet normal 0.0289790816605 -0.407957106829 0.912541091442
    outer loop
      vertex 0.391702532768 9.9630355835 3.69123673439
      vertex 0.395925432444 9.94533157349 3.73113679886
      vertex 0.33645093441 9.95548248291 3.70420527458
    endloop
  endfacet
  facet normal 0.193673983216 -0.018841823563 0.980884969234
    outer loop
      vertex 0.398749709129 9.92827415466 3.77158665657
      vertex 0.464515328407 9.94140815735 3.76387238503
      vertex 0.436791270971 9.93483448029 3.82111001015
    endloop
  endfacet
  facet normal 0.06666277349 0.180489882827 0.98131519556
    outer loop
      vertex 0.514016032219 9.93904495239 3.8154797554
      vertex 0.57592612505 9.95652866364 3.88767075539
      vertex 0.436791270971 9.93483448029 3.82111001015
    endloop
  endfacet
  facet normal 0.0305175259709 0.289107352495 0.956810116768
    outer loop
      vertex 0.557263731956 9.9925069809 4.00871372223
      vertex 0.322395801544 9.93961906433 3.85847091675
      vertex 0.57592612505 9.95652866364 3.88767075539
    endloop
  endfacet
  facet normal 0.0318316482008 0.417765378952 0.907997131348
    outer loop
      vertex 0.813801825047 10.0083398819 4.02357959747
      vertex 0.557263731956 9.9925069809 4.00871372223
      vertex 0.757236599922 9.97716140747 3.96012210846
    endloop
  endfacet
  facet normal 0.0369375832379 0.279949069023 0.959303975105
    outer loop
      vertex 0.292752027512 9.97676372528 3.98966741562
      vertex 0.322395801544 9.93961906433 3.85847091675
      vertex 0.557263731956 9.9925069809 4.00871372223
    endloop
  endfacet
  facet normal 0.0239584930241 0.417928218842 0.908164083958
    outer loop
      vertex 0.538798332214 10.0401077271 4.11320829391
      vertex 0.292752027512 9.97676372528 3.98966741562
      vertex 0.557263731956 9.9925069809 4.00871372223
    endloop
  endfacet
  facet normal 0.039197742939 0.28039726615 0.959083378315
    outer loop
      vertex 0.322395801544 9.93961906433 3.85847091675
      vertex 0.292752027512 9.97676372528 3.98966741562
      vertex 0.13811558485 9.92314815521 3.82789564133
    endloop
  endfacet
  facet normal 0.019515523687 0.206145808101 0.978326678276
    outer loop
      vertex 0.0573370270431 9.92473888397 3.85134911537
      vertex 0.0604089871049 9.91030406952 3.7825551033
      vertex 0.120091162622 9.91937637329 3.81995916367
    endloop
  endfacet
  facet normal 0.0854879021645 -0.0529111213982 0.994933307171
    outer loop
      vertex 0.217914372683 9.92222595215 3.80415248871
      vertex 0.166803091764 9.9190568924 3.78116369247
      vertex 0.209793061018 9.9240398407 3.75691533089
    endloop
  endfacet
  facet normal 0.12104114145 -0.337763279676 0.933415770531
    outer loop
      vertex 0.090878739953 9.91961956024 3.71582269669
      vertex 0.0548173189163 9.94233798981 3.64011573792
      vertex 0.12587800622 9.93873977661 3.67552542686
    endloop
  endfacet
  facet normal 0.126383855939 -0.483493149281 0.866176366806
    outer loop
      vertex 0.201972827315 9.94395160675 3.69788146019
      vertex 0.278304487467 9.97026252747 3.67069888115
      vertex 0.279945284128 9.94652843475 3.71364736557
    endloop
  endfacet
  facet normal 0.262198388577 -0.638217687607 0.723830223083
    outer loop
      vertex 0.114754483104 9.96182727814 3.63391160965
      vertex 0.157829940319 9.98537158966 3.62490487099
      vertex 0.153649911284 9.95775794983 3.65450596809
    endloop
  endfacet
  facet normal 0.180207327008 -0.668434143066 0.721610069275
    outer loop
      vertex 0.0971026420593 9.98414516449 3.60638332367
      vertex 0.0548173189163 9.94233798981 3.64011573792
      vertex 0.0272930469364 9.98356342316 3.58819031715
    endloop
  endfacet
  facet normal 0.160737171769 -0.664565682411 0.729736924171
    outer loop
      vertex -0.0239788591862 9.95690441132 3.60506272316
      vertex 0.0272930469364 9.98356342316 3.58819031715
      vertex 0.0548173189163 9.94233798981 3.64011573792
    endloop
  endfacet
  facet normal 0.0131445406005 -0.833297133446 0.552669048309
    outer loop
      vertex 0.0272930469364 9.98356342316 3.58819031715
      vertex -0.0239788591862 9.95690441132 3.60506272316
      vertex -0.0309770721942 9.99690341949 3.57842373848
    endloop
  endfacet
  facet normal 0.0336367189884 -0.999392032623 0.00917374435812
    outer loop
      vertex 0.0579674132168 10.0995483398 3.55640506744
      vertex 0.11957937479 10.073884964 3.5587143898
      vertex 0.0621485412121 10.0585403442 3.55692219734
    endloop
  endfacet
  facet normal 0.00314222858287 -0.999756813049 0.0218283422291
    outer loop
      vertex -0.147882029414 10.1126375198 3.55578660965
      vertex -0.0462836511433 10.1198692322 3.55594801903
      vertex -0.116098865867 10.0751638412 3.5567047596
    endloop
  endfacet
  facet normal 0.0666123107076 -0.9764290452 0.205302506685
    outer loop
      vertex -0.18941950798 10.053524971 3.55985951424
      vertex -0.138534650207 10.0139036179 3.57166171074
      vertex -0.216728076339 9.98548698425 3.57230210304
    endloop
  endfacet
  facet normal 0.34978723526 -0.826506912708 0.441061496735
    outer loop
      vertex -0.222990572453 9.92581939697 3.60149335861
      vertex -0.283053457737 9.93058109283 3.57353305817
      vertex -0.216728076339 9.98548698425 3.57230210304
    endloop
  endfacet
  facet normal 0.185601890087 -0.982389986515 0.0214900169522
    outer loop
      vertex -0.375335663557 9.9321603775 3.55606365204
      vertex -0.283053457737 9.93058109283 3.57353305817
      vertex -0.32691654563 9.87128353119 3.56654310226
    endloop
  endfacet
  facet normal 0.469347953796 -0.294121265411 0.832589447498
    outer loop
      vertex -0.284141421318 9.8937330246 3.5947406292
      vertex -0.222990572453 9.92581939697 3.60149335861
      vertex -0.281434476376 9.88371372223 3.62742114067
    endloop
  endfacet
  facet normal 0.0512626580894 -0.765835046768 0.640990436077
    outer loop
      vertex -0.114286057651 9.94476127625 3.60946011543
      vertex -0.154008507729 9.9267578125 3.62186908722
      vertex -0.15482480824 9.96140098572 3.59281897545
    endloop
  endfacet
  facet normal 0.169133380055 -0.677610039711 0.715708374977
    outer loop
      vertex -0.0239788591862 9.95690441132 3.60506272316
      vertex 0.0548173189163 9.94233798981 3.64011573792
      vertex -0.0307304747403 9.92545413971 3.63659667969
    endloop
  endfacet
  facet normal 0.0230959132314 -0.459201961756 0.888031601906
    outer loop
      vertex -0.0693107917905 9.92353439331 3.63588786125
      vertex -0.0676259323955 9.9114074707 3.65942335129
      vertex -0.102852731943 9.92374229431 3.63379836082
    endloop
  endfacet
  facet normal 0.0369110703468 -0.329601794481 0.943398237228
    outer loop
      vertex -0.0637146160007 9.89431381226 3.70878791809
      vertex -0.0676259323955 9.9114074707 3.65942335129
      vertex -0.00259274197742 9.90742397308 3.67810773849
    endloop
  endfacet
  facet normal 0.102267868817 0.0682940259576 0.992409825325
    outer loop
      vertex -0.0637146160007 9.89431381226 3.70878791809
      vertex -0.0131079126149 9.90453052521 3.78147244453
      vertex -0.111299544573 9.89176177979 3.7429561615
    endloop
  endfacet
  facet normal 0.279145032167 -0.194437667727 0.940357387066
    outer loop
      vertex -0.199373111129 9.90572738647 3.63876986504
      vertex -0.216181889176 9.89163780212 3.68278026581
      vertex -0.281434476376 9.88371372223 3.62742114067
    endloop
  endfacet
  facet normal 0.564069032669 -0.284377366304 0.775213241577
    outer loop
      vertex -0.317715883255 9.86320781708 3.61135530472
      vertex -0.284141421318 9.8937330246 3.5947406292
      vertex -0.281434476376 9.88371372223 3.62742114067
    endloop
  endfacet
  facet normal 0.641223549843 -0.656731665134 0.396907925606
    outer loop
      vertex -0.284141421318 9.8937330246 3.5947406292
      vertex -0.32691654563 9.87128353119 3.56654310226
      vertex -0.283053457737 9.93058109283 3.57353305817
    endloop
  endfacet
  facet normal -0.0028962851502 -0.99996894598 0.00732584204525
    outer loop
      vertex -0.375335663557 9.9321603775 3.55606365204
      vertex -0.455704927444 10.0500621796 3.55543255806
      vertex -0.321424663067 10.0432271957 3.55509376526
    endloop
  endfacet
  facet normal 0.786157608032 -0.614746928215 -0.0635804235935
    outer loop
      vertex 0.822506904602 10.0308465958 3.8936662674
      vertex 0.786425709724 10.0312223434 3.84756326675
      vertex 0.796364426613 10.0760593414 3.86491060257
    endloop
  endfacet
  facet normal 0.920733273029 -0.386351436377 0.0546156205237
    outer loop
      vertex 0.773006618023 10.0672464371 3.81049108505
      vertex 0.796364426613 10.0760593414 3.86491060257
      vertex 0.786425709724 10.0312223434 3.84756326675
    endloop
  endfacet
  facet normal 0.902191758156 -0.345400065184 0.258357912302
    outer loop
      vertex 0.796364426613 10.0760593414 3.86491060257
      vertex 0.773006618023 10.0672464371 3.81049108505
      vertex 0.780184626579 10.1108407974 3.79663228989
    endloop
  endfacet
  facet normal 0.9761967659 0.0686466023326 -0.205736607313
    outer loop
      vertex 0.773465931416 10.1868619919 4.13738250732
      vertex 0.783517479897 10.1121635437 4.21831846237
      vertex 0.790785133839 10.1196565628 4.09251070023
    endloop
  endfacet
  facet normal 0.9761967659 0.0686470717192 -0.205736294389
    outer loop
      vertex 0.773465931416 10.1868619919 4.13738250732
      vertex 0.790785133839 10.1196565628 4.09251070023
      vertex 0.789069533348 10.1604995728 3.99449872971
    endloop
  endfacet
  facet normal -0.000212044586078 -0.999999701977 -0.000715140311513
    outer loop
      vertex -0.219078063965 10.3308963776 3.55543541908
      vertex -0.179573684931 10.5108861923 3.55555558205
      vertex 0.0601588413119 10.4045963287 3.55542874336
    endloop
  endfacet
  facet normal 0.000284810725134 -0.999999761581 -0.000606090063229
    outer loop
      vertex -0.219078063965 10.3308963776 3.55543541908
      vertex -0.446145683527 10.438574791 3.55543589592
      vertex -0.179573684931 10.5108861923 3.55555558205
    endloop
  endfacet
  facet normal -2.29728993872e-06 -1 -6.47471665616e-07
    outer loop
      vertex -0.446145683527 10.438574791 3.55543589592
      vertex -0.219078063965 10.3308963776 3.55543541908
      vertex -0.482714116573 10.3088264465 3.55543589592
    endloop
  endfacet
  facet normal 0.112961784005 -0.814599752426 -0.56891733408
    outer loop
      vertex -0.175504475832 10.6697626114 3.58863544464
      vertex -0.227104216814 10.6356420517 3.55765008926
      vertex -0.241629898548 10.7057933807 3.60462927818
    endloop
  endfacet
  facet normal 0.0105654364452 -0.999938607216 -0.00333099858835
    outer loop
      vertex -0.418731242418 10.5789041519 3.55543613434
      vertex -0.363914459944 10.7004289627 3.55642032623
      vertex -0.227104216814 10.6356420517 3.55765008926
    endloop
  endfacet
  facet normal 0.00334299262613 -0.999972701073 -0.00658915471286
    outer loop
      vertex -0.626978635788 10.684513092 3.55543589592
      vertex -0.363914459944 10.7004289627 3.55642032623
      vertex -0.418731242418 10.5789041519 3.55543613434
    endloop
  endfacet
  facet normal 0.0416295155883 -0.766678154469 0.640680551529
    outer loop
      vertex -0.363914459944 10.7004289627 3.55642032623
      vertex -0.626978635788 10.684513092 3.55543589592
      vertex -0.401937186718 10.6991357803 3.55543589592
    endloop
  endfacet
  facet normal -0.9761967659 -0.0686475262046 0.205736294389
    outer loop
      vertex -0.855491757393 10.3390045166 4.03936338425
      vertex -0.860499382019 10.3285703659 4.14184427261
      vertex -0.869486153126 10.3782224655 4.1208319664
    endloop
  endfacet
  facet normal -0.976196825504 -0.0686478167772 0.205735728145
    outer loop
      vertex -0.873119294643 10.4187068939 4.05116605759
      vertex -0.855491757393 10.3390045166 4.03936338425
      vertex -0.869486153126 10.3782224655 4.1208319664
    endloop
  endfacet
  facet normal -0.976196885109 -0.0686467066407 0.205735906959
    outer loop
      vertex -0.873119294643 10.4187068939 4.05116605759
      vertex -0.858830153942 10.3890399933 3.93687939644
      vertex -0.855491757393 10.3390045166 4.03936338425
    endloop
  endfacet
  facet normal -0.976196467876 -0.0686475783587 0.205737665296
    outer loop
      vertex -0.840973198414 10.3106479645 3.91788697243
      vertex -0.855491757393 10.3390045166 4.03936338425
      vertex -0.858830153942 10.3890399933 3.93687939644
    endloop
  endfacet
  facet normal -0.976196467876 -0.0686474442482 0.205737695098
    outer loop
      vertex -0.858830153942 10.3890399933 3.93687939644
      vertex -0.845526337624 10.3598003387 3.83532381058
      vertex -0.840973198414 10.3106479645 3.91788697243
    endloop
  endfacet
  facet normal -0.976196408272 -0.068647608161 0.20573797822
    outer loop
      vertex -0.845526337624 10.3598003387 3.83532381058
      vertex -0.828592181206 10.2956619263 3.78673839569
      vertex -0.840973198414 10.3106479645 3.91788697243
    endloop
  endfacet
  facet normal -0.976196944714 -0.0686479583383 0.205735355616
    outer loop
      vertex -0.840973198414 10.3106479645 3.91788697243
      vertex -0.828592181206 10.2956619263 3.78673839569
      vertex -0.828005433083 10.2655115128 3.86875391006
    endloop
  endfacet
  facet normal -0.976196467876 -0.0686482936144 0.205737471581
    outer loop
      vertex -0.83904582262 10.3682661057 3.71779847145
      vertex -0.828592181206 10.2956619263 3.78673839569
      vertex -0.845526337624 10.3598003387 3.83532381058
    endloop
  endfacet
  facet normal -0.976196825504 -0.0686467438936 0.20573605597
    outer loop
      vertex -0.828592181206 10.2956619263 3.78673839569
      vertex -0.83904582262 10.3682661057 3.71779847145
      vertex -0.820119082928 10.3028392792 3.64473485947
    endloop
  endfacet
  facet normal -0.976195812225 -0.0686469227076 0.205740854144
    outer loop
      vertex -0.828592181206 10.2956619263 3.78673839569
      vertex -0.820119082928 10.3028392792 3.64473485947
      vertex -0.812569320202 10.2466917038 3.70565342903
    endloop
  endfacet
  facet normal -0.976196467876 -0.0686475932598 0.205737620592
    outer loop
      vertex -0.855491757393 10.3390045166 4.03936338425
      vertex -0.840973198414 10.3106479645 3.91788697243
      vertex -0.842069149017 10.287405014 4.00313234329
    endloop
  endfacet
  facet normal -0.976196885109 -0.068646684289 0.205735966563
    outer loop
      vertex -0.877424836159 10.4700031281 3.95865702629
      vertex -0.858830153942 10.3890399933 3.93687939644
      vertex -0.873119294643 10.4187068939 4.05116605759
    endloop
  endfacet
  facet normal 0 -1 0
    outer loop
      vertex -0.829046666622 10.374997139 3.55543589592
      vertex -0.720506906509 10.3775520325 3.55543589592
      vertex -0.827529251575 10.3677968979 3.55543589592
    endloop
  endfacet
  facet normal 0 -1 0
    outer loop
      vertex -0.829553306103 10.3774003983 3.55543589592
      vertex -0.720506906509 10.3775520325 3.55543589592
      vertex -0.829046666622 10.374997139 3.55543589592
    endloop
  endfacet
  facet normal 0 -1 0
    outer loop
      vertex -0.831396579742 10.3861465454 3.55543589592
      vertex -0.720506906509 10.3775520325 3.55543589592
      vertex -0.829553306103 10.3774003983 3.55543589592
    endloop
  endfacet
  facet normal 0 -1 -0
    outer loop
      vertex -0.831396579742 10.3861465454 3.55543589592
      vertex -0.845265686512 10.4519538879 3.55543589592
      vertex -0.720506906509 10.3775520325 3.55543589592
    endloop
  endfacet
  facet normal 0 -1 0
    outer loop
      vertex -0.677047371864 10.2396411896 3.55543589592
      vertex -0.804968893528 10.2607517242 3.55543589592
      vertex -0.812881588936 10.2982950211 3.55543589592
    endloop
  endfacet
  facet normal -0.976197242737 -0.0686481818557 0.205733776093
    outer loop
      vertex -0.802074670792 10.2348451614 3.59191989899
      vertex -0.78463947773 10.1625099182 3.56076931953
      vertex -0.798150241375 10.1836929321 3.68941235542
    endloop
  endfacet
  facet normal -1.3240316548e-05 -1 -2.15883190435e-07
    outer loop
      vertex -0.677047371864 10.2396411896 3.55543589592
      vertex -0.387721955776 10.1790933609 3.55543208122
      vertex -0.679017066956 10.1188402176 3.55543589592
    endloop
  endfacet
  facet normal 0.0154669554904 -0.999795734882 -0.0130102448165
    outer loop
      vertex -0.461743593216 9.85801315308 3.55901455879
      vertex -0.679618477821 9.84202384949 3.55543589592
      vertex -0.72912466526 9.90087890625 3.55543589592
    endloop
  endfacet
  facet normal 0.0138505604118 -0.999899804592 -0.00291908229701
    outer loop
      vertex -0.461743593216 9.85801315308 3.55901455879
      vertex -0.72912466526 9.90087890625 3.55543589592
      vertex -0.738954484463 9.94751930237 3.55543589592
    endloop
  endfacet
  facet normal 0.0138504989445 -0.999899804592 -0.00291889230721
    outer loop
      vertex -0.461743593216 9.85801315308 3.55901455879
      vertex -0.738954484463 9.94751930237 3.55543589592
      vertex -0.741159260273 9.95798110962 3.55543589592
    endloop
  endfacet
  facet normal 0 -1 0
    outer loop
      vertex -0.679618477821 9.84202384949 3.55543589592
      vertex -0.720249354839 9.85876655579 3.55543589592
      vertex -0.72912466526 9.90087890625 3.55543589592
    endloop
  endfacet
  facet normal -0 -1 0
    outer loop
      vertex -0.679618477821 9.84202384949 3.55543589592
      vertex -0.71632039547 9.84012413025 3.55543589592
      vertex -0.720249354839 9.85876655579 3.55543589592
    endloop
  endfacet
  facet normal 0.524724841118 -0.767530977726 0.368184775114
    outer loop
      vertex 0.660655736923 10.0309171677 3.72177457809
      vertex 0.68260794878 10.0537166595 3.7258450985
      vertex 0.691165983677 10.0281190872 3.74397492409
    endloop
  endfacet
  facet normal 0.343643397093 -0.851330220699 0.39641648531
    outer loop
      vertex 0.575079917908 10.0457878113 3.67148685455
      vertex 0.61274009943 10.0470714569 3.68609070778
      vertex 0.60094833374 10.0205888748 3.69366240501
    endloop
  endfacet
  facet normal 0.681789159775 -0.611969232559 0.400820672512
    outer loop
      vertex 0.71357524395 10.0496664047 3.75482845306
      vertex 0.715360403061 10.0165061951 3.77853631973
      vertex 0.691165983677 10.0281190872 3.74397492409
    endloop
  endfacet
  facet normal 0.368753641844 -0.827271938324 0.423841834068
    outer loop
      vertex 0.60094833374 10.0205888748 3.69366240501
      vertex 0.632706940174 10.033246994 3.7013335228
      vertex 0.634028553963 10.0057191849 3.71602606773
    endloop
  endfacet
  facet normal 0.361721903086 -0.854818046093 0.372079730034
    outer loop
      vertex 0.556548655033 10.0898370743 3.64447188377
      vertex 0.602520942688 10.0712146759 3.67203092575
      vertex 0.575079917908 10.0457878113 3.67148685455
    endloop
  endfacet
  facet normal 0.462333500385 -0.827211916447 0.319324612617
    outer loop
      vertex 0.661366760731 10.1154155731 3.68612861633
      vertex 0.648058891296 10.0683584213 3.69685578346
      vertex 0.617203235626 10.1072816849 3.66458511353
    endloop
  endfacet
  facet normal 0.387745708227 -0.839880228043 0.379808425903
    outer loop
      vertex 0.617203235626 10.1072816849 3.66458511353
      vertex 0.556548655033 10.0898370743 3.64447188377
      vertex 0.58819180727 10.1347808838 3.63875603676
    endloop
  endfacet
  facet normal 0.431891232729 -0.832241237164 0.347626924515
    outer loop
      vertex 0.602520942688 10.0712146759 3.67203092575
      vertex 0.617203235626 10.1072816849 3.66458511353
      vertex 0.648058891296 10.0683584213 3.69685578346
    endloop
  endfacet
  facet normal 0.348247587681 -0.866643428802 0.357285261154
    outer loop
      vertex 0.602520942688 10.0712146759 3.67203092575
      vertex 0.61274009943 10.0470714569 3.68609070778
      vertex 0.575079917908 10.0457878113 3.67148685455
    endloop
  endfacet
  facet normal 0.438930183649 -0.8469851017 0.299927532673
    outer loop
      vertex 0.632706940174 10.033246994 3.7013335228
      vertex 0.61274009943 10.0470714569 3.68609070778
      vertex 0.648058891296 10.0683584213 3.69685578346
    endloop
  endfacet
  facet normal 0.594871938229 -0.668699502945 0.446058690548
    outer loop
      vertex 0.750217378139 10.0400419235 3.7938451767
      vertex 0.715360403061 10.0165061951 3.77853631973
      vertex 0.71357524395 10.0496664047 3.75482845306
    endloop
  endfacet
  facet normal 0.470948964357 -0.47374600172 0.744158446789
    outer loop
      vertex 0.668285965919 10.0023365021 3.7539973259
      vertex 0.715360403061 10.0165061951 3.77853631973
      vertex 0.699847638607 9.98703575134 3.8094060421
    endloop
  endfacet
  facet normal 0.670412480831 -0.711643099785 0.210026726127
    outer loop
      vertex 0.780184626579 10.1108407974 3.79663228989
      vertex 0.737282156944 10.086180687 3.76349329948
      vertex 0.739930510521 10.1430253983 3.74921154976
    endloop
  endfacet
  facet normal 0.732308447361 -0.644834041595 0.218891203403
    outer loop
      vertex 0.750217378139 10.0400419235 3.7938451767
      vertex 0.737282156944 10.086180687 3.76349329948
      vertex 0.773006618023 10.0672464371 3.81049108505
    endloop
  endfacet
  facet normal 0.398786693811 -0.451322227716 0.798296570778
    outer loop
      vertex 0.634028553963 10.0057191849 3.71602606773
      vertex 0.623577952385 9.98609733582 3.74149799347
      vertex 0.592325866222 9.98798465729 3.71054601669
    endloop
  endfacet
  facet normal 0.419718891382 -0.655888736248 0.627412140369
    outer loop
      vertex 0.691165983677 10.0281190872 3.74397492409
      vertex 0.668285965919 10.0023365021 3.7539973259
      vertex 0.660655736923 10.0309171677 3.72177457809
    endloop
  endfacet
  facet normal 0.258530259132 -0.87609398365 0.406966090202
    outer loop
      vertex 0.513652324677 10.1064929962 3.62407612801
      vertex 0.556548655033 10.0898370743 3.64447188377
      vertex 0.491411238909 10.0774393082 3.63100886345
    endloop
  endfacet
  facet normal 0.48096460104 -0.832614779472 0.274637341499
    outer loop
      vertex 0.617203235626 10.1072816849 3.66458511353
      vertex 0.58819180727 10.1347808838 3.63875603676
      vertex 0.640300095081 10.1677360535 3.65798640251
    endloop
  endfacet
  facet normal 0.420867800713 -0.506756722927 0.752374887466
    outer loop
      vertex 0.753620445728 10.0038022995 3.82917261124
      vertex 0.699847638607 9.98703575134 3.8094060421
      vertex 0.715360403061 10.0165061951 3.77853631973
    endloop
  endfacet
  facet normal 0.181418389082 -0.460302114487 0.869027793407
    outer loop
      vertex 0.592325866222 9.98798465729 3.71054601669
      vertex 0.579445064068 9.96417617798 3.75041890144
      vertex 0.532924592495 9.97695541382 3.70795631409
    endloop
  endfacet
  facet normal 0.258905023336 -0.828062653542 0.497272968292
    outer loop
      vertex 0.60094833374 10.0205888748 3.69366240501
      vertex 0.592325866222 9.98798465729 3.71054601669
      vertex 0.552385210991 10.0108890533 3.68430328369
    endloop
  endfacet
  facet normal 0.412919700146 -0.443403542042 0.795544207096
    outer loop
      vertex 0.623577952385 9.98609733582 3.74149799347
      vertex 0.634028553963 10.0057191849 3.71602606773
      vertex 0.668285965919 10.0023365021 3.7539973259
    endloop
  endfacet
  facet normal 0.363256543875 -0.84047794342 0.402046650648
    outer loop
      vertex 0.632706940174 10.033246994 3.7013335228
      vertex 0.60094833374 10.0205888748 3.69366240501
      vertex 0.61274009943 10.0470714569 3.68609070778
    endloop
  endfacet
  facet normal 0.524898648262 -0.761114001274 0.381034016609
    outer loop
      vertex 0.660655736923 10.0309171677 3.72177457809
      vertex 0.634028553963 10.0057191849 3.71602606773
      vertex 0.632706940174 10.033246994 3.7013335228
    endloop
  endfacet
  facet normal 0.373399436474 -0.903472900391 0.210498422384
    outer loop
      vertex 0.58819180727 10.1347808838 3.63875603676
      vertex 0.532681882381 10.1454324722 3.61333227158
      vertex 0.584762752056 10.1700897217 3.62911224365
    endloop
  endfacet
  facet normal 0.102494589984 -0.960098028183 0.26020488143
    outer loop
      vertex 0.394288927317 10.2068862915 3.56944489479
      vertex 0.463452875614 10.1657819748 3.58796858788
      vertex 0.392930984497 10.1216001511 3.5924141407
    endloop
  endfacet
  facet normal 0.257913440466 -0.894288003445 0.365690618753
    outer loop
      vertex 0.43849503994 10.0792236328 3.61501836777
      vertex 0.472428292036 10.1154203415 3.61000323296
      vertex 0.491411238909 10.0774393082 3.63100886345
    endloop
  endfacet
  facet normal 0.334663182497 -0.876106262207 0.347042262554
    outer loop
      vertex 0.58819180727 10.1347808838 3.63875603676
      vertex 0.556548655033 10.0898370743 3.64447188377
      vertex 0.532681882381 10.1454324722 3.61333227158
    endloop
  endfacet
  facet normal 0.266220599413 -0.867562830448 0.420072942972
    outer loop
      vertex 0.575079917908 10.0457878113 3.67148685455
      vertex 0.519166529179 10.0419092178 3.65620732307
      vertex 0.556548655033 10.0898370743 3.64447188377
    endloop
  endfacet
  facet normal 0.172697424889 -0.880343556404 0.441781461239
    outer loop
      vertex 0.384641468525 10.0589237213 3.61464095116
      vertex 0.43849503994 10.0792236328 3.61501836777
      vertex 0.446454256773 10.0343647003 3.63909125328
    endloop
  endfacet
  facet normal 0.248947173357 -0.920679807663 0.300622612238
    outer loop
      vertex 0.511712551117 10.1957855225 3.59122109413
      vertex 0.532681882381 10.1454324722 3.61333227158
      vertex 0.463452875614 10.1657819748 3.58796858788
    endloop
  endfacet
  facet normal 0.445877730846 -0.873531877995 0.195282131433
    outer loop
      vertex 0.58819180727 10.1347808838 3.63875603676
      vertex 0.584762752056 10.1700897217 3.62911224365
      vertex 0.640300095081 10.1677360535 3.65798640251
    endloop
  endfacet
  facet normal 0.21948723495 -0.394262731075 0.892402529716
    outer loop
      vertex 0.747891008854 9.98007202148 3.85191440582
      vertex 0.711441516876 9.97004795074 3.85431361198
      vertex 0.699847638607 9.98703575134 3.8094060421
    endloop
  endfacet
  facet normal 0.406669378281 -0.368595600128 0.835917055607
    outer loop
      vertex 0.623577952385 9.98609733582 3.74149799347
      vertex 0.668285965919 10.0023365021 3.7539973259
      vertex 0.638089954853 9.9757900238 3.78088474274
    endloop
  endfacet
  facet normal 0.318772882223 -0.804621577263 0.500967025757
    outer loop
      vertex 0.634028553963 10.0057191849 3.71602606773
      vertex 0.592325866222 9.98798465729 3.71054601669
      vertex 0.60094833374 10.0205888748 3.69366240501
    endloop
  endfacet
  facet normal 0.342442601919 -0.397659271955 0.85123449564
    outer loop
      vertex 0.579445064068 9.96417617798 3.75041890144
      vertex 0.592325866222 9.98798465729 3.71054601669
      vertex 0.623577952385 9.98609733582 3.74149799347
    endloop
  endfacet
  facet normal 0.356571227312 -0.357289910316 0.86325019598
    outer loop
      vertex 0.623577952385 9.98609733582 3.74149799347
      vertex 0.638089954853 9.9757900238 3.78088474274
      vertex 0.579445064068 9.96417617798 3.75041890144
    endloop
  endfacet
  facet normal 0.361666172743 -0.627944469452 0.689117789268
    outer loop
      vertex 0.815675914288 9.97308254242 3.89862632751
      vertex 0.747891008854 9.98007202148 3.85191440582
      vertex 0.753620445728 10.0038022995 3.82917261124
    endloop
  endfacet
  facet normal 0.0842866078019 -0.953899204731 0.288048654795
    outer loop
      vertex 0.394288927317 10.2068862915 3.56944489479
      vertex 0.472061902285 10.2274055481 3.57012081146
      vertex 0.463452875614 10.1657819748 3.58796858788
    endloop
  endfacet
  facet normal 0.397215813398 -0.889351963997 0.226434737444
    outer loop
      vertex 0.584762752056 10.1700897217 3.62911224365
      vertex 0.559487938881 10.2014389038 3.60984182358
      vertex 0.60198277235 10.2019891739 3.62868142128
    endloop
  endfacet
  facet normal 0.103549942374 -0.926421523094 0.361967593431
    outer loop
      vertex 0.472061902285 10.2274055481 3.57012081146
      vertex 0.394288927317 10.2068862915 3.56944489479
      vertex 0.448992878199 10.2563381195 3.5562376976
    endloop
  endfacet
  facet normal 0.383499085903 -0.892041087151 0.239146694541
    outer loop
      vertex 0.584762752056 10.1700897217 3.62911224365
      vertex 0.532681882381 10.1454324722 3.61333227158
      vertex 0.559487938881 10.2014389038 3.60984182358
    endloop
  endfacet
  facet normal 0.4351580441 -0.864202976227 0.252568125725
    outer loop
      vertex 0.629772365093 10.221909523 3.63685274124
      vertex 0.640300095081 10.1677360535 3.65798640251
      vertex 0.60198277235 10.2019891739 3.62868142128
    endloop
  endfacet
  facet normal 0.546316802502 -0.816724121571 0.185740813613
    outer loop
      vertex 0.677146911621 10.2388353348 3.66119265556
      vertex 0.651684045792 10.2436971664 3.64305448532
      vertex 0.660928010941 10.2892780304 3.63887190819
    endloop
  endfacet
  facet normal 0.470475614071 -0.851719915867 0.230707481503
    outer loop
      vertex 0.651684045792 10.2436971664 3.64305448532
      vertex 0.655485749245 10.2137260437 3.6532728672
      vertex 0.629772365093 10.221909523 3.63685274124
    endloop
  endfacet
  facet normal 0.542180597782 -0.813284635544 0.21120673418
    outer loop
      vertex 0.676417350769 10.1973190308 3.67148804665
      vertex 0.655485749245 10.2137260437 3.6532728672
      vertex 0.677146911621 10.2388353348 3.66119265556
    endloop
  endfacet
  facet normal 0.648992955685 -0.677755177021 0.345624119043
    outer loop
      vertex 0.742216050625 10.2013483047 3.73237752914
      vertex 0.708169400692 10.2206382751 3.68993902206
      vertex 0.741427540779 10.2484416962 3.70760703087
    endloop
  endfacet
  facet normal 0.741122663021 -0.636742591858 0.212828561664
    outer loop
      vertex 0.701657176018 10.1694221497 3.69584131241
      vertex 0.742216050625 10.2013483047 3.73237752914
      vertex 0.739930510521 10.1430253983 3.74921154976
    endloop
  endfacet
  facet normal 0.85962253809 -0.480929344893 0.172499388456
    outer loop
      vertex 0.773128569126 10.1747627258 3.79716706276
      vertex 0.739930510521 10.1430253983 3.74921154976
      vertex 0.742216050625 10.2013483047 3.73237752914
    endloop
  endfacet
  facet normal 0.705411016941 -0.678972542286 0.203449070454
    outer loop
      vertex 0.700148701668 10.1176567078 3.71548223495
      vertex 0.739930510521 10.1430253983 3.74921154976
      vertex 0.737282156944 10.086180687 3.76349329948
    endloop
  endfacet
  facet normal 0.595625638962 -0.772005140781 0.221896633506
    outer loop
      vertex 0.707599282265 10.2692604065 3.67552375793
      vertex 0.741427540779 10.2484416962 3.70760703087
      vertex 0.708169400692 10.2206382751 3.68993902206
    endloop
  endfacet
  facet normal 0.799636125565 -0.536864638329 0.26899522543
    outer loop
      vertex 0.742216050625 10.2013483047 3.73237752914
      vertex 0.741427540779 10.2484416962 3.70760703087
      vertex 0.781300663948 10.2543134689 3.76405453682
    endloop
  endfacet
  facet normal 0.407660335302 -0.888569653034 0.210373535752
    outer loop
      vertex 0.632765710354 10.2556390762 3.62986469269
      vertex 0.594032287598 10.2497930527 3.61347842216
      vertex 0.625183582306 10.2744483948 3.62193274498
    endloop
  endfacet
  facet normal 0.466602444649 -0.850921809673 0.241276338696
    outer loop
      vertex 0.640300095081 10.1677360535 3.65798640251
      vertex 0.629772365093 10.221909523 3.63685274124
      vertex 0.655485749245 10.2137260437 3.6532728672
    endloop
  endfacet
  facet normal 0.438522398472 -0.86371421814 0.248386517167
    outer loop
      vertex 0.584762752056 10.1700897217 3.62911224365
      vertex 0.60198277235 10.2019891739 3.62868142128
      vertex 0.640300095081 10.1677360535 3.65798640251
    endloop
  endfacet
  facet normal 0.413000047207 -0.885491132736 0.212923556566
    outer loop
      vertex 0.629772365093 10.221909523 3.63685274124
      vertex 0.60198277235 10.2019891739 3.62868142128
      vertex 0.594032287598 10.2497930527 3.61347842216
    endloop
  endfacet
  facet normal 0.397961616516 -0.891301929951 0.217272683978
    outer loop
      vertex 0.559487938881 10.2014389038 3.60984182358
      vertex 0.594032287598 10.2497930527 3.61347842216
      vertex 0.60198277235 10.2019891739 3.62868142128
    endloop
  endfacet
  facet normal 0.299127191305 -0.94273006916 0.147590354085
    outer loop
      vertex 0.53039419651 10.247341156 3.58806443214
      vertex 0.48205268383 10.3200597763 3.56134128571
      vertex 0.558709621429 10.2932920456 3.58985495567
    endloop
  endfacet
  facet normal 0.485273331404 -0.856262028217 0.176989167929
    outer loop
      vertex 0.651684045792 10.2436971664 3.64305448532
      vertex 0.632765710354 10.2556390762 3.62986469269
      vertex 0.660928010941 10.2892780304 3.63887190819
    endloop
  endfacet
  facet normal 0.370174258947 -0.908014595509 0.19616445899
    outer loop
      vertex 0.53039419651 10.247341156 3.58806443214
      vertex 0.594032287598 10.2497930527 3.61347842216
      vertex 0.559487938881 10.2014389038 3.60984182358
    endloop
  endfacet
  facet normal 0.377459466457 -0.907126963139 0.186131745577
    outer loop
      vertex 0.611208319664 10.3038291931 3.60953783989
      vertex 0.594032287598 10.2497930527 3.61347842216
      vertex 0.558709621429 10.2932920456 3.58985495567
    endloop
  endfacet
  facet normal 0.408041983843 -0.886109948158 0.219797343016
    outer loop
      vertex 0.629772365093 10.221909523 3.63685274124
      vertex 0.594032287598 10.2497930527 3.61347842216
      vertex 0.632765710354 10.2556390762 3.62986469269
    endloop
  endfacet
  facet normal 0.289822429419 -0.941356539726 0.172773942351
    outer loop
      vertex 0.48205268383 10.3200597763 3.56134128571
      vertex 0.571249723434 10.3483791351 3.58360528946
      vertex 0.558709621429 10.2932920456 3.58985495567
    endloop
  endfacet
  facet normal 0.471607357264 -0.870173096657 0.142776861787
    outer loop
      vertex 0.611208319664 10.3038291931 3.60953783989
      vertex 0.660928010941 10.2892780304 3.63887190819
      vertex 0.625183582306 10.2744483948 3.62193274498
    endloop
  endfacet
  facet normal 0.370310932398 -0.908683121204 0.192781791091
    outer loop
      vertex 0.53039419651 10.247341156 3.58806443214
      vertex 0.558709621429 10.2932920456 3.58985495567
      vertex 0.594032287598 10.2497930527 3.61347842216
    endloop
  endfacet
  facet normal 0.377746880054 -0.90644967556 0.188828825951
    outer loop
      vertex 0.611208319664 10.3038291931 3.60953783989
      vertex 0.558709621429 10.2932920456 3.58985495567
      vertex 0.571249723434 10.3483791351 3.58360528946
    endloop
  endfacet
  facet normal 0.478772461414 -0.86128282547 0.170202389359
    outer loop
      vertex 0.632765710354 10.2556390762 3.62986469269
      vertex 0.625183582306 10.2744483948 3.62193274498
      vertex 0.660928010941 10.2892780304 3.63887190819
    endloop
  endfacet
  facet normal 0.395123511553 -0.898527026176 0.191119343042
    outer loop
      vertex 0.611208319664 10.3038291931 3.60953783989
      vertex 0.625183582306 10.2744483948 3.62193274498
      vertex 0.594032287598 10.2497930527 3.61347842216
    endloop
  endfacet
  facet normal 0.229285851121 -0.969219207764 0.0896779149771
    outer loop
      vertex 0.531856477261 10.5107688904 3.57211375237
      vertex 0.442783683538 10.4682369232 3.55497741699
      vertex 0.468104481697 10.5348463058 3.5548043251
    endloop
  endfacet
  facet normal 0.236345946789 -0.971590518951 0.0123491752893
    outer loop
      vertex 0.574180841446 10.4576234818 3.5830848217
      vertex 0.531856477261 10.5107688904 3.57211375237
      vertex 0.596259593964 10.4970378876 3.5879547596
    endloop
  endfacet
  facet normal 0.242473959923 -0.970157384872 0.000999876530841
    outer loop
      vertex 0.519874632359 10.4188137054 3.5706923008
      vertex 0.571249723434 10.3483791351 3.58360528946
      vertex 0.48205268383 10.3200597763 3.56134128571
    endloop
  endfacet
  facet normal 0.408719271421 -0.899095356464 0.156767576933
    outer loop
      vertex 0.611208319664 10.3038291931 3.60953783989
      vertex 0.571249723434 10.3483791351 3.58360528946
      vertex 0.653854846954 10.3700046539 3.61738610268
    endloop
  endfacet
  facet normal 0.965202927589 -0.179090499878 -0.190551459789
    outer loop
      vertex 0.745666503906 10.4442586899 3.75999808311
      vertex 0.756758213043 10.3895664215 3.7615840435
      vertex 0.735934436321 10.4292230606 3.69155025482
    endloop
  endfacet
  facet normal 0.977802693844 0.0645278468728 -0.199343904853
    outer loop
      vertex 0.76593208313 10.3297147751 3.80746746063
      vertex 0.756758213043 10.3895664215 3.7615840435
      vertex 0.749608755112 10.3986244202 3.84193682671
    endloop
  endfacet
  facet normal 0.346739828587 -0.933720648289 0.0890909805894
    outer loop
      vertex 0.630951464176 10.453701973 3.60089492798
      vertex 0.653854846954 10.3700046539 3.61738610268
      vertex 0.590324580669 10.4093675613 3.59003806114
    endloop
  endfacet
  facet normal 0.369308143854 -0.923768401146 0.101308651268
    outer loop
      vertex 0.676817834377 10.4388875961 3.6208562851
      vertex 0.630951464176 10.453701973 3.60089492798
      vertex 0.672904253006 10.4819545746 3.61456847191
    endloop
  endfacet
  facet normal 0.913839221001 -0.403277784586 0.0475911200047
    outer loop
      vertex 0.735775828362 10.4808664322 3.69741415977
      vertex 0.712034404278 10.4800491333 3.64371180534
      vertex 0.731595575809 10.533829689 3.68169140816
    endloop
  endfacet
  facet normal 0.97955429554 -0.0394080989063 -0.197282418609
    outer loop
      vertex 0.745666503906 10.4442586899 3.75999808311
      vertex 0.735775828362 10.4808664322 3.69741415977
      vertex 0.73200148344 10.5111093521 3.75499558449
    endloop
  endfacet
  facet normal 0.913246393204 -0.404482632875 -0.0487327501178
    outer loop
      vertex 0.735775828362 10.4808664322 3.69741415977
      vertex 0.735934436321 10.4292230606 3.69155025482
      vertex 0.712034404278 10.4800491333 3.64371180534
    endloop
  endfacet
  facet normal 0.961625576019 -0.2734836936 -0.0219756569713
    outer loop
      vertex 0.733563065529 10.3669786453 3.67821025848
      vertex 0.735934436321 10.4292230606 3.69155025482
      vertex 0.756758213043 10.3895664215 3.7615840435
    endloop
  endfacet
  facet normal 0.914433419704 -0.321138143539 -0.246336773038
    outer loop
      vertex 0.756758213043 10.3895664215 3.7615840435
      vertex 0.76221126318 10.3459892273 3.74368453026
      vertex 0.733563065529 10.3669786453 3.67821025848
    endloop
  endfacet
  facet normal 0.92934602499 -0.350644946098 -0.115603260696
    outer loop
      vertex 0.750553131104 10.3007230759 3.69786262512
      vertex 0.76221126318 10.3459892273 3.74368453026
      vertex 0.781300663948 10.2543134689 3.76405453682
    endloop
  endfacet
  facet normal 0.383471667767 -0.923277258873 0.0225519631058
    outer loop
      vertex 0.571249723434 10.3483791351 3.58360528946
      vertex 0.590324580669 10.4093675613 3.59003806114
      vertex 0.653854846954 10.3700046539 3.61738610268
    endloop
  endfacet
  facet normal 0.257848441601 -0.964744448662 0.0527480691671
    outer loop
      vertex 0.590324580669 10.4093675613 3.59003806114
      vertex 0.519874632359 10.4188137054 3.5706923008
      vertex 0.574180841446 10.4576234818 3.5830848217
    endloop
  endfacet
  facet normal 0.232838109136 -0.972395002842 0.0153088606894
    outer loop
      vertex 0.531856477261 10.5107688904 3.57211375237
      vertex 0.574180841446 10.4576234818 3.5830848217
      vertex 0.519874632359 10.4188137054 3.5706923008
    endloop
  endfacet
  facet normal 0.296709269285 -0.954202413559 0.038228418678
    outer loop
      vertex 0.590324580669 10.4093675613 3.59003806114
      vertex 0.574180841446 10.4576234818 3.5830848217
      vertex 0.630951464176 10.453701973 3.60089492798
    endloop
  endfacet
  facet normal 0.25875222683 -0.965620696545 -0.0249798875302
    outer loop
      vertex 0.648362398148 10.5227308273 3.60258102417
      vertex 0.596259593964 10.4970378876 3.5879547596
      vertex 0.593587219715 10.5414981842 3.58838891983
    endloop
  endfacet
  facet normal 0.295973688364 -0.953993022442 0.0479253679514
    outer loop
      vertex 0.574180841446 10.4576234818 3.5830848217
      vertex 0.596259593964 10.4970378876 3.5879547596
      vertex 0.630951464176 10.453701973 3.60089492798
    endloop
  endfacet
  facet normal 0.892098903656 -0.109153136611 -0.438457727432
    outer loop
      vertex 0.715959668159 10.5845251083 3.75753903389
      vertex 0.731595575809 10.533829689 3.68169140816
      vertex 0.688502371311 10.615942955 3.65933728218
    endloop
  endfacet
  facet normal 0.996182382107 0.0207639802247 -0.084791123867
    outer loop
      vertex 0.735775828362 10.4808664322 3.69741415977
      vertex 0.731595575809 10.533829689 3.68169140816
      vertex 0.73200148344 10.5111093521 3.75499558449
    endloop
  endfacet
  facet normal 0.0882596597075 -0.0193440951407 0.995909631252
    outer loop
      vertex 0.650367498398 9.9600687027 3.85830283165
      vertex 0.71865516901 9.96547317505 3.8916323185
      vertex 0.6450278759 9.95894241333 3.89193892479
    endloop
  endfacet
  facet normal 0.312592238188 -0.252647817135 0.915672004223
    outer loop
      vertex 0.579445064068 9.96417617798 3.75041890144
      vertex 0.638089954853 9.9757900238 3.78088474274
      vertex 0.594228208065 9.95237255096 3.81148910522
    endloop
  endfacet
  facet normal 0.159559637308 -0.640046358109 0.751585900784
    outer loop
      vertex 0.418595522642 9.98991775513 3.66637372971
      vertex 0.458956599236 9.96367359161 3.70725274086
      vertex 0.391702532768 9.9630355835 3.69123673439
    endloop
  endfacet
  facet normal 0.250348716974 -0.520047783852 0.816624641418
    outer loop
      vertex 0.532924592495 9.97695541382 3.70795631409
      vertex 0.579445064068 9.96417617798 3.75041890144
      vertex 0.515465497971 9.95291805267 3.73729729652
    endloop
  endfacet
  facet normal 0.269415825605 -0.245213195682 0.931281685829
    outer loop
      vertex 0.594228208065 9.95237255096 3.81148910522
      vertex 0.533656954765 9.94479084015 3.77373194695
      vertex 0.579445064068 9.96417617798 3.75041890144
    endloop
  endfacet
  facet normal 0.00330910761841 -0.388747215271 0.921338498592
    outer loop
      vertex 0.32614672184 9.93327045441 3.75912857056
      vertex 0.395925432444 9.94533157349 3.73113679886
      vertex 0.398749709129 9.92827415466 3.77158665657
    endloop
  endfacet
  facet normal 0.0935047641397 -0.82131934166 0.56275343895
    outer loop
      vertex 0.490930020809 9.99630069733 3.67023539543
      vertex 0.418595522642 9.98991775513 3.66637372971
      vertex 0.446454256773 10.0343647003 3.63909125328
    endloop
  endfacet
  facet normal 0.128363862634 -0.728751718998 0.67263931036
    outer loop
      vertex 0.287862092257 9.99100971222 3.6454474926
      vertex 0.319996595383 10.0024909973 3.64051055908
      vertex 0.308297008276 9.98512840271 3.6544752121
    endloop
  endfacet
  facet normal 0.10195287317 -0.60675483942 0.788323640823
    outer loop
      vertex 0.458956599236 9.96367359161 3.70725274086
      vertex 0.418595522642 9.98991775513 3.66637372971
      vertex 0.490930020809 9.99630069733 3.67023539543
    endloop
  endfacet
  facet normal 0.101448297501 -0.543581664562 0.833203017712
    outer loop
      vertex 0.278304487467 9.97026252747 3.67069888115
      vertex 0.346795707941 9.98190784454 3.66563177109
      vertex 0.33645093441 9.95548248291 3.70420527458
    endloop
  endfacet
  facet normal 0.253434866667 -0.492367714643 0.832673251629
    outer loop
      vertex 0.747891008854 9.98007202148 3.85191440582
      vertex 0.815675914288 9.97308254242 3.89862632751
      vertex 0.75628221035 9.97155094147 3.87064480782
    endloop
  endfacet
  facet normal 0.314290255308 -0.32948666811 0.890314638615
    outer loop
      vertex 0.638089954853 9.9757900238 3.78088474274
      vertex 0.699847638607 9.98703575134 3.8094060421
      vertex 0.65908074379 9.96793079376 3.82214379311
    endloop
  endfacet
  facet normal 0.0183938890696 -0.367472976446 0.929852306843
    outer loop
      vertex 0.464515328407 9.94140815735 3.76387238503
      vertex 0.458956599236 9.96367359161 3.70725274086
      vertex 0.515465497971 9.95291805267 3.73729729652
    endloop
  endfacet
  facet normal 0.312971800566 -0.685536682606 0.657334089279
    outer loop
      vertex 0.532924592495 9.97695541382 3.70795631409
      vertex 0.490930020809 9.99630069733 3.67023539543
      vertex 0.552385210991 10.0108890533 3.68430328369
    endloop
  endfacet
  facet normal 0.282399058342 -0.402348637581 0.870842337608
    outer loop
      vertex 0.711441516876 9.97004795074 3.85431361198
      vertex 0.65908074379 9.96793079376 3.82214379311
      vertex 0.699847638607 9.98703575134 3.8094060421
    endloop
  endfacet
  facet normal 0.167723238468 0.0938322097063 0.981358468533
    outer loop
      vertex 0.57592612505 9.95652866364 3.88767075539
      vertex 0.514016032219 9.93904495239 3.8154797554
      vertex 0.594228208065 9.95237255096 3.81148910522
    endloop
  endfacet
  facet normal 0.298851847649 -0.844340085983 0.444721728563
    outer loop
      vertex 0.490930020809 9.99630069733 3.67023539543
      vertex 0.519166529179 10.0419092178 3.65620732307
      vertex 0.552385210991 10.0108890533 3.68430328369
    endloop
  endfacet
  facet normal 0.248974263668 -0.871107339859 0.423301130533
    outer loop
      vertex 0.491411238909 10.0774393082 3.63100886345
      vertex 0.519166529179 10.0419092178 3.65620732307
      vertex 0.446454256773 10.0343647003 3.63909125328
    endloop
  endfacet
  facet normal 0.257157951593 -0.840963959694 0.476077049971
    outer loop
      vertex 0.60094833374 10.0205888748 3.69366240501
      vertex 0.552385210991 10.0108890533 3.68430328369
      vertex 0.575079917908 10.0457878113 3.67148685455
    endloop
  endfacet
  facet normal 0.148927435279 -0.769116997719 0.62151402235
    outer loop
      vertex 0.532924592495 9.97695541382 3.70795631409
      vertex 0.552385210991 10.0108890533 3.68430328369
      vertex 0.592325866222 9.98798465729 3.71054601669
    endloop
  endfacet
  facet normal 0.150294438004 -0.571481347084 0.80673456192
    outer loop
      vertex 0.532924592495 9.97695541382 3.70795631409
      vertex 0.515465497971 9.95291805267 3.73729729652
      vertex 0.458956599236 9.96367359161 3.70725274086
    endloop
  endfacet
  facet normal 0.227284744382 -0.318737983704 0.920188963413
    outer loop
      vertex 0.515465497971 9.95291805267 3.73729729652
      vertex 0.579445064068 9.96417617798 3.75041890144
      vertex 0.533656954765 9.94479084015 3.77373194695
    endloop
  endfacet
  facet normal 0.0106488177553 -0.373189091682 0.927694201469
    outer loop
      vertex 0.395925432444 9.94533157349 3.73113679886
      vertex 0.32614672184 9.93327045441 3.75912857056
      vertex 0.33645093441 9.95548248291 3.70420527458
    endloop
  endfacet
  facet normal 0.1258020401 -0.373736143112 0.918964147568
    outer loop
      vertex 0.464515328407 9.94140815735 3.76387238503
      vertex 0.395925432444 9.94533157349 3.73113679886
      vertex 0.458956599236 9.96367359161 3.70725274086
    endloop
  endfacet
  facet normal 0.0837020501494 -0.256573855877 0.962893486023
    outer loop
      vertex 0.515465497971 9.95291805267 3.73729729652
      vertex 0.533656954765 9.94479084015 3.77373194695
      vertex 0.464515328407 9.94140815735 3.76387238503
    endloop
  endfacet
  facet normal 0.16070497036 -0.0599950999022 0.985177397728
    outer loop
      vertex 0.533656954765 9.94479084015 3.77373194695
      vertex 0.594228208065 9.95237255096 3.81148910522
      vertex 0.514016032219 9.93904495239 3.8154797554
    endloop
  endfacet
  facet normal 0.106865100563 -0.412672072649 0.904589176178
    outer loop
      vertex 0.395925432444 9.94533157349 3.73113679886
      vertex 0.391702532768 9.9630355835 3.69123673439
      vertex 0.458956599236 9.96367359161 3.70725274086
    endloop
  endfacet
  facet normal 0.087660394609 -0.686075389385 0.722230017185
    outer loop
      vertex 0.418595522642 9.98991775513 3.66637372971
      vertex 0.391702532768 9.9630355835 3.69123673439
      vertex 0.346795707941 9.98190784454 3.66563177109
    endloop
  endfacet
  facet normal -0.0721320733428 0.0204903036356 0.997184574604
    outer loop
      vertex 0.32614672184 9.93327045441 3.75912857056
      vertex 0.398749709129 9.92827415466 3.77158665657
      vertex 0.365715324879 9.93158340454 3.81631493568
    endloop
  endfacet
  facet normal 0.0637506023049 -0.106583327055 0.99225795269
    outer loop
      vertex 0.533656954765 9.94479084015 3.77373194695
      vertex 0.514016032219 9.93904495239 3.8154797554
      vertex 0.464515328407 9.94140815735 3.76387238503
    endloop
  endfacet
  facet normal 0.135531380773 -0.392987519503 0.90950101614
    outer loop
      vertex 0.464515328407 9.94140815735 3.76387238503
      vertex 0.398749709129 9.92827415466 3.77158665657
      vertex 0.395925432444 9.94533157349 3.73113679886
    endloop
  endfacet
  facet normal 0.030005928129 0.216836050153 0.975746750832
    outer loop
      vertex 0.322395801544 9.93961906433 3.85847091675
      vertex 0.365715324879 9.93158340454 3.81631493568
      vertex 0.436791270971 9.93483448029 3.82111001015
    endloop
  endfacet
  facet normal 0.186107084155 -0.336072832346 0.923265516758
    outer loop
      vertex 0.159099206328 9.9260263443 3.72338557243
      vertex 0.201972827315 9.94395160675 3.69788146019
      vertex 0.209793061018 9.9240398407 3.75691533089
    endloop
  endfacet
  facet normal 0.20338781178 -0.495387285948 0.844526410103
    outer loop
      vertex 0.153649911284 9.95775794983 3.65450596809
      vertex 0.201972827315 9.94395160675 3.69788146019
      vertex 0.12587800622 9.93873977661 3.67552542686
    endloop
  endfacet
  facet normal 0.161391928792 -0.681884884834 0.713432312012
    outer loop
      vertex 0.0548173189163 9.94233798981 3.64011573792
      vertex 0.0971026420593 9.98414516449 3.60638332367
      vertex 0.114754483104 9.96182727814 3.63391160965
    endloop
  endfacet
  facet normal 0.221437513828 -0.511044442654 0.830541372299
    outer loop
      vertex 0.153649911284 9.95775794983 3.65450596809
      vertex 0.210628658533 9.97556400299 3.65025734901
      vertex 0.201972827315 9.94395160675 3.69788146019
    endloop
  endfacet
  facet normal 0.0969610661268 -0.538131475449 0.837265193462
    outer loop
      vertex 0.278304487467 9.97026252747 3.67069888115
      vertex 0.201972827315 9.94395160675 3.69788146019
      vertex 0.210628658533 9.97556400299 3.65025734901
    endloop
  endfacet
  facet normal 0.245644882321 -0.61240375042 0.751412153244
    outer loop
      vertex 0.114754483104 9.96182727814 3.63391160965
      vertex 0.153649911284 9.95775794983 3.65450596809
      vertex 0.111848689616 9.948097229 3.64959216118
    endloop
  endfacet
  facet normal 0.102817803621 -0.771360933781 0.628037273884
    outer loop
      vertex 0.254528105259 9.99100208282 3.64101052284
      vertex 0.278027236462 10.013007164 3.62622594833
      vertex 0.287862092257 9.99100971222 3.6454474926
    endloop
  endfacet
  facet normal 0.0815509855747 -0.745050191879 0.662004232407
    outer loop
      vertex 0.346795707941 9.98190784454 3.66563177109
      vertex 0.373765617609 10.0152282715 3.6389772892
      vertex 0.418595522642 9.98991775513 3.66637372971
    endloop
  endfacet
  facet normal 0.16171464324 -0.794587254524 0.585217475891
    outer loop
      vertex 0.15380500257 10.0288076401 3.59209537506
      vertex 0.217937767506 10.0117940903 3.61767816544
      vertex 0.157829940319 9.98537158966 3.62490487099
    endloop
  endfacet
  facet normal 0.141370952129 -0.8217664361 0.552009224892
    outer loop
      vertex 0.278027236462 10.013007164 3.62622594833
      vertex 0.324920326471 10.036233902 3.61869096756
      vertex 0.319996595383 10.0024909973 3.64051055908
    endloop
  endfacet
  facet normal 0.151236638427 -0.718005180359 0.679408609867
    outer loop
      vertex 0.346795707941 9.98190784454 3.66563177109
      vertex 0.308297008276 9.98512840271 3.6544752121
      vertex 0.319996595383 10.0024909973 3.64051055908
    endloop
  endfacet
  facet normal 0.105509072542 -0.771720647812 0.627148389816
    outer loop
      vertex 0.319996595383 10.0024909973 3.64051055908
      vertex 0.287862092257 9.99100971222 3.6454474926
      vertex 0.278027236462 10.013007164 3.62622594833
    endloop
  endfacet
  facet normal 0.0972598865628 -0.368329972029 0.924593687057
    outer loop
      vertex 0.279945284128 9.94652843475 3.71364736557
      vertex 0.32614672184 9.93327045441 3.75912857056
      vertex 0.257199734449 9.93375873566 3.73969650269
    endloop
  endfacet
  facet normal 0.0573524087667 -0.484558582306 0.872876644135
    outer loop
      vertex 0.279945284128 9.94652843475 3.71364736557
      vertex 0.278304487467 9.97026252747 3.67069888115
      vertex 0.33645093441 9.95548248291 3.70420527458
    endloop
  endfacet
  facet normal -0.0211495533586 -0.568885147572 0.822144985199
    outer loop
      vertex 0.391702532768 9.9630355835 3.69123673439
      vertex 0.33645093441 9.95548248291 3.70420527458
      vertex 0.346795707941 9.98190784454 3.66563177109
    endloop
  endfacet
  facet normal 0.0871764719486 -0.359401166439 0.929102301598
    outer loop
      vertex 0.279945284128 9.94652843475 3.71364736557
      vertex 0.33645093441 9.95548248291 3.70420527458
      vertex 0.32614672184 9.93327045441 3.75912857056
    endloop
  endfacet
  facet normal -0.126762881875 0.0584964454174 0.990206718445
    outer loop
      vertex 0.32614672184 9.93327045441 3.75912857056
      vertex 0.365715324879 9.93158340454 3.81631493568
      vertex 0.322395801544 9.93961906433 3.85847091675
    endloop
  endfacet
  facet normal 0.0475846976042 -0.0911889374256 0.994696080685
    outer loop
      vertex 0.514016032219 9.93904495239 3.8154797554
      vertex 0.436791270971 9.93483448029 3.82111001015
      vertex 0.464515328407 9.94140815735 3.76387238503
    endloop
  endfacet
  facet normal 0.0715573057532 -0.277972191572 0.957920134068
    outer loop
      vertex 0.257199734449 9.93375873566 3.73969650269
      vertex 0.32614672184 9.93327045441 3.75912857056
      vertex 0.268915861845 9.92465591431 3.774081707
    endloop
  endfacet
  facet normal 0.104012839496 -0.363088876009 0.925930798054
    outer loop
      vertex 0.279945284128 9.94652843475 3.71364736557
      vertex 0.257199734449 9.93375873566 3.73969650269
      vertex 0.201972827315 9.94395160675 3.69788146019
    endloop
  endfacet
  facet normal 0.1349529773 -0.850986242294 0.507553100586
    outer loop
      vertex 0.446454256773 10.0343647003 3.63909125328
      vertex 0.373765617609 10.0152282715 3.6389772892
      vertex 0.384641468525 10.0589237213 3.61464095116
    endloop
  endfacet
  facet normal 0.106888100505 -0.827738463879 0.550839364529
    outer loop
      vertex 0.373765617609 10.0152282715 3.6389772892
      vertex 0.319996595383 10.0024909973 3.64051055908
      vertex 0.324920326471 10.036233902 3.61869096756
    endloop
  endfacet
  facet normal 0.23267622292 0.0249341446906 0.972234547138
    outer loop
      vertex 0.268915861845 9.92465591431 3.774081707
      vertex 0.322395801544 9.93961906433 3.85847091675
      vertex 0.25291749835 9.92146492004 3.79894971848
    endloop
  endfacet
  facet normal 0.102165229619 -0.212042108178 0.971905529499
    outer loop
      vertex 0.159099206328 9.9260263443 3.72338557243
      vertex 0.209793061018 9.9240398407 3.75691533089
      vertex 0.149584650993 9.91942214966 3.74907255173
    endloop
  endfacet
  facet normal 0.121075883508 -0.28722640872 0.950179755688
    outer loop
      vertex 0.159099206328 9.9260263443 3.72338557243
      vertex 0.090878739953 9.91961956024 3.71582269669
      vertex 0.144160494208 9.93055725098 3.70209932327
    endloop
  endfacet
  facet normal 0.0741408988833 -0.327534765005 0.941925764084
    outer loop
      vertex 0.257199734449 9.93375873566 3.73969650269
      vertex 0.209793061018 9.9240398407 3.75691533089
      vertex 0.201972827315 9.94395160675 3.69788146019
    endloop
  endfacet
  facet normal 0.0372681953013 0.238394483924 0.970453083515
    outer loop
      vertex 0.322395801544 9.93961906433 3.85847091675
      vertex 0.436791270971 9.93483448029 3.82111001015
      vertex 0.57592612505 9.95652866364 3.88767075539
    endloop
  endfacet
  facet normal 0.0385876148939 0.102029956877 0.994032621384
    outer loop
      vertex 0.398749709129 9.92827415466 3.77158665657
      vertex 0.436791270971 9.93483448029 3.82111001015
      vertex 0.365715324879 9.93158340454 3.81631493568
    endloop
  endfacet
  facet normal 0.09244466573 -0.284135341644 0.954317092896
    outer loop
      vertex 0.257199734449 9.93375873566 3.73969650269
      vertex 0.268915861845 9.92465591431 3.774081707
      vertex 0.209793061018 9.9240398407 3.75691533089
    endloop
  endfacet
  facet normal 0.16612611711 0.0691379383206 0.98367780447
    outer loop
      vertex 0.322395801544 9.93961906433 3.85847091675
      vertex 0.268915861845 9.92465591431 3.774081707
      vertex 0.32614672184 9.93327045441 3.75912857056
    endloop
  endfacet
  facet normal 0.145492166281 -0.921145141125 0.361003667116
    outer loop
      vertex 0.199663713574 10.0902233124 3.57635235786
      vertex 0.263011872768 10.0538492203 3.60061335564
      vertex 0.208430171013 10.0445775986 3.59562587738
    endloop
  endfacet
  facet normal 0.11026917398 -0.886926651001 0.448555231094
    outer loop
      vertex 0.384641468525 10.0589237213 3.61464095116
      vertex 0.324920326471 10.036233902 3.61869096756
      vertex 0.330081880093 10.0808525085 3.59676718712
    endloop
  endfacet
  facet normal 0.200343251228 -0.83884781599 0.506159007549
    outer loop
      vertex 0.217937767506 10.0117940903 3.61767816544
      vertex 0.15380500257 10.0288076401 3.59209537506
      vertex 0.208430171013 10.0445775986 3.59562587738
    endloop
  endfacet
  facet normal 0.120931766927 -0.75936871767 0.639323592186
    outer loop
      vertex 0.254528105259 9.99100208282 3.64101052284
      vertex 0.217937767506 10.0117940903 3.61767816544
      vertex 0.278027236462 10.013007164 3.62622594833
    endloop
  endfacet
  facet normal 0.137358039618 -0.927695572376 0.34715077281
    outer loop
      vertex 0.384641468525 10.0589237213 3.61464095116
      vertex 0.392930984497 10.1216001511 3.5924141407
      vertex 0.43849503994 10.0792236328 3.61501836777
    endloop
  endfacet
  facet normal 0.230086699128 -0.903451681137 0.361711472273
    outer loop
      vertex 0.513652324677 10.1064929962 3.62407612801
      vertex 0.472428292036 10.1154203415 3.61000323296
      vertex 0.532681882381 10.1454324722 3.61333227158
    endloop
  endfacet
  facet normal 0.162203833461 -0.923056960106 0.348791867495
    outer loop
      vertex 0.392930984497 10.1216001511 3.5924141407
      vertex 0.384641468525 10.0589237213 3.61464095116
      vertex 0.330081880093 10.0808525085 3.59676718712
    endloop
  endfacet
  facet normal 0.1733982265 -0.913246154785 0.3686658144
    outer loop
      vertex 0.472428292036 10.1154203415 3.61000323296
      vertex 0.392930984497 10.1216001511 3.5924141407
      vertex 0.463452875614 10.1657819748 3.58796858788
    endloop
  endfacet
  facet normal 0.130229189992 -0.883819162846 0.449337333441
    outer loop
      vertex 0.263011872768 10.0538492203 3.60061335564
      vertex 0.330081880093 10.0808525085 3.59676718712
      vertex 0.324920326471 10.036233902 3.61869096756
    endloop
  endfacet
  facet normal 0.101746752858 -0.920196950436 0.378001481295
    outer loop
      vertex 0.330081880093 10.0808525085 3.59676718712
      vertex 0.282728672028 10.1096887589 3.57968568802
      vertex 0.332666248083 10.1153154373 3.5828962326
    endloop
  endfacet
  facet normal 0.135131895542 -0.85094499588 0.507574617863
    outer loop
      vertex 0.373765617609 10.0152282715 3.6389772892
      vertex 0.324920326471 10.036233902 3.61869096756
      vertex 0.384641468525 10.0589237213 3.61464095116
    endloop
  endfacet
  facet normal 0.109041281044 -0.859690546989 0.499041259289
    outer loop
      vertex 0.263011872768 10.0538492203 3.60061335564
      vertex 0.324920326471 10.036233902 3.61869096756
      vertex 0.278027236462 10.013007164 3.62622594833
    endloop
  endfacet
  facet normal 0.18354447186 -0.935571312904 0.30169147253
    outer loop
      vertex 0.472428292036 10.1154203415 3.61000323296
      vertex 0.43849503994 10.0792236328 3.61501836777
      vertex 0.392930984497 10.1216001511 3.5924141407
    endloop
  endfacet
  facet normal 0.222655326128 -0.895978868008 0.38424795866
    outer loop
      vertex 0.513652324677 10.1064929962 3.62407612801
      vertex 0.491411238909 10.0774393082 3.63100886345
      vertex 0.472428292036 10.1154203415 3.61000323296
    endloop
  endfacet
  facet normal 0.250463932753 -0.783528208733 0.568639874458
    outer loop
      vertex 0.15380500257 10.0288076401 3.59209537506
      vertex 0.157829940319 9.98537158966 3.62490487099
      vertex 0.0971026420593 9.98414516449 3.60638332367
    endloop
  endfacet
  facet normal 0.0832635834813 -0.732588171959 0.675560295582
    outer loop
      vertex 0.254528105259 9.99100208282 3.64101052284
      vertex 0.210628658533 9.97556400299 3.65025734901
      vertex 0.217937767506 10.0117940903 3.61767816544
    endloop
  endfacet
  facet normal -0.0115683600307 -0.919461727142 0.393009275198
    outer loop
      vertex 0.0272930469364 9.98356342316 3.58819031715
      vertex 0.00795583985746 10.0430297852 3.56301593781
      vertex 0.0772142931819 10.0212831497 3.57143950462
    endloop
  endfacet
  facet normal 0.00332853500731 -0.999979794025 0.00541845709085
    outer loop
      vertex -0.0462836511433 10.1198692322 3.55594801903
      vertex 0.124285370111 10.1602582932 3.55629706383
      vertex 0.0579674132168 10.0995483398 3.55640506744
    endloop
  endfacet
  facet normal 0.0489035733044 -0.679565966129 0.731982588768
    outer loop
      vertex -0.0693107917905 9.92353439331 3.63588786125
      vertex -0.0719625875354 9.94056797028 3.6173491478
      vertex -0.0307304747403 9.92545413971 3.63659667969
    endloop
  endfacet
  facet normal 0.173649460077 -0.550244867802 0.816747486591
    outer loop
      vertex -0.199373111129 9.90572738647 3.63876986504
      vertex -0.222990572453 9.92581939697 3.60149335861
      vertex -0.154008507729 9.9267578125 3.62186908722
    endloop
  endfacet
  facet normal 0.273322105408 -0.393584430218 0.87771654129
    outer loop
      vertex 0.0548173189163 9.94233798981 3.64011573792
      vertex 0.090878739953 9.91961956024 3.71582269669
      vertex -0.00259274197742 9.90742397308 3.67810773849
    endloop
  endfacet
  facet normal 0.0504829846323 -0.666251957417 0.744015991688
    outer loop
      vertex -0.0719625875354 9.94056797028 3.6173491478
      vertex -0.102852731943 9.92374229431 3.63379836082
      vertex -0.114286057651 9.94476127625 3.60946011543
    endloop
  endfacet
  facet normal 0.276739180088 -0.86072820425 0.427273273468
    outer loop
      vertex 0.199663713574 10.0902233124 3.57635235786
      vertex 0.15380500257 10.0288076401 3.59209537506
      vertex 0.11957937479 10.073884964 3.5587143898
    endloop
  endfacet
  facet normal 0.127385109663 -0.913150846958 0.387206047773
    outer loop
      vertex 0.263011872768 10.0538492203 3.60061335564
      vertex 0.199663713574 10.0902233124 3.57635235786
      vertex 0.282728672028 10.1096887589 3.57968568802
    endloop
  endfacet
  facet normal 0.264562249184 -0.76902538538 0.581899285316
    outer loop
      vertex 0.15380500257 10.0288076401 3.59209537506
      vertex 0.0971026420593 9.98414516449 3.60638332367
      vertex 0.0772142931819 10.0212831497 3.57143950462
    endloop
  endfacet
  facet normal 0.0161429811269 -0.833501875401 0.552280783653
    outer loop
      vertex -0.0864052698016 9.97759819031 3.59014225006
      vertex -0.0309770721942 9.99690341949 3.57842373848
      vertex -0.0239788591862 9.95690441132 3.60506272316
    endloop
  endfacet
  facet normal 0.179079726338 -0.399980843067 0.898858070374
    outer loop
      vertex 0.12587800622 9.93873977661 3.67552542686
      vertex 0.201972827315 9.94395160675 3.69788146019
      vertex 0.144160494208 9.93055725098 3.70209932327
    endloop
  endfacet
  facet normal 0.158823758364 -0.4100022614 0.898149847984
    outer loop
      vertex 0.12587800622 9.93873977661 3.67552542686
      vertex 0.0548173189163 9.94233798981 3.64011573792
      vertex 0.111848689616 9.948097229 3.64959216118
    endloop
  endfacet
  facet normal 0.274253636599 -0.860623478889 0.429082900286
    outer loop
      vertex 0.11957937479 10.073884964 3.5587143898
      vertex 0.15380500257 10.0288076401 3.59209537506
      vertex 0.0772142931819 10.0212831497 3.57143950462
    endloop
  endfacet
  facet normal 0.222577497363 -0.974118888378 0.0393910445273
    outer loop
      vertex 0.199663713574 10.0902233124 3.57635235786
      vertex 0.11957937479 10.073884964 3.5587143898
      vertex 0.124285370111 10.1602582932 3.55629706383
    endloop
  endfacet
  facet normal 0.162556856871 -0.919791221619 0.357154637575
    outer loop
      vertex 0.199663713574 10.0902233124 3.57635235786
      vertex 0.208430171013 10.0445775986 3.59562587738
      vertex 0.15380500257 10.0288076401 3.59209537506
    endloop
  endfacet
  facet normal 0.16460070014 -0.839876949787 0.517216920853
    outer loop
      vertex 0.217937767506 10.0117940903 3.61767816544
      vertex 0.208430171013 10.0445775986 3.59562587738
      vertex 0.263011872768 10.0538492203 3.60061335564
    endloop
  endfacet
  facet normal 0.0374274253845 -0.911265194416 0.410115808249
    outer loop
      vertex -0.0708534941077 10.0358514786 3.56456375122
      vertex -0.0864052698016 9.97759819031 3.59014225006
      vertex -0.138534650207 10.0139036179 3.57166171074
    endloop
  endfacet
  facet normal 0.0968747213483 -0.819729745388 0.564498364925
    outer loop
      vertex -0.114286057651 9.94476127625 3.60946011543
      vertex -0.0864052698016 9.97759819031 3.59014225006
      vertex -0.0719625875354 9.94056797028 3.6173491478
    endloop
  endfacet
  facet normal 0.226292043924 -0.696859836578 0.680572032928
    outer loop
      vertex 0.157829940319 9.98537158966 3.62490487099
      vertex 0.114754483104 9.96182727814 3.63391160965
      vertex 0.0971026420593 9.98414516449 3.60638332367
    endloop
  endfacet
  facet normal 0.179687038064 -0.657350122929 0.731849312782
    outer loop
      vertex 0.210628658533 9.97556400299 3.65025734901
      vertex 0.153649911284 9.95775794983 3.65450596809
      vertex 0.157829940319 9.98537158966 3.62490487099
    endloop
  endfacet
  facet normal -0.00419990997761 -0.805077433586 0.593154907227
    outer loop
      vertex -0.0239788591862 9.95690441132 3.60506272316
      vertex -0.0719625875354 9.94056797028 3.6173491478
      vertex -0.0864052698016 9.97759819031 3.59014225006
    endloop
  endfacet
  facet normal 0.229544997215 -0.748444080353 0.62220621109
    outer loop
      vertex -0.222990572453 9.92581939697 3.60149335861
      vertex -0.15482480824 9.96140098572 3.59281897545
      vertex -0.154008507729 9.9267578125 3.62186908722
    endloop
  endfacet
  facet normal 0.180841341615 -0.628710031509 0.756320118904
    outer loop
      vertex 0.114754483104 9.96182727814 3.63391160965
      vertex 0.111848689616 9.948097229 3.64959216118
      vertex 0.0548173189163 9.94233798981 3.64011573792
    endloop
  endfacet
  facet normal 0.250976681709 -0.445808708668 0.859223663807
    outer loop
      vertex 0.12587800622 9.93873977661 3.67552542686
      vertex 0.111848689616 9.948097229 3.64959216118
      vertex 0.153649911284 9.95775794983 3.65450596809
    endloop
  endfacet
  facet normal 0.190122574568 -0.330229014158 0.924555122852
    outer loop
      vertex 0.159099206328 9.9260263443 3.72338557243
      vertex 0.144160494208 9.93055725098 3.70209932327
      vertex 0.201972827315 9.94395160675 3.69788146019
    endloop
  endfacet
  facet normal 0.0994847640395 -0.354707956314 0.929669320583
    outer loop
      vertex 0.12587800622 9.93873977661 3.67552542686
      vertex 0.144160494208 9.93055725098 3.70209932327
      vertex 0.090878739953 9.91961956024 3.71582269669
    endloop
  endfacet
  facet normal 0.204497799277 -0.765193045139 0.610459029675
    outer loop
      vertex 0.0272930469364 9.98356342316 3.58819031715
      vertex 0.0772142931819 10.0212831497 3.57143950462
      vertex 0.0971026420593 9.98414516449 3.60638332367
    endloop
  endfacet
  facet normal -0.000765665259678 -0.931660473347 0.363329350948
    outer loop
      vertex 0.0772142931819 10.0212831497 3.57143950462
      vertex 0.00795583985746 10.0430297852 3.56301593781
      vertex 0.0621485412121 10.0585403442 3.55692219734
    endloop
  endfacet
  facet normal 0.055235248059 -0.460807025433 0.885779857635
    outer loop
      vertex -0.102852731943 9.92374229431 3.63379836082
      vertex -0.134552583098 9.90534305573 3.66536688805
      vertex -0.154008507729 9.9267578125 3.62186908722
    endloop
  endfacet
  facet normal 0.0707322731614 -0.437326282263 0.896516978741
    outer loop
      vertex -0.0676259323955 9.9114074707 3.65942335129
      vertex -0.0307304747403 9.92545413971 3.63659667969
      vertex -0.00259274197742 9.90742397308 3.67810773849
    endloop
  endfacet
  facet normal -0.0267267022282 -0.0337774194777 0.999071955681
    outer loop
      vertex 0.217914372683 9.92222595215 3.80415248871
      vertex 0.209793061018 9.9240398407 3.75691533089
      vertex 0.25291749835 9.92146492004 3.79894971848
    endloop
  endfacet
  facet normal 0.114241458476 -0.207476645708 0.97154635191
    outer loop
      vertex 0.159099206328 9.9260263443 3.72338557243
      vertex 0.149584650993 9.91942214966 3.74907255173
      vertex 0.090878739953 9.91961956024 3.71582269669
    endloop
  endfacet
  facet normal 0.0576856508851 0.263959050179 0.962807357311
    outer loop
      vertex 0.0573370270431 9.92473888397 3.85134911537
      vertex 0.13811558485 9.92314815521 3.82789564133
      vertex 0.292752027512 9.97676372528 3.98966741562
    endloop
  endfacet
  facet normal 0.0673222243786 -0.0474709123373 0.996601343155
    outer loop
      vertex 0.149584650993 9.91942214966 3.74907255173
      vertex 0.166803091764 9.9190568924 3.78116369247
      vertex 0.118110217154 9.91630458832 3.76987528801
    endloop
  endfacet
  facet normal 0.0176358893514 0.0979591682553 0.99503415823
    outer loop
      vertex 0.217914372683 9.92222595215 3.80415248871
      vertex 0.13811558485 9.92314815521 3.82789564133
      vertex 0.166803091764 9.9190568924 3.78116369247
    endloop
  endfacet
  facet normal 0.0836295038462 -0.0562012679875 0.99491083622
    outer loop
      vertex 0.149584650993 9.91942214966 3.74907255173
      vertex 0.209793061018 9.9240398407 3.75691533089
      vertex 0.166803091764 9.9190568924 3.78116369247
    endloop
  endfacet
  facet normal 0.0399333573878 -0.101855307817 0.993997395039
    outer loop
      vertex 0.268915861845 9.92465591431 3.774081707
      vertex 0.25291749835 9.92146492004 3.79894971848
      vertex 0.209793061018 9.9240398407 3.75691533089
    endloop
  endfacet
  facet normal 0.0193616654724 0.270935028791 0.962402880192
    outer loop
      vertex 0.217914372683 9.92222595215 3.80415248871
      vertex 0.25291749835 9.92146492004 3.79894971848
      vertex 0.322395801544 9.93961906433 3.85847091675
    endloop
  endfacet
  facet normal 0.227419897914 -0.906377792358 0.356033027172
    outer loop
      vertex 0.472428292036 10.1154203415 3.61000323296
      vertex 0.463452875614 10.1657819748 3.58796858788
      vertex 0.532681882381 10.1454324722 3.61333227158
    endloop
  endfacet
  facet normal 0.249396964908 -0.920308291912 0.301386386156
    outer loop
      vertex 0.511712551117 10.1957855225 3.59122109413
      vertex 0.463452875614 10.1657819748 3.58796858788
      vertex 0.472061902285 10.2274055481 3.57012081146
    endloop
  endfacet
  facet normal 0.345269560814 -0.92078846693 0.181487098336
    outer loop
      vertex 0.511712551117 10.1957855225 3.59122109413
      vertex 0.472061902285 10.2274055481 3.57012081146
      vertex 0.53039419651 10.247341156 3.58806443214
    endloop
  endfacet
  facet normal 0.376026511192 -0.906549572945 0.19176016748
    outer loop
      vertex 0.559487938881 10.2014389038 3.60984182358
      vertex 0.511712551117 10.1957855225 3.59122109413
      vertex 0.53039419651 10.247341156 3.58806443214
    endloop
  endfacet
  facet normal -0.129997104406 -0.131451144814 -0.982762098312
    outer loop
      vertex 0.410124331713 10.7351760864 3.73155283928
      vertex 0.47687292099 10.7445955276 3.73596715927
      vertex 0.446838706732 10.7306671143 3.66153335571
    endloop
  endfacet
  facet normal 0.0678374618292 -0.314231991768 -0.946919381618
    outer loop
      vertex 0.512323856354 10.7362699509 3.68749904633
      vertex 0.573094725609 10.7188138962 3.64801669121
      vertex 0.49904602766 10.7205724716 3.63733053207
    endloop
  endfacet
  facet normal 0.0564567632973 -0.907029867172 -0.417264252901
    outer loop
      vertex 0.523216307163 10.6416807175 3.57630991936
      vertex 0.468789935112 10.6352720261 3.56997394562
      vertex 0.478588730097 10.6920213699 3.59669065475
    endloop
  endfacet
  facet normal 0.286995917559 -0.950533866882 -0.118822082877
    outer loop
      vertex 0.628539979458 10.5909833908 3.60512804985
      vertex 0.648362398148 10.5227308273 3.60258102417
      vertex 0.593587219715 10.5414981842 3.58838891983
    endloop
  endfacet
  facet normal 0.110337801278 -0.945326924324 -0.306891858578
    outer loop
      vertex 0.58533680439 10.6883125305 3.5987970829
      vertex 0.588101923466 10.652466774 3.58748245239
      vertex 0.546482741833 10.6827478409 3.59245538712
    endloop
  endfacet
  facet normal 0.335419625044 -0.940773189068 0.0493915677071
    outer loop
      vertex 0.560709953308 10.5866765976 3.58117032051
      vertex 0.588101923466 10.652466774 3.58748245239
      vertex 0.628539979458 10.5909833908 3.60512804985
    endloop
  endfacet
  facet normal 0.0726740509272 -0.349877476692 -0.933972299099
    outer loop
      vertex 0.49904602766 10.7205724716 3.63733053207
      vertex 0.573094725609 10.7188138962 3.64801669121
      vertex 0.531059265137 10.710100174 3.61602330208
    endloop
  endfacet
  facet normal 0.05185591802 -0.287059009075 -0.956508278847
    outer loop
      vertex 0.446838706732 10.7306671143 3.66153335571
      vertex 0.49904602766 10.7205724716 3.63733053207
      vertex 0.442998290062 10.7200756073 3.62554860115
    endloop
  endfacet
  facet normal -0.00748702418059 -0.929182350636 -0.369545787573
    outer loop
      vertex 0.478588730097 10.6920213699 3.59669065475
      vertex 0.546482741833 10.6827478409 3.59245538712
      vertex 0.523216307163 10.6416807175 3.57630991936
    endloop
  endfacet
  facet normal 0.417937576771 -0.907308697701 0.0460331849754
    outer loop
      vertex 0.638831675053 10.6534633636 3.61079978943
      vertex 0.588101923466 10.652466774 3.58748245239
      vertex 0.620385706425 10.6872844696 3.60058712959
    endloop
  endfacet
  facet normal 0.00436805933714 -0.897148013115 -0.441708445549
    outer loop
      vertex 0.546482741833 10.6827478409 3.59245538712
      vertex 0.478588730097 10.6920213699 3.59669065475
      vertex 0.531768083572 10.7003545761 3.60105252266
    endloop
  endfacet
  facet normal 0.0537528246641 -0.589406311512 -0.806046426296
    outer loop
      vertex 0.620385706425 10.6872844696 3.60058712959
      vertex 0.58533680439 10.6883125305 3.5987970829
      vertex 0.598808348179 10.7005224228 3.61672306061
    endloop
  endfacet
  facet normal 0.0649088472128 -0.542226731777 -0.837721288204
    outer loop
      vertex 0.563203632832 10.7033863068 3.60949969292
      vertex 0.531768083572 10.7003545761 3.60105252266
      vertex 0.531059265137 10.710100174 3.61602330208
    endloop
  endfacet
  facet normal 0.0399561189115 -0.786094129086 -0.616813957691
    outer loop
      vertex 0.546482741833 10.6827478409 3.59245538712
      vertex 0.563203632832 10.7033863068 3.60949969292
      vertex 0.58533680439 10.6883125305 3.5987970829
    endloop
  endfacet
  facet normal 0.715184509754 -0.54495370388 -0.437648892403
    outer loop
      vertex 0.673528850079 10.6904830933 3.71315932274
      vertex 0.633553922176 10.7231750488 3.68695139885
      vertex 0.666644632816 10.7487163544 3.75089144707
    endloop
  endfacet
  facet normal 0.261013895273 -0.49793484807 -0.827002227306
    outer loop
      vertex 0.633553922176 10.7231750488 3.68695139885
      vertex 0.573094725609 10.7188138962 3.64801669121
      vertex 0.593849658966 10.746544838 3.70495295525
    endloop
  endfacet
  facet normal 0.110626012087 -0.393887072802 -0.912477314472
    outer loop
      vertex 0.563203632832 10.7033863068 3.60949969292
      vertex 0.531059265137 10.710100174 3.61602330208
      vertex 0.573094725609 10.7188138962 3.64801669121
    endloop
  endfacet
  facet normal -0.0878836065531 -0.542637109756 -0.835357069969
    outer loop
      vertex 0.49904602766 10.7205724716 3.63733053207
      vertex 0.531059265137 10.710100174 3.61602330208
      vertex 0.478588730097 10.6920213699 3.59669065475
    endloop
  endfacet
  facet normal 0.111426837742 -0.944743156433 -0.308292806149
    outer loop
      vertex 0.588101923466 10.652466774 3.58748245239
      vertex 0.523216307163 10.6416807175 3.57630991936
      vertex 0.546482741833 10.6827478409 3.59245538712
    endloop
  endfacet
  facet normal 0.245206162333 -0.966015219688 -0.0817835256457
    outer loop
      vertex 0.523216307163 10.6416807175 3.57630991936
      vertex 0.560709953308 10.5866765976 3.58117032051
      vertex 0.497664213181 10.5832710266 3.56487894058
    endloop
  endfacet
  facet normal 0.119235999882 -0.969402492046 -0.214572966099
    outer loop
      vertex 0.434361070395 10.5931739807 3.5580637455
      vertex 0.35364857316 10.6261577606 3.55543684959
      vertex 0.406495660543 10.6635408401 3.57021164894
    endloop
  endfacet
  facet normal 0.175517991185 -0.902039825916 -0.394357144833
    outer loop
      vertex 0.406495660543 10.6635408401 3.57021164894
      vertex 0.478588730097 10.6920213699 3.59669065475
      vertex 0.468789935112 10.6352720261 3.56997394562
    endloop
  endfacet
  facet normal 0.275596946478 -0.476197689772 -0.835034191608
    outer loop
      vertex 0.633553922176 10.7231750488 3.68695139885
      vertex 0.593849658966 10.746544838 3.70495295525
      vertex 0.666644632816 10.7487163544 3.75089144707
    endloop
  endfacet
  facet normal -0.0740823149681 0.194550663233 -0.978090941906
    outer loop
      vertex 0.413449674845 10.7138442993 3.86014246941
      vertex 0.281158417463 10.7188282013 3.78471112251
      vertex 0.148642808199 10.6982707977 3.8376019001
    endloop
  endfacet
  facet normal 0.243622332811 -0.969570457935 -0.0241090431809
    outer loop
      vertex 0.531856477261 10.5107688904 3.57211375237
      vertex 0.593587219715 10.5414981842 3.58838891983
      vertex 0.596259593964 10.4970378876 3.5879547596
    endloop
  endfacet
  facet normal 0.326818436384 -0.941029787064 -0.0874795988202
    outer loop
      vertex 0.628539979458 10.5909833908 3.60512804985
      vertex 0.593587219715 10.5414981842 3.58838891983
      vertex 0.560709953308 10.5866765976 3.58117032051
    endloop
  endfacet
  facet normal -0.171266570687 0.165542632341 -0.97121745348
    outer loop
      vertex 0.410124331713 10.7351760864 3.73155283928
      vertex 0.413449674845 10.7138442993 3.86014246941
      vertex 0.481030225754 10.7360830307 3.79958844185
    endloop
  endfacet
  facet normal 0.0321788080037 -0.0980207026005 -0.994664013386
    outer loop
      vertex 0.593849658966 10.746544838 3.70495295525
      vertex 0.543450415134 10.7516832352 3.74054861069
      vertex 0.666644632816 10.7487163544 3.75089144707
    endloop
  endfacet
  facet normal -0.0641690939665 0.147827282548 -0.986929297447
    outer loop
      vertex 0.28494527936 10.7290840149 3.71788787842
      vertex 0.281158417463 10.7188282013 3.78471112251
      vertex 0.410124331713 10.7351760864 3.73155283928
    endloop
  endfacet
  facet normal -0.0706804990768 -0.239842250943 -0.968235492706
    outer loop
      vertex 0.593849658966 10.746544838 3.70495295525
      vertex 0.512323856354 10.7362699509 3.68749904633
      vertex 0.543450415134 10.7516832352 3.74054861069
    endloop
  endfacet
  facet normal -0.0175322778523 -0.993705332279 -0.110644817352
    outer loop
      vertex 0.293793827295 10.5666399002 3.55514597893
      vertex 0.22242179513 10.5561008453 3.5552315712
      vertex 0.245813980699 10.6022348404 3.55995559692
    endloop
  endfacet
  facet normal 0.0440499968827 -0.998629510403 -0.0282616000623
    outer loop
      vertex 0.434361070395 10.5931739807 3.5580637455
      vertex 0.401384860277 10.5237426758 3.55464410782
      vertex 0.35364857316 10.6261577606 3.55543684959
    endloop
  endfacet
  facet normal -0.0475090742111 -0.065509647131 -0.996720314026
    outer loop
      vertex 0.151721045375 10.7207965851 3.7141866684
      vertex 0.220404744148 10.7236013412 3.70704174042
      vertex 0.187306717038 10.7189817429 3.66076612473
    endloop
  endfacet
  facet normal -0.0878340303898 -0.204410821199 -0.9749366045
    outer loop
      vertex 0.234576240182 10.7137546539 3.63323712349
      vertex 0.24216710031 10.7228145599 3.67318511009
      vertex 0.282962977886 10.7222728729 3.65307188034
    endloop
  endfacet
  facet normal -0.0775853469968 -0.724679172039 -0.684704780579
    outer loop
      vertex 0.342301130295 10.7066545486 3.60006093979
      vertex 0.3565762043 10.6885919571 3.58146595955
      vertex 0.304013729095 10.6886997223 3.58719563484
    endloop
  endfacet
  facet normal 0.127412244678 -0.866337299347 -0.482934594154
    outer loop
      vertex 0.478588730097 10.6920213699 3.59669065475
      vertex 0.406495660543 10.6635408401 3.57021164894
      vertex 0.397129654884 10.7059984207 3.59250187874
    endloop
  endfacet
  facet normal -0.170627966523 -0.337798118591 -0.925623297691
    outer loop
      vertex 0.360206663609 10.7295722961 3.63405561447
      vertex 0.291658908129 10.7099132538 3.6148109436
      vertex 0.282962977886 10.7222728729 3.65307188034
    endloop
  endfacet
  facet normal -0.0231111124158 -0.224652037024 -0.974164962769
    outer loop
      vertex 0.187306717038 10.7189817429 3.66076612473
      vertex 0.234576240182 10.7137546539 3.63323712349
      vertex 0.178350970149 10.709277153 3.61960434914
    endloop
  endfacet
  facet normal 0.00666710035875 -0.0607815310359 -0.998128831387
    outer loop
      vertex 0.410124331713 10.7351760864 3.73155283928
      vertex 0.446838706732 10.7306671143 3.66153335571
      vertex 0.360206663609 10.7295722961 3.63405561447
    endloop
  endfacet
  facet normal 0.0408822745085 -0.30820029974 -0.950442671776
    outer loop
      vertex 0.49904602766 10.7205724716 3.63733053207
      vertex 0.446838706732 10.7306671143 3.66153335571
      vertex 0.512323856354 10.7362699509 3.68749904633
    endloop
  endfacet
  facet normal -0.0970799848437 -0.520688652992 -0.848209142685
    outer loop
      vertex 0.342301130295 10.7066545486 3.60006093979
      vertex 0.291658908129 10.7099132538 3.6148109436
      vertex 0.360206663609 10.7295722961 3.63405561447
    endloop
  endfacet
  facet normal -0.107600443065 -0.511141955853 -0.852734446526
    outer loop
      vertex 0.234576240182 10.7137546539 3.63323712349
      vertex 0.291658908129 10.7099132538 3.6148109436
      vertex 0.223287418485 10.6876134872 3.59200167656
    endloop
  endfacet
  facet normal -0.0954748317599 -0.884485900402 -0.456693857908
    outer loop
      vertex 0.3565762043 10.6885919571 3.58146595955
      vertex 0.331321686506 10.6620845795 3.57050561905
      vertex 0.304013729095 10.6886997223 3.58719563484
    endloop
  endfacet
  facet normal -0.0146385831758 -0.922654628754 -0.385349422693
    outer loop
      vertex 0.406495660543 10.6635408401 3.57021164894
      vertex 0.35364857316 10.6261577606 3.55543684959
      vertex 0.3565762043 10.6885919571 3.58146595955
    endloop
  endfacet
  facet normal -0.0019375855336 -0.999974727631 -0.00683691725135
    outer loop
      vertex 0.293793827295 10.5666399002 3.55514597893
      vertex 0.35364857316 10.6261577606 3.55543684959
      vertex 0.401384860277 10.5237426758 3.55464410782
    endloop
  endfacet
  facet normal -0.0970425754786 -0.937894523144 -0.333071500063
    outer loop
      vertex 0.331321686506 10.6620845795 3.57050561905
      vertex 0.35364857316 10.6261577606 3.55543684959
      vertex 0.289255201817 10.6290588379 3.56312990189
    endloop
  endfacet
  facet normal 0.121457949281 -0.610813140869 -0.78240352869
    outer loop
      vertex 0.478588730097 10.6920213699 3.59669065475
      vertex 0.442998290062 10.7200756073 3.62554860115
      vertex 0.49904602766 10.7205724716 3.63733053207
    endloop
  endfacet
  facet normal 0.0796970650554 -0.289269775152 -0.953924179077
    outer loop
      vertex 0.446838706732 10.7306671143 3.66153335571
      vertex 0.442998290062 10.7200756073 3.62554860115
      vertex 0.360206663609 10.7295722961 3.63405561447
    endloop
  endfacet
  facet normal -0.0475371405482 -0.621781826019 -0.781746506691
    outer loop
      vertex 0.291658908129 10.7099132538 3.6148109436
      vertex 0.304013729095 10.6886997223 3.58719563484
      vertex 0.223287418485 10.6876134872 3.59200167656
    endloop
  endfacet
  facet normal -0.0491956919432 -0.868118286133 -0.493913412094
    outer loop
      vertex 0.304013729095 10.6886997223 3.58719563484
      vertex 0.331321686506 10.6620845795 3.57050561905
      vertex 0.276626199484 10.6643447876 3.57489132881
    endloop
  endfacet
  facet normal -0.00628279289231 -0.998618662357 -0.0521664470434
    outer loop
      vertex 0.401384860277 10.5237426758 3.55464410782
      vertex 0.434361070395 10.5931739807 3.5580637455
      vertex 0.468104481697 10.5348463058 3.5548043251
    endloop
  endfacet
  facet normal -0.00668440433219 -0.99996483326 0.00506860483438
    outer loop
      vertex 0.293793827295 10.5666399002 3.55514597893
      vertex 0.401384860277 10.5237426758 3.55464410782
      vertex 0.365601629019 10.438574791 3.5553150177
    endloop
  endfacet
  facet normal -0.0636239871383 -0.534600794315 -0.84270632267
    outer loop
      vertex 0.360206663609 10.7295722961 3.63405561447
      vertex 0.397129654884 10.7059984207 3.59250187874
      vertex 0.342301130295 10.7066545486 3.60006093979
    endloop
  endfacet
  facet normal 0.0376628041267 -0.881325960159 -0.471005320549
    outer loop
      vertex 0.3565762043 10.6885919571 3.58146595955
      vertex 0.397129654884 10.7059984207 3.59250187874
      vertex 0.406495660543 10.6635408401 3.57021164894
    endloop
  endfacet
  facet normal 0.249077156186 -0.968259215355 -0.0208472814411
    outer loop
      vertex 0.531856477261 10.5107688904 3.57211375237
      vertex 0.497664213181 10.5832710266 3.56487894058
      vertex 0.560709953308 10.5866765976 3.58117032051
    endloop
  endfacet
  facet normal 0.131569877267 -0.976835787296 -0.168763920665
    outer loop
      vertex 0.497664213181 10.5832710266 3.56487894058
      vertex 0.434361070395 10.5931739807 3.5580637455
      vertex 0.468789935112 10.6352720261 3.56997394562
    endloop
  endfacet
  facet normal 0.064277395606 -0.396673381329 -0.915706634521
    outer loop
      vertex 0.442998290062 10.7200756073 3.62554860115
      vertex 0.421815752983 10.7146501541 3.60959100723
      vertex 0.360206663609 10.7295722961 3.63405561447
    endloop
  endfacet
  facet normal 0.163288280368 -0.623097658157 -0.76490932703
    outer loop
      vertex 0.397129654884 10.7059984207 3.59250187874
      vertex 0.421815752983 10.7146501541 3.60959100723
      vertex 0.478588730097 10.6920213699 3.59669065475
    endloop
  endfacet
  facet normal 0.0885899215937 -0.975076138973 -0.203416571021
    outer loop
      vertex 0.406495660543 10.6635408401 3.57021164894
      vertex 0.468789935112 10.6352720261 3.56997394562
      vertex 0.434361070395 10.5931739807 3.5580637455
    endloop
  endfacet
  facet normal 0.0968571603298 -0.983902573586 -0.150181427598
    outer loop
      vertex 0.497664213181 10.5832710266 3.56487894058
      vertex 0.468789935112 10.6352720261 3.56997394562
      vertex 0.523216307163 10.6416807175 3.57630991936
    endloop
  endfacet
  facet normal 0.125910505652 -0.983773648739 -0.127812147141
    outer loop
      vertex 0.497664213181 10.5832710266 3.56487894058
      vertex 0.468104481697 10.5348463058 3.5548043251
      vertex 0.434361070395 10.5931739807 3.5580637455
    endloop
  endfacet
  facet normal 0.00302549288608 -0.999988377094 0.0037469221279
    outer loop
      vertex 0.401384860277 10.5237426758 3.55464410782
      vertex 0.468104481697 10.5348463058 3.5548043251
      vertex 0.442783683538 10.4682369232 3.55497741699
    endloop
  endfacet
  facet normal -0.0615419372916 0.147997915745 -0.987071037292
    outer loop
      vertex 0.281158417463 10.7188282013 3.78471112251
      vertex 0.28494527936 10.7290840149 3.71788787842
      vertex 0.21655510366 10.7201070786 3.74932003021
    endloop
  endfacet
  facet normal -0.118023641407 -0.100200749934 -0.987942397594
    outer loop
      vertex 0.28494527936 10.7290840149 3.71788787842
      vertex 0.360206663609 10.7295722961 3.63405561447
      vertex 0.282962977886 10.7222728729 3.65307188034
    endloop
  endfacet
  facet normal -0.0263328887522 0.155806601048 -0.987436532974
    outer loop
      vertex 0.666644632816 10.7487163544 3.75089144707
      vertex 0.481030225754 10.7360830307 3.79958844185
      vertex 0.673689901829 10.7286844254 3.87903833389
    endloop
  endfacet
  facet normal -0.114285863936 0.139083370566 -0.983663856983
    outer loop
      vertex 0.481030225754 10.7360830307 3.79958844185
      vertex 0.543450415134 10.7516832352 3.74054861069
      vertex 0.47687292099 10.7445955276 3.73596715927
    endloop
  endfacet
  facet normal -0.0873212590814 -0.230353161693 -0.96918129921
    outer loop
      vertex 0.512323856354 10.7362699509 3.68749904633
      vertex 0.47687292099 10.7445955276 3.73596715927
      vertex 0.543450415134 10.7516832352 3.74054861069
    endloop
  endfacet
  facet normal -0.147462040186 0.140629783273 -0.979018986225
    outer loop
      vertex 0.481030225754 10.7360830307 3.79958844185
      vertex 0.47687292099 10.7445955276 3.73596715927
      vertex 0.410124331713 10.7351760864 3.73155283928
    endloop
  endfacet
  facet normal -0.16822604835 -0.874442398548 -0.455027967691
    outer loop
      vertex 0.0541476048529 10.6458301544 3.57849931717
      vertex 0.0566565208137 10.6006784439 3.55452132225
      vertex -0.00146967801265 10.6046676636 3.56777954102
    endloop
  endfacet
  facet normal 0.00695730140433 -0.976936638355 -0.213415965438
    outer loop
      vertex 0.234384894371 10.643491745 3.56917929649
      vertex 0.19091142714 10.6088619232 3.56130480766
      vertex 0.183512121439 10.6550741196 3.57134723663
    endloop
  endfacet
  facet normal -0.0928039103746 -0.41026160121 -0.907233655453
    outer loop
      vertex -0.0011223286856 10.6788883209 3.62274360657
      vertex -0.0304449964315 10.6888618469 3.65143084526
      vertex 0.0313744582236 10.6938514709 3.64847993851
    endloop
  endfacet
  facet normal -0.00743430666625 -0.156740814447 -0.98761177063
    outer loop
      vertex -0.064824745059 10.694396019 3.68793034554
      vertex -0.0304449964315 10.6888618469 3.65143084526
      vertex -0.107413507998 10.6873598099 3.64561724663
    endloop
  endfacet
  facet normal -0.150982007384 -0.652894198895 -0.742249011993
    outer loop
      vertex 0.0482216738164 10.6787538528 3.61118006706
      vertex -0.00355909601785 10.6536998749 3.59467148781
      vertex -0.0011223286856 10.6788883209 3.62274360657
    endloop
  endfacet
  facet normal -0.37511703372 -0.690779030323 -0.618151664734
    outer loop
      vertex 0.100578062236 10.6836929321 3.58716797829
      vertex 0.0541476048529 10.6458301544 3.57849931717
      vertex 0.0482216738164 10.6787538528 3.61118006706
    endloop
  endfacet
  facet normal -0.172142729163 -0.435391932726 -0.883629322052
    outer loop
      vertex 0.10715264082 10.7058315277 3.64283466339
      vertex 0.0482216738164 10.6787538528 3.61118006706
      vertex 0.0313744582236 10.6938514709 3.64847993851
    endloop
  endfacet
  facet normal 0.0181427411735 -0.468417316675 -0.883321046829
    outer loop
      vertex -0.0304449964315 10.6888618469 3.65143084526
      vertex -0.0540243908763 10.6698598862 3.61468529701
      vertex -0.107413507998 10.6873598099 3.64561724663
    endloop
  endfacet
  facet normal -0.106220036745 -0.715205788612 -0.690795183182
    outer loop
      vertex -0.00355909601785 10.6536998749 3.59467148781
      vertex 0.0482216738164 10.6787538528 3.61118006706
      vertex 0.0541476048529 10.6458301544 3.57849931717
    endloop
  endfacet
  facet normal -0.0256642401218 -0.666387557983 -0.745163738728
    outer loop
      vertex -0.0540243908763 10.6698598862 3.61468529701
      vertex -0.0011223286856 10.6788883209 3.62274360657
      vertex -0.00355909601785 10.6536998749 3.59467148781
    endloop
  endfacet
  facet normal -0.133904084563 -0.122607648373 -0.983380436897
    outer loop
      vertex 0.151721045375 10.7207965851 3.7141866684
      vertex 0.187306717038 10.7189817429 3.66076612473
      vertex 0.10715264082 10.7058315277 3.64283466339
    endloop
  endfacet
  facet normal -0.0188867822289 -0.217714607716 -0.975829720497
    outer loop
      vertex 0.234576240182 10.7137546539 3.63323712349
      vertex 0.187306717038 10.7189817429 3.66076612473
      vertex 0.24216710031 10.7228145599 3.67318511009
    endloop
  endfacet
  facet normal 0.00340188061818 0.0379345417023 -0.999274432659
    outer loop
      vertex -0.148766040802 10.6937932968 3.71133160591
      vertex -0.123468086123 10.6916713715 3.76495552063
      vertex -0.064824745059 10.694396019 3.68793034554
    endloop
  endfacet
  facet normal -0.17482124269 -0.192285493016 -0.96564167738
    outer loop
      vertex 0.0313744582236 10.6938514709 3.64847993851
      vertex 0.00745503325015 10.6989488602 3.69582915306
      vertex 0.0553214550018 10.7030239105 3.67277193069
    endloop
  endfacet
  facet normal 0.0662058740854 -0.547120630741 -0.834431409836
    outer loop
      vertex 0.223287418485 10.6876134872 3.59200167656
      vertex 0.178350970149 10.709277153 3.61960434914
      vertex 0.234576240182 10.7137546539 3.63323712349
    endloop
  endfacet
  facet normal -0.113761506975 -0.204474717379 -0.972238838673
    outer loop
      vertex 0.187306717038 10.7189817429 3.66076612473
      vertex 0.178350970149 10.709277153 3.61960434914
      vertex 0.10715264082 10.7058315277 3.64283466339
    endloop
  endfacet
  facet normal -0.148097276688 -0.908950567245 -0.389712870121
    outer loop
      vertex 0.122491814196 10.638133049 3.56406378746
      vertex 0.0541476048529 10.6458301544 3.57849931717
      vertex 0.100578062236 10.6836929321 3.58716797829
    endloop
  endfacet
  facet normal 0.0160765964538 -0.876387894154 -0.481337547302
    outer loop
      vertex -0.0725501775742 10.6317071915 3.58132648468
      vertex -0.00355909601785 10.6536998749 3.59467148781
      vertex -0.00146967801265 10.6046676636 3.56777954102
    endloop
  endfacet
  facet normal 0.0550394840539 -0.973845720291 -0.220443055034
    outer loop
      vertex 0.122491814196 10.638133049 3.56406378746
      vertex 0.183512121439 10.6550741196 3.57134723663
      vertex 0.19091142714 10.6088619232 3.56130480766
    endloop
  endfacet
  facet normal -0.111726440489 -0.906934976578 -0.406184822321
    outer loop
      vertex 0.100578062236 10.6836929321 3.58716797829
      vertex 0.154283329844 10.6789474487 3.57842683792
      vertex 0.122491814196 10.638133049 3.56406378746
    endloop
  endfacet
  facet normal 0.00243606977165 -0.975761175156 -0.218824595213
    outer loop
      vertex 0.19091142714 10.6088619232 3.56130480766
      vertex 0.234384894371 10.643491745 3.56917929649
      vertex 0.245813980699 10.6022348404 3.55995559692
    endloop
  endfacet
  facet normal -0.00196625897661 -0.996004283428 -0.0892836824059
    outer loop
      vertex 0.122491814196 10.638133049 3.56406378746
      vertex 0.19091142714 10.6088619232 3.56130480766
      vertex 0.143575310707 10.5444526672 3.55562448502
    endloop
  endfacet
  facet normal -0.112552203238 -0.986612796783 -0.118013359606
    outer loop
      vertex 0.293793827295 10.5666399002 3.55514597893
      vertex 0.289255201817 10.6290588379 3.56312990189
      vertex 0.35364857316 10.6261577606 3.55543684959
    endloop
  endfacet
  facet normal -0.0237029977143 -0.950935661793 -0.308479338884
    outer loop
      vertex 0.289255201817 10.6290588379 3.56312990189
      vertex 0.234384894371 10.643491745 3.56917929649
      vertex 0.276626199484 10.6643447876 3.57489132881
    endloop
  endfacet
  facet normal -0.000929438741878 -0.999997854233 0.00184178084601
    outer loop
      vertex 0.365601629019 10.438574791 3.5553150177
      vertex 0.22242179513 10.5561008453 3.5552315712
      vertex 0.293793827295 10.5666399002 3.55514597893
    endloop
  endfacet
  facet normal -0.0200956128538 -0.994532287121 -0.102477677166
    outer loop
      vertex 0.19091142714 10.6088619232 3.56130480766
      vertex 0.22242179513 10.5561008453 3.5552315712
      vertex 0.143575310707 10.5444526672 3.55562448502
    endloop
  endfacet
  facet normal -0.122607290745 -0.232690542936 -0.964791476727
    outer loop
      vertex 0.178350970149 10.709277153 3.61960434914
      vertex 0.149470001459 10.7000637054 3.59662103653
      vertex 0.10715264082 10.7058315277 3.64283466339
    endloop
  endfacet
  facet normal 0.0644300803542 -0.748691678047 -0.659779906273
    outer loop
      vertex 0.149470001459 10.7000637054 3.59662103653
      vertex 0.223287418485 10.6876134872 3.59200167656
      vertex 0.154283329844 10.6789474487 3.57842683792
    endloop
  endfacet
  facet normal 0.124334536493 -0.899458110332 -0.418946355581
    outer loop
      vertex 0.183512121439 10.6550741196 3.57134723663
      vertex 0.154283329844 10.6789474487 3.57842683792
      vertex 0.223287418485 10.6876134872 3.59200167656
    endloop
  endfacet
  facet normal -0.0674959570169 -0.76340419054 -0.642384827137
    outer loop
      vertex 0.149470001459 10.7000637054 3.59662103653
      vertex 0.154283329844 10.6789474487 3.57842683792
      vertex 0.100578062236 10.6836929321 3.58716797829
    endloop
  endfacet
  facet normal -0.0581388548017 -0.863207995892 -0.501489579678
    outer loop
      vertex 0.304013729095 10.6886997223 3.58719563484
      vertex 0.276626199484 10.6643447876 3.57489132881
      vertex 0.223287418485 10.6876134872 3.59200167656
    endloop
  endfacet
  facet normal -0.0642648935318 -0.953400492668 -0.29478380084
    outer loop
      vertex 0.289255201817 10.6290588379 3.56312990189
      vertex 0.276626199484 10.6643447876 3.57489132881
      vertex 0.331321686506 10.6620845795 3.57050561905
    endloop
  endfacet
  facet normal -0.0542452298105 -0.977565646172 -0.203525975347
    outer loop
      vertex 0.289255201817 10.6290588379 3.56312990189
      vertex 0.245813980699 10.6022348404 3.55995559692
      vertex 0.234384894371 10.643491745 3.56917929649
    endloop
  endfacet
  facet normal -0.0114413835108 -0.994128465652 -0.10759973526
    outer loop
      vertex 0.19091142714 10.6088619232 3.56130480766
      vertex 0.245813980699 10.6022348404 3.55995559692
      vertex 0.22242179513 10.5561008453 3.5552315712
    endloop
  endfacet
  facet normal -0.0378376059234 -0.314959466457 -0.948350608349
    outer loop
      vertex 0.234576240182 10.7137546539 3.63323712349
      vertex 0.282962977886 10.7222728729 3.65307188034
      vertex 0.291658908129 10.7099132538 3.6148109436
    endloop
  endfacet
  facet normal -0.037725109607 -0.103286363184 -0.993936002254
    outer loop
      vertex 0.28494527936 10.7290840149 3.71788787842
      vertex 0.282962977886 10.7222728729 3.65307188034
      vertex 0.24216710031 10.7228145599 3.67318511009
    endloop
  endfacet
  facet normal -0.133822709322 -0.878304600716 -0.458990693092
    outer loop
      vertex 0.122491814196 10.638133049 3.56406378746
      vertex 0.0566565208137 10.6006784439 3.55452132225
      vertex 0.0541476048529 10.6458301544 3.57849931717
    endloop
  endfacet
  facet normal -0.0494043417275 -0.985135436058 -0.16452164948
    outer loop
      vertex -0.0765179023147 10.577960968 3.5622792244
      vertex -0.0322501920164 10.5480413437 3.55506253242
      vertex -0.104701392353 10.5296211243 3.55561947823
    endloop
  endfacet
  facet normal -0.0727684348822 -0.0698864161968 -0.994897305965
    outer loop
      vertex 0.24216710031 10.7228145599 3.67318511009
      vertex 0.220404744148 10.7236013412 3.70704174042
      vertex 0.28494527936 10.7290840149 3.71788787842
    endloop
  endfacet
  facet normal -0.0324183367193 0.0793945416808 -0.99631601572
    outer loop
      vertex 0.220404744148 10.7236013412 3.70704174042
      vertex 0.151721045375 10.7207965851 3.7141866684
      vertex 0.21655510366 10.7201070786 3.74932003021
    endloop
  endfacet
  facet normal -0.0853908583522 0.176838755608 -0.980528652668
    outer loop
      vertex 0.148642808199 10.6982707977 3.8376019001
      vertex 0.21655510366 10.7201070786 3.74932003021
      vertex 0.151721045375 10.7207965851 3.7141866684
    endloop
  endfacet
  facet normal -0.096628151834 0.0732426345348 -0.99262201786
    outer loop
      vertex 0.220404744148 10.7236013412 3.70704174042
      vertex 0.21655510366 10.7201070786 3.74932003021
      vertex 0.28494527936 10.7290840149 3.71788787842
    endloop
  endfacet
  facet normal 0.239951133728 -0.131842806935 -0.961790502071
    outer loop
      vertex -0.163133978844 10.6876945496 3.61546182632
      vertex -0.241629898548 10.7057933807 3.60462927818
      vertex -0.187331870198 10.6979818344 3.6464676857
    endloop
  endfacet
  facet normal -0.0567875579 0.0863593369722 -0.994644284248
    outer loop
      vertex -0.241942360997 10.7024908066 3.62959980965
      vertex -0.36976698041 10.6912908554 3.6745455265
      vertex -0.242905244231 10.6977720261 3.68331122398
    endloop
  endfacet
  facet normal -0.0409170500934 0.130487978458 -0.9906052351
    outer loop
      vertex -0.241942360997 10.7024908066 3.62959980965
      vertex -0.241629898548 10.7057933807 3.60462927818
      vertex -0.36976698041 10.6912908554 3.6745455265
    endloop
  endfacet
  facet normal 0.278538942337 -0.770348191261 -0.573567509651
    outer loop
      vertex -0.363914459944 10.7004289627 3.55642032623
      vertex -0.241629898548 10.7057933807 3.60462927818
      vertex -0.227104216814 10.6356420517 3.55765008926
    endloop
  endfacet
  facet normal -0.0973095148802 0.140834644437 -0.985239267349
    outer loop
      vertex 0.0700804367661 10.697054863 3.81443881989
      vertex 0.033764064312 10.7002124786 3.76725459099
      vertex 0.0107317520306 10.6896018982 3.82556629181
    endloop
  endfacet
  facet normal -0.0970061048865 0.06597648561 -0.993094623089
    outer loop
      vertex 0.0750539824367 10.7082242966 3.70736932755
      vertex 0.033764064312 10.7002124786 3.76725459099
      vertex 0.0984909310937 10.7067813873 3.76354813576
    endloop
  endfacet
  facet normal -0.00669575016946 0.162615016103 -0.986666858196
    outer loop
      vertex -0.252142637968 10.6873016357 3.74646139145
      vertex -0.148766040802 10.6937932968 3.71133160591
      vertex -0.242905244231 10.6977720261 3.68331122398
    endloop
  endfacet
  facet normal -0.0702608823776 0.198803350329 -0.977517604828
    outer loop
      vertex -0.374181628227 10.6669635773 3.80587792397
      vertex -0.116409182549 10.6821708679 3.82220768929
      vertex -0.186029106379 10.6850786209 3.78330540657
    endloop
  endfacet
  facet normal 0.188848033547 -0.0506669804454 0.980698347092
    outer loop
      vertex 0.090878739953 9.91961956024 3.71582269669
      vertex 0.0604089871049 9.91030406952 3.7825551033
      vertex 0.0120434593409 9.90360641479 3.73193645477
    endloop
  endfacet
  facet normal 0.00265360088088 -0.999876081944 0.0155160883442
    outer loop
      vertex 0.0566565208137 10.6006784439 3.55452132225
      vertex 0.143575310707 10.5444526672 3.55562448502
      vertex 0.0466077849269 10.55509758 3.55520200729
    endloop
  endfacet
  facet normal 0.054830275476 0.0883545428514 -0.994578838348
    outer loop
      vertex -0.241942360997 10.7024908066 3.62959980965
      vertex -0.242905244231 10.6977720261 3.68331122398
      vertex -0.187331870198 10.6979818344 3.6464676857
    endloop
  endfacet
  facet normal -0.0610635839403 0.154567167163 -0.986093401909
    outer loop
      vertex -0.252142637968 10.6873016357 3.74646139145
      vertex -0.242905244231 10.6977720261 3.68331122398
      vertex -0.36976698041 10.6912908554 3.6745455265
    endloop
  endfacet
  facet normal 0.0727046132088 -0.996363580227 -0.044425893575
    outer loop
      vertex -0.227104216814 10.6356420517 3.55765008926
      vertex -0.130941152573 10.5918159485 3.56271290779
      vertex -0.179573684931 10.5108861923 3.55555558205
    endloop
  endfacet
  facet normal 0.0760209932923 -0.941585838795 -0.328080743551
    outer loop
      vertex -0.0765179023147 10.577960968 3.5622792244
      vertex -0.130941152573 10.5918159485 3.56271290779
      vertex -0.0725501775742 10.6317071915 3.58132648468
    endloop
  endfacet
  facet normal 0.107167027891 -0.951834976673 -0.287272363901
    outer loop
      vertex -0.130941152573 10.5918159485 3.56271290779
      vertex -0.14244197309 10.6410017014 3.57626271248
      vertex -0.0725501775742 10.6317071915 3.58132648468
    endloop
  endfacet
  facet normal 0.149750232697 -0.834061920643 -0.530957221985
    outer loop
      vertex -0.175504475832 10.6697626114 3.58863544464
      vertex -0.14244197309 10.6410017014 3.57626271248
      vertex -0.227104216814 10.6356420517 3.55765008926
    endloop
  endfacet
  facet normal -0.0597223229706 0.170577004552 -0.983532786369
    outer loop
      vertex -0.116409182549 10.6821708679 3.82220768929
      vertex -0.0329623371363 10.691904068 3.79529976845
      vertex -0.123468086123 10.6916713715 3.76495552063
    endloop
  endfacet
  facet normal -0.0606260374188 -0.0205207802355 -0.99794960022
    outer loop
      vertex -0.0529071651399 10.6961545944 3.73824906349
      vertex 0.00745503325015 10.6989488602 3.69582915306
      vertex -0.064824745059 10.694396019 3.68793034554
    endloop
  endfacet
  facet normal -0.151150301099 -0.1115860641 -0.982192516327
    outer loop
      vertex 0.10715264082 10.7058315277 3.64283466339
      vertex 0.0750539824367 10.7082242966 3.70736932755
      vertex 0.151721045375 10.7207965851 3.7141866684
    endloop
  endfacet
  facet normal -0.141658201814 0.0346830487251 -0.989307880402
    outer loop
      vertex 0.033764064312 10.7002124786 3.76725459099
      vertex 0.0750539824367 10.7082242966 3.70736932755
      vertex 0.00745503325015 10.6989488602 3.69582915306
    endloop
  endfacet
  facet normal -0.0413110926747 -0.187701791525 -0.981356918812
    outer loop
      vertex -0.0304449964315 10.6888618469 3.65143084526
      vertex -0.064824745059 10.694396019 3.68793034554
      vertex 0.00745503325015 10.6989488602 3.69582915306
    endloop
  endfacet
  facet normal -0.0702626630664 -0.0182178914547 -0.997362136841
    outer loop
      vertex -0.0529071651399 10.6961545944 3.73824906349
      vertex -0.064824745059 10.694396019 3.68793034554
      vertex -0.123468086123 10.6916713715 3.76495552063
    endloop
  endfacet
  facet normal 0.253157228231 -0.458321094513 -0.85197019577
    outer loop
      vertex -0.163133978844 10.6876945496 3.61546182632
      vertex -0.107413507998 10.6873598099 3.64561724663
      vertex -0.117073945701 10.6666221619 3.60173201561
    endloop
  endfacet
  facet normal -0.0414506494999 -0.123153083026 -0.991521656513
    outer loop
      vertex -0.064824745059 10.694396019 3.68793034554
      vertex -0.107413507998 10.6873598099 3.64561724663
      vertex -0.148766040802 10.6937932968 3.71133160591
    endloop
  endfacet
  facet normal -0.093501880765 -0.409530609846 -0.907492160797
    outer loop
      vertex -0.0011223286856 10.6788883209 3.62274360657
      vertex 0.0313744582236 10.6938514709 3.64847993851
      vertex 0.0482216738164 10.6787538528 3.61118006706
    endloop
  endfacet
  facet normal -0.0866408720613 -0.14981405437 -0.984910726547
    outer loop
      vertex 0.00745503325015 10.6989488602 3.69582915306
      vertex 0.0313744582236 10.6938514709 3.64847993851
      vertex -0.0304449964315 10.6888618469 3.65143084526
    endloop
  endfacet
  facet normal -0.00800886563957 -0.974726319313 -0.223258644342
    outer loop
      vertex -0.0765179023147 10.577960968 3.5622792244
      vertex -0.00146967801265 10.6046676636 3.56777954102
      vertex -0.0322501920164 10.5480413437 3.55506253242
    endloop
  endfacet
  facet normal -0.17892357707 -0.865836143494 -0.467240959406
    outer loop
      vertex 0.0541476048529 10.6458301544 3.57849931717
      vertex -0.00146967801265 10.6046676636 3.56777954102
      vertex -0.00355909601785 10.6536998749 3.59467148781
    endloop
  endfacet
  facet normal 0.0411648973823 0.131496086717 -0.990461647511
    outer loop
      vertex -0.241942360997 10.7024908066 3.62959980965
      vertex -0.187331870198 10.6979818344 3.6464676857
      vertex -0.241629898548 10.7057933807 3.60462927818
    endloop
  endfacet
  facet normal 0.13158968091 -0.0142316427082 -0.991202116013
    outer loop
      vertex -0.107413507998 10.6873598099 3.64561724663
      vertex -0.187331870198 10.6979818344 3.6464676857
      vertex -0.148766040802 10.6937932968 3.71133160591
    endloop
  endfacet
  facet normal -0.122260130942 -0.0789805576205 -0.989350557327
    outer loop
      vertex 0.0750539824367 10.7082242966 3.70736932755
      vertex 0.0553214550018 10.7030239105 3.67277193069
      vertex 0.00745503325015 10.6989488602 3.69582915306
    endloop
  endfacet
  facet normal -0.167506575584 -0.199438095093 -0.965487420559
    outer loop
      vertex 0.0313744582236 10.6938514709 3.64847993851
      vertex 0.0553214550018 10.7030239105 3.67277193069
      vertex 0.10715264082 10.7058315277 3.64283466339
    endloop
  endfacet
  facet normal -0.055714070797 0.18232922256 -0.981657803059
    outer loop
      vertex -0.0329623371363 10.691904068 3.79529976845
      vertex -0.116409182549 10.6821708679 3.82220768929
      vertex -0.0482841432095 10.6846313477 3.82977628708
    endloop
  endfacet
  facet normal -0.0805680081248 0.102030940354 -0.991513252258
    outer loop
      vertex -0.0529071651399 10.6961545944 3.73824906349
      vertex -0.0329623371363 10.691904068 3.79529976845
      vertex 0.033764064312 10.7002124786 3.76725459099
    endloop
  endfacet
  facet normal -0.093201674521 0.123342961073 -0.987977683544
    outer loop
      vertex 0.0984909310937 10.7067813873 3.76354813576
      vertex 0.033764064312 10.7002124786 3.76725459099
      vertex 0.0874058380723 10.7014093399 3.79820084572
    endloop
  endfacet
  facet normal -0.169381171465 0.0958565101027 -0.980877935886
    outer loop
      vertex 0.0750539824367 10.7082242966 3.70736932755
      vertex 0.0984909310937 10.7067813873 3.76354813576
      vertex 0.151721045375 10.7207965851 3.7141866684
    endloop
  endfacet
  facet normal -0.107715725899 0.148694083095 -0.982999205589
    outer loop
      vertex 0.0874058380723 10.7014093399 3.79820084572
      vertex 0.033764064312 10.7002124786 3.76725459099
      vertex 0.0700804367661 10.697054863 3.81443881989
    endloop
  endfacet
  facet normal -0.0397849977016 0.140629649162 -0.989262580872
    outer loop
      vertex 0.0984909310937 10.7067813873 3.76354813576
      vertex 0.0874058380723 10.7014093399 3.79820084572
      vertex 0.148642808199 10.6982707977 3.8376019001
    endloop
  endfacet
  facet normal -0.0704679936171 0.187557190657 -0.979722678661
    outer loop
      vertex 0.0874058380723 10.7014093399 3.79820084572
      vertex 0.0700804367661 10.697054863 3.81443881989
      vertex 0.148642808199 10.6982707977 3.8376019001
    endloop
  endfacet
  facet normal -0.0567850396037 0.156974047422 -0.985968887806
    outer loop
      vertex -0.0329623371363 10.691904068 3.79529976845
      vertex 0.0107317520306 10.6896018982 3.82556629181
      vertex 0.033764064312 10.7002124786 3.76725459099
    endloop
  endfacet
  facet normal -0.0929776281118 0.277545273304 -0.956202805042
    outer loop
      vertex -0.116409182549 10.6821708679 3.82220768929
      vertex -0.11245816946 10.6470279694 3.94460320473
      vertex -0.0467732958496 10.670042038 3.88732171059
    endloop
  endfacet
  facet normal -0.0902946442366 0.210166797042 -0.97348690033
    outer loop
      vertex 0.0798535272479 10.6934890747 3.8351521492
      vertex 0.0700804367661 10.697054863 3.81443881989
      vertex 0.0164110120386 10.6819610596 3.86129236221
    endloop
  endfacet
  facet normal -0.0686675980687 0.272749394178 -0.959631443024
    outer loop
      vertex -0.0467732958496 10.670042038 3.88732171059
      vertex 0.148384273052 10.6627149582 3.9622335434
      vertex 0.0164110120386 10.6819610596 3.86129236221
    endloop
  endfacet
  facet normal -0.0663933977485 0.218766093254 -0.973515927792
    outer loop
      vertex 0.0107317520306 10.6896018982 3.82556629181
      vertex -0.0482841432095 10.6846313477 3.82977628708
      vertex 0.0164110120386 10.6819610596 3.86129236221
    endloop
  endfacet
  facet normal -0.0701526924968 0.175962358713 -0.981894016266
    outer loop
      vertex -0.0329623371363 10.691904068 3.79529976845
      vertex -0.0482841432095 10.6846313477 3.82977628708
      vertex 0.0107317520306 10.6896018982 3.82556629181
    endloop
  endfacet
  facet normal -0.0623509027064 0.246813192964 -0.967055141926
    outer loop
      vertex -0.0467732958496 10.670042038 3.88732171059
      vertex -0.0482841432095 10.6846313477 3.82977628708
      vertex -0.116409182549 10.6821708679 3.82220768929
    endloop
  endfacet
  facet normal -0.0804418027401 0.246941030025 -0.965685904026
    outer loop
      vertex -0.0467732958496 10.670042038 3.88732171059
      vertex 0.0164110120386 10.6819610596 3.86129236221
      vertex -0.0482841432095 10.6846313477 3.82977628708
    endloop
  endfacet
  facet normal -0.0751038342714 0.203465849161 -0.976197242737
    outer loop
      vertex 0.0700804367661 10.697054863 3.81443881989
      vertex 0.0798535272479 10.6934890747 3.8351521492
      vertex 0.148642808199 10.6982707977 3.8376019001
    endloop
  endfacet
  facet normal -0.0538561567664 0.169928565621 -0.983983635902
    outer loop
      vertex -0.186029106379 10.6850786209 3.78330540657
      vertex -0.116409182549 10.6821708679 3.82220768929
      vertex -0.123468086123 10.6916713715 3.76495552063
    endloop
  endfacet
  facet normal -0.071766525507 0.187895044684 -0.979563713074
    outer loop
      vertex -0.374181628227 10.6669635773 3.80587792397
      vertex -0.186029106379 10.6850786209 3.78330540657
      vertex -0.252142637968 10.6873016357 3.74646139145
    endloop
  endfacet
  facet normal -0.0693198293447 0.273549735546 -0.959356725216
    outer loop
      vertex 0.148642808199 10.6982707977 3.8376019001
      vertex 0.0164110120386 10.6819610596 3.86129236221
      vertex 0.148384273052 10.6627149582 3.9622335434
    endloop
  endfacet
  facet normal -0.0806707218289 0.220710933208 -0.971997380257
    outer loop
      vertex 0.0107317520306 10.6896018982 3.82556629181
      vertex 0.0164110120386 10.6819610596 3.86129236221
      vertex 0.0700804367661 10.697054863 3.81443881989
    endloop
  endfacet
  facet normal -0.0310812126845 0.0850565955043 -0.995891213417
    outer loop
      vertex -0.0529071651399 10.6961545944 3.73824906349
      vertex -0.123468086123 10.6916713715 3.76495552063
      vertex -0.0329623371363 10.691904068 3.79529976845
    endloop
  endfacet
  facet normal -0.0818530097604 0.0779301971197 -0.993592977524
    outer loop
      vertex -0.186029106379 10.6850786209 3.78330540657
      vertex -0.123468086123 10.6916713715 3.76495552063
      vertex -0.148766040802 10.6937932968 3.71133160591
    endloop
  endfacet
  facet normal 0.00188937759958 -0.999997317791 0.00133674778044
    outer loop
      vertex 0.0466077849269 10.55509758 3.55520200729
      vertex 0.0601588413119 10.4045963287 3.55542874336
      vertex -0.0322501920164 10.5480413437 3.55506253242
    endloop
  endfacet
  facet normal -0.220039099455 -0.974900007248 -0.0339517369866
    outer loop
      vertex 0.0566565208137 10.6006784439 3.55452132225
      vertex 0.0466077849269 10.55509758 3.55520200729
      vertex -0.00146967801265 10.6046676636 3.56777954102
    endloop
  endfacet
  facet normal -0.0187479685992 -0.973298668861 -0.228775516152
    outer loop
      vertex 0.0466077849269 10.55509758 3.55520200729
      vertex -0.0322501920164 10.5480413437 3.55506253242
      vertex -0.00146967801265 10.6046676636 3.56777954102
    endloop
  endfacet
  facet normal -0.00610612239689 -0.236806243658 0.971537709236
    outer loop
      vertex -0.134552583098 9.90534305573 3.66536688805
      vertex -0.0637146160007 9.89431381226 3.70878791809
      vertex -0.146623179317 9.89395999908 3.71237659454
    endloop
  endfacet
  facet normal 0.00035439687781 -0.999997973442 -0.00199271994643
    outer loop
      vertex 0.0601588413119 10.4045963287 3.55542874336
      vertex -0.179573684931 10.5108861923 3.55555558205
      vertex -0.104701392353 10.5296211243 3.55561947823
    endloop
  endfacet
  facet normal -0.0248997844756 -0.99437969923 -0.102903105319
    outer loop
      vertex -0.179573684931 10.5108861923 3.55555558205
      vertex -0.130941152573 10.5918159485 3.56271290779
      vertex -0.104701392353 10.5296211243 3.55561947823
    endloop
  endfacet
  facet normal 0.0234145019203 -0.992126762867 -0.123029537499
    outer loop
      vertex -0.0765179023147 10.577960968 3.5622792244
      vertex -0.104701392353 10.5296211243 3.55561947823
      vertex -0.130941152573 10.5918159485 3.56271290779
    endloop
  endfacet
  facet normal -0.00604846188799 -0.999960899353 0.00645029824227
    outer loop
      vertex 0.0601588413119 10.4045963287 3.55542874336
      vertex -0.104701392353 10.5296211243 3.55561947823
      vertex -0.0322501920164 10.5480413437 3.55506253242
    endloop
  endfacet
  facet normal -0.0105301616713 -0.995035767555 0.0989594608545
    outer loop
      vertex -0.0462836511433 10.1198692322 3.55594801903
      vertex 0.00795583985746 10.0430297852 3.56301593781
      vertex -0.0708534941077 10.0358514786 3.56456375122
    endloop
  endfacet
  facet normal 0.00305141392164 -0.999986350536 0.00424809847027
    outer loop
      vertex 0.124285370111 10.1602582932 3.55629706383
      vertex -0.0462836511433 10.1198692322 3.55594801903
      vertex 0.00883090309799 10.2799386978 3.55543613434
    endloop
  endfacet
  facet normal 0.103890605271 -0.267042249441 0.958068430424
    outer loop
      vertex -0.199373111129 9.90572738647 3.63876986504
      vertex -0.134552583098 9.90534305573 3.66536688805
      vertex -0.216181889176 9.89163780212 3.68278026581
    endloop
  endfacet
  facet normal 0.0560085438192 -0.330660641193 0.942086279392
    outer loop
      vertex -0.0637146160007 9.89431381226 3.70878791809
      vertex -0.134552583098 9.90534305573 3.66536688805
      vertex -0.0676259323955 9.9114074707 3.65942335129
    endloop
  endfacet
  facet normal 0.0252306740731 -0.999250948429 0.0293422024697
    outer loop
      vertex 0.11957937479 10.073884964 3.5587143898
      vertex 0.0579674132168 10.0995483398 3.55640506744
      vertex 0.124285370111 10.1602582932 3.55629706383
    endloop
  endfacet
  facet normal -0.0156210567802 -0.994608938694 0.102513767779
    outer loop
      vertex -0.0462836511433 10.1198692322 3.55594801903
      vertex 0.0579674132168 10.0995483398 3.55640506744
      vertex 0.00795583985746 10.0430297852 3.56301593781
    endloop
  endfacet
  facet normal 0.2017236799 -0.503768324852 0.8399553895
    outer loop
      vertex -0.199373111129 9.90572738647 3.63876986504
      vertex -0.154008507729 9.9267578125 3.62186908722
      vertex -0.134552583098 9.90534305573 3.66536688805
    endloop
  endfacet
  facet normal 0.0375157706439 -0.474815100431 0.879285633564
    outer loop
      vertex -0.134552583098 9.90534305573 3.66536688805
      vertex -0.102852731943 9.92374229431 3.63379836082
      vertex -0.0676259323955 9.9114074707 3.65942335129
    endloop
  endfacet
  facet normal 0.0110455881804 -0.945585846901 0.325185149908
    outer loop
      vertex -0.0708534941077 10.0358514786 3.56456375122
      vertex 0.00795583985746 10.0430297852 3.56301593781
      vertex -0.0309770721942 9.99690341949 3.57842373848
    endloop
  endfacet
  facet normal 0.0315130837262 -0.96826094389 0.247947007418
    outer loop
      vertex -0.18941950798 10.053524971 3.55985951424
      vertex -0.116098865867 10.0751638412 3.5567047596
      vertex -0.138534650207 10.0139036179 3.57166171074
    endloop
  endfacet
  facet normal 0.120190113783 -0.886715233326 0.446419596672
    outer loop
      vertex -0.15482480824 9.96140098572 3.59281897545
      vertex -0.222990572453 9.92581939697 3.60149335861
      vertex -0.216728076339 9.98548698425 3.57230210304
    endloop
  endfacet
  facet normal 0.102391883731 -0.816949307919 0.567547082901
    outer loop
      vertex -0.114286057651 9.94476127625 3.60946011543
      vertex -0.15482480824 9.96140098572 3.59281897545
      vertex -0.0864052698016 9.97759819031 3.59014225006
    endloop
  endfacet
  facet normal 0.174703001976 -0.116853937507 0.977662503719
    outer loop
      vertex -0.00259274197742 9.90742397308 3.67810773849
      vertex 0.090878739953 9.91961956024 3.71582269669
      vertex 0.0120434593409 9.90360641479 3.73193645477
    endloop
  endfacet
  facet normal 0.187759801745 -0.495588541031 0.848020195961
    outer loop
      vertex 0.0548173189163 9.94233798981 3.64011573792
      vertex -0.00259274197742 9.90742397308 3.67810773849
      vertex -0.0307304747403 9.92545413971 3.63659667969
    endloop
  endfacet
  facet normal -0.105133652687 -0.994186103344 0.023257240653
    outer loop
      vertex 0.0579674132168 10.0995483398 3.55640506744
      vertex 0.0621485412121 10.0585403442 3.55692219734
      vertex 0.00795583985746 10.0430297852 3.56301593781
    endloop
  endfacet
  facet normal 0.114841140807 -0.940431833267 0.319999217987
    outer loop
      vertex 0.0772142931819 10.0212831497 3.57143950462
      vertex 0.0621485412121 10.0585403442 3.55692219734
      vertex 0.11957937479 10.073884964 3.5587143898
    endloop
  endfacet
  facet normal 0.0707739591599 -0.926625013351 0.369265586138
    outer loop
      vertex 0.0272930469364 9.98356342316 3.58819031715
      vertex -0.0309770721942 9.99690341949 3.57842373848
      vertex 0.00795583985746 10.0430297852 3.56301593781
    endloop
  endfacet
  facet normal -0.0593032725155 -0.919743359089 0.388014554977
    outer loop
      vertex -0.0708534941077 10.0358514786 3.56456375122
      vertex -0.0309770721942 9.99690341949 3.57842373848
      vertex -0.0864052698016 9.97759819031 3.59014225006
    endloop
  endfacet
  facet normal 0.115834571421 -0.679817676544 0.724175572395
    outer loop
      vertex -0.154008507729 9.9267578125 3.62186908722
      vertex -0.114286057651 9.94476127625 3.60946011543
      vertex -0.102852731943 9.92374229431 3.63379836082
    endloop
  endfacet
  facet normal 0.037751942873 -0.679031908512 0.733137369156
    outer loop
      vertex -0.0693107917905 9.92353439331 3.63588786125
      vertex -0.102852731943 9.92374229431 3.63379836082
      vertex -0.0719625875354 9.94056797028 3.6173491478
    endloop
  endfacet
  facet normal 0.0642156749964 -0.697789728642 0.713418424129
    outer loop
      vertex -0.0239788591862 9.95690441132 3.60506272316
      vertex -0.0307304747403 9.92545413971 3.63659667969
      vertex -0.0719625875354 9.94056797028 3.6173491478
    endloop
  endfacet
  facet normal 0.0525484867394 -0.460355401039 0.886178076267
    outer loop
      vertex -0.0693107917905 9.92353439331 3.63588786125
      vertex -0.0307304747403 9.92545413971 3.63659667969
      vertex -0.0676259323955 9.9114074707 3.65942335129
    endloop
  endfacet
  facet normal 0.0305708851665 0.215352028608 0.976057827473
    outer loop
      vertex -0.111299544573 9.89176177979 3.7429561615
      vertex -0.212896674871 9.90853023529 3.83338022232
      vertex -0.213679403067 9.89237117767 3.76025032997
    endloop
  endfacet
  facet normal 0.100482985377 0.0695501193404 0.992504894733
    outer loop
      vertex -0.0131079126149 9.90453052521 3.78147244453
      vertex -0.0637146160007 9.89431381226 3.70878791809
      vertex 0.0120434593409 9.90360641479 3.73193645477
    endloop
  endfacet
  facet normal 0.154519870877 -0.111649699509 0.981660842896
    outer loop
      vertex -0.00259274197742 9.90742397308 3.67810773849
      vertex 0.0120434593409 9.90360641479 3.73193645477
      vertex -0.0637146160007 9.89431381226 3.70878791809
    endloop
  endfacet
  facet normal 0.0773132964969 0.0578386709094 0.99532777071
    outer loop
      vertex -0.0131079126149 9.90453052521 3.78147244453
      vertex 0.0120434593409 9.90360641479 3.73193645477
      vertex 0.0604089871049 9.91030406952 3.7825551033
    endloop
  endfacet
  facet normal 0.0425686761737 0.0594794228673 0.997321486473
    outer loop
      vertex 0.118110217154 9.91630458832 3.76987528801
      vertex 0.166803091764 9.9190568924 3.78116369247
      vertex 0.120091162622 9.91937637329 3.81995916367
    endloop
  endfacet
  facet normal 0.04369629547 -0.0830645114183 0.995585739613
    outer loop
      vertex 0.149584650993 9.91942214966 3.74907255173
      vertex 0.118110217154 9.91630458832 3.76987528801
      vertex 0.090878739953 9.91961956024 3.71582269669
    endloop
  endfacet
  facet normal 0.0297617744654 0.00849947892129 0.999520897865
    outer loop
      vertex -0.216181889176 9.89163780212 3.68278026581
      vertex -0.146623179317 9.89395999908 3.71237659454
      vertex -0.213679403067 9.89237117767 3.76025032997
    endloop
  endfacet
  facet normal 0.03873090446 0.224100872874 0.973796010017
    outer loop
      vertex -0.212896674871 9.90853023529 3.83338022232
      vertex -0.111299544573 9.89176177979 3.7429561615
      vertex -0.0131079126149 9.90453052521 3.78147244453
    endloop
  endfacet
  facet normal 0.0808062776923 -0.101512730122 0.991547048092
    outer loop
      vertex 0.118110217154 9.91630458832 3.76987528801
      vertex 0.0604089871049 9.91030406952 3.7825551033
      vertex 0.090878739953 9.91961956024 3.71582269669
    endloop
  endfacet
  facet normal 0.073535554111 0.207938477397 0.975373804569
    outer loop
      vertex -0.0131079126149 9.90453052521 3.78147244453
      vertex 0.0604089871049 9.91030406952 3.7825551033
      vertex 0.0573370270431 9.92473888397 3.85134911537
    endloop
  endfacet
  facet normal 0.119480744004 -0.204558894038 0.971534848213
    outer loop
      vertex -0.134552583098 9.90534305573 3.66536688805
      vertex -0.146623179317 9.89395999908 3.71237659454
      vertex -0.216181889176 9.89163780212 3.68278026581
    endloop
  endfacet
  facet normal 0.00109531846829 -0.0729738026857 0.997333228588
    outer loop
      vertex -0.111299544573 9.89176177979 3.7429561615
      vertex -0.146623179317 9.89395999908 3.71237659454
      vertex -0.0637146160007 9.89431381226 3.70878791809
    endloop
  endfacet
  facet normal 0.131351217628 0.166213467717 0.977302372456
    outer loop
      vertex 0.120091162622 9.91937637329 3.81995916367
      vertex 0.166803091764 9.9190568924 3.78116369247
      vertex 0.13811558485 9.92314815521 3.82789564133
    endloop
  endfacet
  facet normal 0.115492492914 0.0562512353063 0.991714298725
    outer loop
      vertex 0.118110217154 9.91630458832 3.76987528801
      vertex 0.120091162622 9.91937637329 3.81995916367
      vertex 0.0604089871049 9.91030406952 3.7825551033
    endloop
  endfacet
  facet normal 0.0519489757717 0.212534233928 0.975771725178
    outer loop
      vertex 0.322395801544 9.93961906433 3.85847091675
      vertex 0.13811558485 9.92314815521 3.82789564133
      vertex 0.217914372683 9.92222595215 3.80415248871
    endloop
  endfacet
  facet normal 0.0678829103708 0.298350244761 0.952039420605
    outer loop
      vertex 0.120091162622 9.91937637329 3.81995916367
      vertex 0.13811558485 9.92314815521 3.82789564133
      vertex 0.0573370270431 9.92473888397 3.85134911537
    endloop
  endfacet
  facet normal -0.00245774840005 -0.999996125698 -0.00129033927806
    outer loop
      vertex -0.387721955776 10.1790933609 3.55543208122
      vertex -0.321424663067 10.0432271957 3.55509376526
      vertex -0.455704927444 10.0500621796 3.55543255806
    endloop
  endfacet
  facet normal -0.0026254800614 -0.996245920658 0.0865282490849
    outer loop
      vertex -0.285727083683 9.9838552475 3.56015634537
      vertex -0.321424663067 10.0432271957 3.55509376526
      vertex -0.25076559186 10.0364294052 3.55549812317
    endloop
  endfacet
  facet normal 0.000340409838827 -0.999999940395 -0.000234845632804
    outer loop
      vertex -0.113971307874 10.193652153 3.55543899536
      vertex -0.26974272728 10.1147565842 3.55536723137
      vertex -0.219078063965 10.3308963776 3.55543541908
    endloop
  endfacet
  facet normal 0.0668793767691 -0.997655153275 -0.0145389493555
    outer loop
      vertex -0.26974272728 10.1147565842 3.55536723137
      vertex -0.18941950798 10.053524971 3.55985951424
      vertex -0.25076559186 10.0364294052 3.55549812317
    endloop
  endfacet
  facet normal 0.132518306375 -0.964238882065 0.229526221752
    outer loop
      vertex -0.18941950798 10.053524971 3.55985951424
      vertex -0.216728076339 9.98548698425 3.57230210304
      vertex -0.25076559186 10.0364294052 3.55549812317
    endloop
  endfacet
  facet normal 0.0701964125037 -0.99661564827 0.0427752658725
    outer loop
      vertex -0.321424663067 10.0432271957 3.55509376526
      vertex -0.285727083683 9.9838552475 3.56015634537
      vertex -0.375335663557 9.9321603775 3.55606365204
    endloop
  endfacet
  facet normal -0.0908063873649 0.342682778835 0.935052275658
    outer loop
      vertex -0.447236150503 9.85545444489 3.55587673187
      vertex -0.317715883255 9.86320781708 3.61135530472
      vertex -0.461743593216 9.85801315308 3.55901455879
    endloop
  endfacet
  facet normal 0.197821959853 -0.213041573763 0.956807076931
    outer loop
      vertex -0.317715883255 9.86320781708 3.61135530472
      vertex -0.408553093672 9.85673809052 3.5560631752
      vertex -0.32691654563 9.87128353119 3.56654310226
    endloop
  endfacet
  facet normal 0.17713226378 -0.956619918346 0.231306105852
    outer loop
      vertex -0.285727083683 9.9838552475 3.56015634537
      vertex -0.283053457737 9.93058109283 3.57353305817
      vertex -0.375335663557 9.9321603775 3.55606365204
    endloop
  endfacet
  facet normal 0.339655250311 -0.810807883739 0.476681143045
    outer loop
      vertex -0.284141421318 9.8937330246 3.5947406292
      vertex -0.283053457737 9.93058109283 3.57353305817
      vertex -0.222990572453 9.92581939697 3.60149335861
    endloop
  endfacet
  facet normal 0.00221001915634 -0.997524559498 0.0702842473984
    outer loop
      vertex -0.26974272728 10.1147565842 3.55536723137
      vertex -0.147882029414 10.1126375198 3.55578660965
      vertex -0.18941950798 10.053524971 3.55985951424
    endloop
  endfacet
  facet normal 0.00195263698697 -0.999985039234 0.0051093287766
    outer loop
      vertex -0.0462836511433 10.1198692322 3.55594801903
      vertex -0.147882029414 10.1126375198 3.55578660965
      vertex -0.113971307874 10.193652153 3.55543899536
    endloop
  endfacet
  facet normal 0.137718051672 -0.988613069057 0.0606462545693
    outer loop
      vertex -0.375335663557 9.9321603775 3.55606365204
      vertex -0.32691654563 9.87128353119 3.56654310226
      vertex -0.408553093672 9.85673809052 3.5560631752
    endloop
  endfacet
  facet normal 0.576868355274 -0.258100241423 0.774988532066
    outer loop
      vertex -0.317715883255 9.86320781708 3.61135530472
      vertex -0.32691654563 9.87128353119 3.56654310226
      vertex -0.284141421318 9.8937330246 3.5947406292
    endloop
  endfacet
  facet normal 0.14062063396 -0.902411878109 0.40728199482
    outer loop
      vertex -0.15482480824 9.96140098572 3.59281897545
      vertex -0.216728076339 9.98548698425 3.57230210304
      vertex -0.138534650207 10.0139036179 3.57166171074
    endloop
  endfacet
  facet normal 0.173958539963 -0.957132518291 0.231594085693
    outer loop
      vertex -0.285727083683 9.9838552475 3.56015634537
      vertex -0.216728076339 9.98548698425 3.57230210304
      vertex -0.283053457737 9.93058109283 3.57353305817
    endloop
  endfacet
  facet normal -0.0285858474672 -0.998404026031 0.0487051606178
    outer loop
      vertex -0.147882029414 10.1126375198 3.55578660965
      vertex -0.116098865867 10.0751638412 3.5567047596
      vertex -0.18941950798 10.053524971 3.55985951424
    endloop
  endfacet
  facet normal 0.0668108835816 -0.990389287472 0.121100433171
    outer loop
      vertex -0.0708534941077 10.0358514786 3.56456375122
      vertex -0.116098865867 10.0751638412 3.5567047596
      vertex -0.0462836511433 10.1198692322 3.55594801903
    endloop
  endfacet
  facet normal 0.284424960613 -0.588236570358 0.75702059269
    outer loop
      vertex -0.199373111129 9.90572738647 3.63876986504
      vertex -0.281434476376 9.88371372223 3.62742114067
      vertex -0.222990572453 9.92581939697 3.60149335861
    endloop
  endfacet
  facet normal -0.533918440342 0.77540397644 -0.337164312601
    outer loop
      vertex -0.317715883255 9.86320781708 3.61135530472
      vertex -0.281434476376 9.88371372223 3.62742114067
      vertex -0.354286164045 9.86229896545 3.58656954765
    endloop
  endfacet
  facet normal 0.174427375197 -0.96385383606 0.201397180557
    outer loop
      vertex -0.285727083683 9.9838552475 3.56015634537
      vertex -0.25076559186 10.0364294052 3.55549812317
      vertex -0.216728076339 9.98548698425 3.57230210304
    endloop
  endfacet
  facet normal 0.00569240795448 -0.999983727932 0.00028933113208
    outer loop
      vertex -0.26974272728 10.1147565842 3.55536723137
      vertex -0.25076559186 10.0364294052 3.55549812317
      vertex -0.321424663067 10.0432271957 3.55509376526
    endloop
  endfacet
  facet normal 0.0558709651232 -0.919942855835 0.388051003218
    outer loop
      vertex -0.15482480824 9.96140098572 3.59281897545
      vertex -0.138534650207 10.0139036179 3.57166171074
      vertex -0.0864052698016 9.97759819031 3.59014225006
    endloop
  endfacet
  facet normal -0.0283841323107 -0.973418176174 0.227269500494
    outer loop
      vertex -0.0708534941077 10.0358514786 3.56456375122
      vertex -0.138534650207 10.0139036179 3.57166171074
      vertex -0.116098865867 10.0751638412 3.5567047596
    endloop
  endfacet
  facet normal 0.0626169741154 -0.0895724594593 0.994010031223
    outer loop
      vertex -0.345114350319 9.85990905762 3.61950659752
      vertex -0.461743593216 9.85801315308 3.55901455879
      vertex -0.354286164045 9.86229896545 3.58656954765
    endloop
  endfacet
  facet normal 0.142430707812 -0.0262630749494 0.989456295967
    outer loop
      vertex -0.216181889176 9.89163780212 3.68278026581
      vertex -0.330870598555 9.8748626709 3.69279456139
      vertex -0.281434476376 9.88371372223 3.62742114067
    endloop
  endfacet
  facet normal 0.145124450326 0.00467719184235 0.989402353764
    outer loop
      vertex -0.330870598555 9.8748626709 3.69279456139
      vertex -0.216181889176 9.89163780212 3.68278026581
      vertex -0.213679403067 9.89237117767 3.76025032997
    endloop
  endfacet
  facet normal 0.0490139350295 0.190526694059 0.980457663536
    outer loop
      vertex -0.345114350319 9.85990905762 3.61950659752
      vertex -0.330870598555 9.8748626709 3.69279456139
      vertex -0.46509334445 9.86707115173 3.68723058701
    endloop
  endfacet
  facet normal -0.0489464588463 0.0356143638492 -0.998166263103
    outer loop
      vertex -0.317715883255 9.86320781708 3.61135530472
      vertex -0.354286164045 9.86229896545 3.58656954765
      vertex -0.461743593216 9.85801315308 3.55901455879
    endloop
  endfacet
  facet normal 0.363419145346 -0.167703360319 0.916407167912
    outer loop
      vertex -0.345114350319 9.85990905762 3.61950659752
      vertex -0.354286164045 9.86229896545 3.58656954765
      vertex -0.281434476376 9.88371372223 3.62742114067
    endloop
  endfacet
  facet normal -0.0151165248826 -0.0543241500854 0.998408913612
    outer loop
      vertex -0.111299544573 9.89176177979 3.7429561615
      vertex -0.213679403067 9.89237117767 3.76025032997
      vertex -0.146623179317 9.89395999908 3.71237659454
    endloop
  endfacet
  facet normal 0.021816143766 0.215490862727 0.976262152195
    outer loop
      vertex -0.330870598555 9.8748626709 3.69279456139
      vertex -0.213679403067 9.89237117767 3.76025032997
      vertex -0.212896674871 9.90853023529 3.83338022232
    endloop
  endfacet
  facet normal 0.0758944153786 0.0724866762757 0.994477629662
    outer loop
      vertex 0.594228208065 9.95237255096 3.81148910522
      vertex 0.650367498398 9.9600687027 3.85830283165
      vertex 0.57592612505 9.95652866364 3.88767075539
    endloop
  endfacet
  facet normal 0.149978131056 -0.148794531822 0.977428615093
    outer loop
      vertex 0.650367498398 9.9600687027 3.85830283165
      vertex 0.711441516876 9.97004795074 3.85431361198
      vertex 0.71865516901 9.96547317505 3.8916323185
    endloop
  endfacet
  facet normal 0.203238531947 -0.479450553656 0.85371029377
    outer loop
      vertex 0.747891008854 9.98007202148 3.85191440582
      vertex 0.75628221035 9.97155094147 3.87064480782
      vertex 0.711441516876 9.97004795074 3.85431361198
    endloop
  endfacet
  facet normal 0.145008653402 -0.255476146936 0.955878853798
    outer loop
      vertex 0.75628221035 9.97155094147 3.87064480782
      vertex 0.815675914288 9.97308254242 3.89862632751
      vertex 0.749696433544 9.96832561493 3.87897205353
    endloop
  endfacet
  facet normal 0.147515714169 -0.176069974899 0.973261773586
    outer loop
      vertex 0.650367498398 9.9600687027 3.85830283165
      vertex 0.65908074379 9.96793079376 3.82214379311
      vertex 0.711441516876 9.97004795074 3.85431361198
    endloop
  endfacet
  facet normal 0.26971590519 -0.310824722052 0.911395251751
    outer loop
      vertex 0.638089954853 9.9757900238 3.78088474274
      vertex 0.65908074379 9.96793079376 3.82214379311
      vertex 0.594228208065 9.95237255096 3.81148910522
    endloop
  endfacet
  facet normal 0.0801599994302 -0.0279733929783 0.996389389038
    outer loop
      vertex 0.749696433544 9.96832561493 3.87897205353
      vertex 0.815675914288 9.97308254242 3.89862632751
      vertex 0.71865516901 9.96547317505 3.8916323185
    endloop
  endfacet
  facet normal 0.129405722022 -0.267418295145 0.95485162735
    outer loop
      vertex 0.75628221035 9.97155094147 3.87064480782
      vertex 0.749696433544 9.96832561493 3.87897205353
      vertex 0.711441516876 9.97004795074 3.85431361198
    endloop
  endfacet
  facet normal 0.216634467244 0.268124848604 0.938711106777
    outer loop
      vertex 0.815675914288 9.97308254242 3.89862632751
      vertex 0.813801825047 10.0083398819 4.02357959747
      vertex 0.757236599922 9.97716140747 3.96012210846
    endloop
  endfacet
  facet normal 0.0384948588908 -0.128897473216 0.990910470486
    outer loop
      vertex 0.749696433544 9.96832561493 3.87897205353
      vertex 0.71865516901 9.96547317505 3.8916323185
      vertex 0.711441516876 9.97004795074 3.85431361198
    endloop
  endfacet
  facet normal -0.00449762074277 0.284279644489 0.958730876446
    outer loop
      vertex 0.57592612505 9.95652866364 3.88767075539
      vertex 0.757236599922 9.97716140747 3.96012210846
      vertex 0.557263731956 9.9925069809 4.00871372223
    endloop
  endfacet
  facet normal 0.0681738257408 0.130386471748 0.989116609097
    outer loop
      vertex 0.815675914288 9.97308254242 3.89862632751
      vertex 0.757236599922 9.97716140747 3.96012210846
      vertex 0.71865516901 9.96547317505 3.8916323185
    endloop
  endfacet
  facet normal 0.0882195457816 0.119067549706 0.98895919323
    outer loop
      vertex 0.757236599922 9.97716140747 3.96012210846
      vertex 0.6450278759 9.95894241333 3.89193892479
      vertex 0.71865516901 9.96547317505 3.8916323185
    endloop
  endfacet
  facet normal 0.0366037487984 -0.0276461169124 0.998947381973
    outer loop
      vertex 0.650367498398 9.9600687027 3.85830283165
      vertex 0.6450278759 9.95894241333 3.89193892479
      vertex 0.57592612505 9.95652866364 3.88767075539
    endloop
  endfacet
  facet normal 0.084877230227 -0.98710167408 0.135742977262
    outer loop
      vertex 0.352931767702 10.2839670181 3.55528903008
      vertex 0.394288927317 10.2068862915 3.56944489479
      vertex 0.304387569427 10.2383432388 3.5573887825
    endloop
  endfacet
  facet normal 0.388236582279 -0.912579953671 0.128336206079
    outer loop
      vertex 0.472061902285 10.2274055481 3.57012081146
      vertex 0.448992878199 10.2563381195 3.5562376976
      vertex 0.48205268383 10.3200597763 3.56134128571
    endloop
  endfacet
  facet normal 0.0262267701328 -0.999314665794 0.0261220559478
    outer loop
      vertex 0.233497604728 10.3022594452 3.55545139313
      vertex 0.246914535761 10.1724939346 3.55919551849
      vertex 0.124285370111 10.1602582932 3.55629706383
    endloop
  endfacet
  facet normal 0.0748343244195 -0.983756840229 0.163163527846
    outer loop
      vertex 0.394288927317 10.2068862915 3.56944489479
      vertex 0.325573652983 10.1594362259 3.57208776474
      vertex 0.304387569427 10.2383432388 3.5573887825
    endloop
  endfacet
  facet normal 0.0478682741523 -0.998846590519 0.00375462742522
    outer loop
      vertex 0.48205268383 10.3200597763 3.56134128571
      vertex 0.352931767702 10.2839670181 3.55528903008
      vertex 0.365601629019 10.438574791 3.5553150177
    endloop
  endfacet
  facet normal -0.0496251136065 -0.977270841599 0.20610447228
    outer loop
      vertex 0.394288927317 10.2068862915 3.56944489479
      vertex 0.352931767702 10.2839670181 3.55528903008
      vertex 0.448992878199 10.2563381195 3.5562376976
    endloop
  endfacet
  facet normal 0.136376529932 -0.979852557182 0.145912319422
    outer loop
      vertex 0.246914535761 10.1724939346 3.55919551849
      vertex 0.304387569427 10.2383432388 3.5573887825
      vertex 0.325573652983 10.1594362259 3.57208776474
    endloop
  endfacet
  facet normal -0.00722479866818 -0.999239981174 0.0383044034243
    outer loop
      vertex 0.352931767702 10.2839670181 3.55528903008
      vertex 0.304387569427 10.2383432388 3.5573887825
      vertex 0.233497604728 10.3022594452 3.55545139313
    endloop
  endfacet
  facet normal 0.142467275262 -0.955172836781 0.259514868259
    outer loop
      vertex 0.392930984497 10.1216001511 3.5924141407
      vertex 0.325573652983 10.1594362259 3.57208776474
      vertex 0.394288927317 10.2068862915 3.56944489479
    endloop
  endfacet
  facet normal 0.116597145796 -0.961889922619 0.247331529856
    outer loop
      vertex 0.246914535761 10.1724939346 3.55919551849
      vertex 0.325573652983 10.1594362259 3.57208776474
      vertex 0.282728672028 10.1096887589 3.57968568802
    endloop
  endfacet
  facet normal 0.087611541152 -0.97070902586 0.223714634776
    outer loop
      vertex 0.325573652983 10.1594362259 3.57208776474
      vertex 0.332666248083 10.1153154373 3.5828962326
      vertex 0.282728672028 10.1096887589 3.57968568802
    endloop
  endfacet
  facet normal 0.182793110609 -0.907223165035 0.378857284784
    outer loop
      vertex 0.330081880093 10.0808525085 3.59676718712
      vertex 0.332666248083 10.1153154373 3.5828962326
      vertex 0.392930984497 10.1216001511 3.5924141407
    endloop
  endfacet
  facet normal 0.193540051579 -0.981040835381 0.0100546767935
    outer loop
      vertex 0.519874632359 10.4188137054 3.5706923008
      vertex 0.442783683538 10.4682369232 3.55497741699
      vertex 0.531856477261 10.5107688904 3.57211375237
    endloop
  endfacet
  facet normal -0.0016069598496 -0.999972760677 0.00720194727182
    outer loop
      vertex 0.401384860277 10.5237426758 3.55464410782
      vertex 0.442783683538 10.4682369232 3.55497741699
      vertex 0.365601629019 10.438574791 3.5553150177
    endloop
  endfacet
  facet normal 0.185979232192 -0.982312083244 -0.0217880699784
    outer loop
      vertex 0.48205268383 10.3200597763 3.56134128571
      vertex 0.445751845837 10.4197731018 3.55668020248
      vertex 0.519874632359 10.4188137054 3.5706923008
    endloop
  endfacet
  facet normal 0.0089127458632 -0.999362647533 0.0345673151314
    outer loop
      vertex 0.442783683538 10.4682369232 3.55497741699
      vertex 0.445751845837 10.4197731018 3.55668020248
      vertex 0.365601629019 10.438574791 3.5553150177
    endloop
  endfacet
  facet normal -0.391514211893 0.872180581093 -0.293287605047
    outer loop
      vertex 1.71591234207 10.8326873779 4.11584186554
      vertex 2.04427051544 10.9598150253 4.22048997879
      vertex 2.02694010735 11.0773220062 4.17319631577
    endloop
  endfacet
  facet normal -0.499887794256 0.731236815453 -0.464117377996
    outer loop
      vertex 1.71591234207 10.8326873779 4.11584186554
      vertex 2.02694010735 11.0773220062 4.17319631577
      vertex 1.68022823334 11.0251073837 3.96931838989
    endloop
  endfacet
  facet normal -0.0739265903831 0.799978613853 -0.595457017422
    outer loop
      vertex 1.68022823334 11.0251073837 3.96931838989
      vertex 1.69012272358 10.827917099 4.11700963974
      vertex 1.71591234207 10.8326873779 4.11584186554
    endloop
  endfacet
  facet normal -0.0957942679524 0.714729726315 -0.692809402943
    outer loop
      vertex 1.69012272358 10.827917099 4.11700963974
      vertex 1.72202396393 10.7301244736 4.2160782814
      vertex 1.71591234207 10.8326873779 4.11584186554
    endloop
  endfacet
  facet normal -0.469813793898 0.645160317421 -0.60253059864
    outer loop
      vertex 1.72202396393 10.7301244736 4.2160782814
      vertex 2.08959531784 10.874710083 4.34871673584
      vertex 1.71591234207 10.8326873779 4.11584186554
    endloop
  endfacet
  facet normal -0.447890728712 0.598916828632 -0.663846731186
    outer loop
      vertex 1.71591234207 10.8326873779 4.11584186554
      vertex 2.08959531784 10.874710083 4.34871673584
      vertex 2.04427051544 10.9598150253 4.22048997879
    endloop
  endfacet
  facet normal 0.78128516674 0.12914018333 -0.610668718815
    outer loop
      vertex 2.14582180977 10.8234405518 4.25098896027
      vertex 2.04427051544 10.9598150253 4.22048997879
      vertex 2.08959531784 10.874710083 4.34871673584
    endloop
  endfacet
  facet normal 0.881694972515 0.464832425117 -0.080900169909
    outer loop
      vertex 2.08640575409 10.7533283234 4.37589216232
      vertex 2.14582180977 10.8234405518 4.25098896027
      vertex 2.08959531784 10.874710083 4.34871673584
    endloop
  endfacet
  facet normal -0.406049013138 0.889442443848 -0.209800615907
    outer loop
      vertex 1.74897921085 10.6155405045 4.25435113907
      vertex 2.08640575409 10.7533283234 4.37589216232
      vertex 2.08959531784 10.874710083 4.34871673584
    endloop
  endfacet
  facet normal -0.402177989483 0.892648875713 -0.203545615077
    outer loop
      vertex 1.74897921085 10.6155405045 4.25435113907
      vertex 2.08959531784 10.874710083 4.34871673584
      vertex 1.72202396393 10.7301244736 4.2160782814
    endloop
  endfacet
  facet normal -0.567239046097 0.811949312687 -0.137761428952
    outer loop
      vertex 1.72202396393 10.7301244736 4.2160782814
      vertex 1.73092591763 10.6072044373 4.24315309525
      vertex 1.74897921085 10.6155405045 4.25435113907
    endloop
  endfacet
  facet normal 0.122339606285 0.458148658276 0.880416274071
    outer loop
      vertex 1.8153219223 10.5577707291 4.12562036514
      vertex 1.74897921085 10.6155405045 4.25435113907
      vertex 1.73092591763 10.6072044373 4.24315309525
    endloop
  endfacet
  facet normal 0.144896909595 0.470208883286 0.87057942152
    outer loop
      vertex 1.73092591763 10.6072044373 4.24315309525
      vertex 1.79209315777 10.547706604 4.11414527893
      vertex 1.8153219223 10.5577707291 4.12562036514
    endloop
  endfacet
  facet normal 0.146266430616 0.468189716339 0.871438205242
    outer loop
      vertex 1.84463298321 10.4993896484 4.00779819489
      vertex 1.8153219223 10.5577707291 4.12562036514
      vertex 1.79209315777 10.547706604 4.11414527893
    endloop
  endfacet
  facet normal 0.148522555828 0.468946039677 0.870649576187
    outer loop
      vertex 1.79209315777 10.547706604 4.11414527893
      vertex 1.61985349655 10.4260511398 3.94282960892
      vertex 1.84463298321 10.4993896484 4.00779819489
    endloop
  endfacet
  facet normal 0.374436050653 -0.830922305584 0.411540716887
    outer loop
      vertex 1.61985349655 10.4260511398 3.94282960892
      vertex 1.79632461071 10.7011041641 3.88612341881
      vertex 1.84463298321 10.4993896484 4.00779819489
    endloop
  endfacet
  facet normal 0.356682121754 -0.835284113884 0.418423622847
    outer loop
      vertex 1.84463298321 10.4993896484 4.00779819489
      vertex 1.79632461071 10.7011041641 3.88612341881
      vertex 1.8369705677 10.7155418396 3.89624786377
    endloop
  endfacet
  facet normal 0.387914389372 -0.824588358402 0.411796659231
    outer loop
      vertex 1.8369705677 10.7155418396 3.89624786377
      vertex 1.88469719887 10.5134935379 4.01960229874
      vertex 1.84463298321 10.4993896484 4.00779819489
    endloop
  endfacet
  facet normal 0.166350319982 0.470718890429 0.866459071636
    outer loop
      vertex 1.88469719887 10.5134935379 4.01960229874
      vertex 1.8153219223 10.5577707291 4.12562036514
      vertex 1.84463298321 10.4993896484 4.00779819489
    endloop
  endfacet
  facet normal 0.142299175262 0.459302514791 0.876807928085
    outer loop
      vertex 1.88469719887 10.5134935379 4.01960229874
      vertex 1.83770477772 10.5683364868 4.13885688782
      vertex 1.8153219223 10.5577707291 4.12562036514
    endloop
  endfacet
  facet normal 0.138591721654 0.464049071074 0.874900460243
    outer loop
      vertex 1.74897921085 10.6155405045 4.25435113907
      vertex 1.8153219223 10.5577707291 4.12562036514
      vertex 1.83770477772 10.5683364868 4.13885688782
    endloop
  endfacet
  facet normal 0.175257503986 0.48484390974 0.856861233711
    outer loop
      vertex 1.83770477772 10.5683364868 4.13885688782
      vertex 2.08640575409 10.7533283234 4.37589216232
      vertex 1.74897921085 10.6155405045 4.25435113907
    endloop
  endfacet
  facet normal 0.119318693876 0.530022919178 0.839546740055
    outer loop
      vertex 2.08640575409 10.7533283234 4.37589216232
      vertex 1.83770477772 10.5683364868 4.13885688782
      vertex 2.13860583305 10.7076263428 4.29174947739
    endloop
  endfacet
  facet normal 0.870780646801 0.478257417679 -0.11406545341
    outer loop
      vertex 2.14582180977 10.8234405518 4.25098896027
      vertex 2.08640575409 10.7533283234 4.37589216232
      vertex 2.13860583305 10.7076263428 4.29174947739
    endloop
  endfacet
  facet normal 0.982845783234 -0.146038874984 0.112635992467
    outer loop
      vertex 2.11502075195 10.7405509949 4.10762786865
      vertex 2.14582180977 10.8234405518 4.25098896027
      vertex 2.13860583305 10.7076263428 4.29174947739
    endloop
  endfacet
  facet normal 0.990838289261 -0.132015198469 0.0284869372845
    outer loop
      vertex 2.13860583305 10.7076263428 4.29174947739
      vertex 2.12135100365 10.6427230835 4.17624998093
      vertex 2.11502075195 10.7405509949 4.10762786865
    endloop
  endfacet
  facet normal 0.677858710289 -0.621783673763 0.39229157567
    outer loop
      vertex 2.11502075195 10.7405509949 4.10762786865
      vertex 2.12135100365 10.6427230835 4.17624998093
      vertex 1.91825938225 10.524851799 4.0292096138
    endloop
  endfacet
  facet normal 0.619284391403 -0.725047945976 0.301317691803
    outer loop
      vertex 1.87025809288 10.7268409729 3.90426683426
      vertex 2.11502075195 10.7405509949 4.10762786865
      vertex 1.91825938225 10.524851799 4.0292096138
    endloop
  endfacet
  facet normal 0.378313928843 -0.824774086475 0.420269221067
    outer loop
      vertex 1.87025809288 10.7268409729 3.90426683426
      vertex 1.91825938225 10.524851799 4.0292096138
      vertex 1.88469719887 10.5134935379 4.01960229874
    endloop
  endfacet
  facet normal 0.346348404884 -0.834844052792 0.427876412868
    outer loop
      vertex 1.88469719887 10.5134935379 4.01960229874
      vertex 1.8369705677 10.7155418396 3.89624786377
      vertex 1.87025809288 10.7268409729 3.90426683426
    endloop
  endfacet
  facet normal 0.360366225243 -0.784223735332 0.505103290081
    outer loop
      vertex 1.81707024574 10.9150686264 3.75859212875
      vertex 1.87025809288 10.7268409729 3.90426683426
      vertex 1.8369705677 10.7155418396 3.89624786377
    endloop
  endfacet
  facet normal 0.312305808067 -0.796217978001 0.518171787262
    outer loop
      vertex 1.8369705677 10.7155418396 3.89624786377
      vertex 1.78358089924 10.9034862518 3.7529938221
      vertex 1.81707024574 10.9150686264 3.75859212875
    endloop
  endfacet
  facet normal 0.326002717018 -0.744298517704 0.582873880863
    outer loop
      vertex 1.75156605244 11.0579328537 3.61802148819
      vertex 1.81707024574 10.9150686264 3.75859212875
      vertex 1.78358089924 10.9034862518 3.7529938221
    endloop
  endfacet
  facet normal 0.293388426304 -0.7491543293 0.593877971172
    outer loop
      vertex 1.78358089924 10.9034862518 3.7529938221
      vertex 1.6997218132 11.0406093597 3.61145067215
      vertex 1.75156605244 11.0579328537 3.61802148819
    endloop
  endfacet
  facet normal -0.187625110149 -0.589992761612 -0.785305917263
    outer loop
      vertex 1.6997218132 11.0406093597 3.61145067215
      vertex 1.698746562 11.1137590408 3.7091255188
      vertex 1.75156605244 11.0579328537 3.61802148819
    endloop
  endfacet
  facet normal -0.16892041266 -0.584321022034 -0.793747365475
    outer loop
      vertex 1.72531414032 11.1271686554 3.71966195107
      vertex 1.75156605244 11.0579328537 3.61802148819
      vertex 1.698746562 11.1137590408 3.7091255188
    endloop
  endfacet
  facet normal -0.164133876562 -0.591185569763 -0.789657950401
    outer loop
      vertex 1.698746562 11.1137590408 3.7091255188
      vertex 1.66346204281 11.1790399551 3.80611848831
      vertex 1.72531414032 11.1271686554 3.71966195107
    endloop
  endfacet
  facet normal -0.166610077024 -0.592192649841 -0.78838378191
    outer loop
      vertex 1.66346204281 11.1790399551 3.80611848831
      vertex 1.90077149868 11.2274580002 3.80381155014
      vertex 1.72531414032 11.1271686554 3.71966195107
    endloop
  endfacet
  facet normal -0.166964024305 -0.591756045818 -0.788636684418
    outer loop
      vertex 1.72531414032 11.1271686554 3.71966195107
      vertex 1.90077149868 11.2274580002 3.80381155014
      vertex 1.89396154881 11.1592245102 3.71479797363
    endloop
  endfacet
  facet normal -0.168685957789 -0.575593113899 -0.800148487091
    outer loop
      vertex 1.72531414032 11.1271686554 3.71966195107
      vertex 1.89396154881 11.1592245102 3.71479797363
      vertex 1.78846502304 11.0707988739 3.62279295921
    endloop
  endfacet
  facet normal -0.198095366359 -0.586259245872 -0.785530567169
    outer loop
      vertex 1.75156605244 11.0579328537 3.61802148819
      vertex 1.72531414032 11.1271686554 3.71966195107
      vertex 1.78846502304 11.0707988739 3.62279295921
    endloop
  endfacet
  facet normal 0.303451836109 -0.745064020157 0.593966782093
    outer loop
      vertex 1.81707024574 10.9150686264 3.75859212875
      vertex 1.75156605244 11.0579328537 3.61802148819
      vertex 1.78846502304 11.0707988739 3.62279295921
    endloop
  endfacet
  facet normal 0.695002496243 -0.600271642208 0.39578461647
    outer loop
      vertex 1.94742083549 11.0903377533 3.79395103455
      vertex 1.81707024574 10.9150686264 3.75859212875
      vertex 1.78846502304 11.0707988739 3.62279295921
    endloop
  endfacet
  facet normal 0.730294764042 -0.656777560711 0.187917038798
    outer loop
      vertex 1.89396154881 11.1592245102 3.71479797363
      vertex 1.94742083549 11.0903377533 3.79395103455
      vertex 1.78846502304 11.0707988739 3.62279295921
    endloop
  endfacet
  facet normal 0.890413463116 -0.317850291729 -0.32578381896
    outer loop
      vertex 1.94742083549 11.0903377533 3.79395103455
      vertex 1.89396154881 11.1592245102 3.71479797363
      vertex 1.90077149868 11.2274580002 3.80381155014
    endloop
  endfacet
  facet normal 0.82454431057 -0.470438420773 -0.314347565174
    outer loop
      vertex 1.97152376175 11.174571991 3.89248180389
      vertex 1.94742083549 11.0903377533 3.79395103455
      vertex 1.90077149868 11.2274580002 3.80381155014
    endloop
  endfacet
  facet normal 0.641340851784 -0.0553166903555 -0.765259385109
    outer loop
      vertex 1.85551273823 11.2704401016 3.87371444702
      vertex 1.97152376175 11.174571991 3.89248180389
      vertex 1.90077149868 11.2274580002 3.80381155014
    endloop
  endfacet
  facet normal -0.16656935215 -0.592488408089 -0.788170099258
    outer loop
      vertex 1.90077149868 11.2274580002 3.80381155014
      vertex 1.66346204281 11.1790399551 3.80611848831
      vertex 1.85551273823 11.2704401016 3.87371444702
    endloop
  endfacet
  facet normal -0.502663016319 0.635088741779 -0.586508452892
    outer loop
      vertex 1.66346204281 11.1790399551 3.80611848831
      vertex 1.92722260952 11.219628334 3.97739720345
      vertex 1.85551273823 11.2704401016 3.87371444702
    endloop
  endfacet
  facet normal 0.642157196999 -0.0700247064233 -0.763368010521
    outer loop
      vertex 1.97152376175 11.174571991 3.89248180389
      vertex 1.85551273823 11.2704401016 3.87371444702
      vertex 1.92722260952 11.219628334 3.97739720345
    endloop
  endfacet
  facet normal 0.893472969532 0.279674142599 -0.351409196854
    outer loop
      vertex 1.94134247303 11.1334037781 4.0406293869
      vertex 1.97152376175 11.174571991 3.89248180389
      vertex 1.92722260952 11.219628334 3.97739720345
    endloop
  endfacet
  facet normal -0.41360655427 0.765169978142 -0.493400961161
    outer loop
      vertex 1.68022823334 11.0251073837 3.96931838989
      vertex 1.94134247303 11.1334037781 4.0406293869
      vertex 1.92722260952 11.219628334 3.97739720345
    endloop
  endfacet
  facet normal -0.496970236301 0.621891975403 -0.605203270912
    outer loop
      vertex 1.68022823334 11.0251073837 3.96931838989
      vertex 1.92722260952 11.219628334 3.97739720345
      vertex 1.66346204281 11.1790399551 3.80611848831
    endloop
  endfacet
  facet normal -0.498382329941 0.62140917778 -0.604537606239
    outer loop
      vertex 1.68022823334 11.0251073837 3.96931838989
      vertex 1.66346204281 11.1790399551 3.80611848831
      vertex 1.63904702663 11.167470932 3.7977912426
    endloop
  endfacet
  facet normal -0.482202410698 0.62515360117 -0.613729417324
    outer loop
      vertex 1.63904702663 11.167470932 3.7977912426
      vertex 1.65925383568 11.016705513 3.96138811111
      vertex 1.68022823334 11.0251073837 3.96931838989
    endloop
  endfacet
  facet normal -0.475546240807 0.715381085873 -0.511943042278
    outer loop
      vertex 1.69012272358 10.827917099 4.11700963974
      vertex 1.68022823334 11.0251073837 3.96931838989
      vertex 1.65925383568 11.016705513 3.96138811111
    endloop
  endfacet
  facet normal -0.543088674545 0.689344167709 -0.479436457157
    outer loop
      vertex 1.69012272358 10.827917099 4.11700963974
      vertex 1.65925383568 11.016705513 3.96138811111
      vertex 1.67971003056 10.8237247467 4.11172151566
    endloop
  endfacet
  facet normal -0.54299724102 0.691160798073 -0.476917922497
    outer loop
      vertex 1.69876825809 10.7188911438 4.19903230667
      vertex 1.69012272358 10.827917099 4.11700963974
      vertex 1.67971003056 10.8237247467 4.11172151566
    endloop
  endfacet
  facet normal -0.342354595661 0.751640439034 -0.563764095306
    outer loop
      vertex 1.50326788425 10.6612539291 4.15321683884
      vertex 1.69876825809 10.7188911438 4.19903230667
      vertex 1.67971003056 10.8237247467 4.11172151566
    endloop
  endfacet
  facet normal -0.304958552122 0.789387106895 -0.53279286623
    outer loop
      vertex 1.50326788425 10.6612539291 4.15321683884
      vertex 1.67971003056 10.8237247467 4.11172151566
      vertex 1.48718833923 10.7667770386 4.07578277588
    endloop
  endfacet
  facet normal -0.240389451385 0.799688875675 -0.55019146204
    outer loop
      vertex 1.48718833923 10.7667770386 4.07578277588
      vertex 1.47527706623 10.6550836563 4.14904785156
      vertex 1.50326788425 10.6612539291 4.15321683884
    endloop
  endfacet
  facet normal -0.20477154851 0.931954503059 -0.299214661121
    outer loop
      vertex 1.50353348255 10.5353364944 4.19370269775
      vertex 1.50326788425 10.6612539291 4.15321683884
      vertex 1.47527706623 10.6550836563 4.14904785156
    endloop
  endfacet
  facet normal 0.839849889278 0.413043230772 -0.352203726768
    outer loop
      vertex 1.47527706623 10.6550836563 4.14904785156
      vertex 1.48315215111 10.5485458374 4.22388076782
      vertex 1.50353348255 10.5353364944 4.19370269775
    endloop
  endfacet
  facet normal 0.849458098412 0.462599635124 -0.253815859556
    outer loop
      vertex 1.51176536083 10.416478157 4.24380111694
      vertex 1.50353348255 10.5353364944 4.19370269775
      vertex 1.48315215111 10.5485458374 4.22388076782
    endloop
  endfacet
  facet normal 0.660056650639 0.708444535732 -0.249863058329
    outer loop
      vertex 1.48315215111 10.5485458374 4.22388076782
      vertex 1.49304628372 10.4200973511 4.25996494293
      vertex 1.51176536083 10.416478157 4.24380111694
    endloop
  endfacet
  facet normal 0.662650942802 0.728473424911 -0.173839569092
    outer loop
      vertex 1.51825773716 10.2853040695 4.26919794083
      vertex 1.51176536083 10.416478157 4.24380111694
      vertex 1.49304628372 10.4200973511 4.25996494293
    endloop
  endfacet
  facet normal 0.411074757576 0.90100312233 -0.138603582978
    outer loop
      vertex 1.49304628372 10.4200973511 4.25996494293
      vertex 1.48297536373 10.2882471085 4.28484249115
      vertex 1.51825773716 10.2853040695 4.26919794083
    endloop
  endfacet
  facet normal 0.119525387883 0.437284916639 0.891344845295
    outer loop
      vertex 1.50817251205 10.2312574387 4.16178798676
      vertex 1.51825773716 10.2853040695 4.26919794083
      vertex 1.48297536373 10.2882471085 4.28484249115
    endloop
  endfacet
  facet normal 0.224984809756 0.447031289339 0.865762591362
    outer loop
      vertex 1.48297536373 10.2882471085 4.28484249115
      vertex 1.30963146687 10.1944055557 4.19034099579
      vertex 1.50817251205 10.2312574387 4.16178798676
    endloop
  endfacet
  facet normal 0.159814342856 -0.148333400488 0.975938796997
    outer loop
      vertex 1.37672412395 10.2389621735 3.96947312355
      vertex 1.50817251205 10.2312574387 4.16178798676
      vertex 1.30963146687 10.1944055557 4.19034099579
    endloop
  endfacet
  facet normal 0.94508254528 0.242992937565 0.218571379781
    outer loop
      vertex 1.30672740936 10.0757904053 4.0949420929
      vertex 1.37672412395 10.2389621735 3.96947312355
      vertex 1.30963146687 10.1944055557 4.19034099579
    endloop
  endfacet
  facet normal 0.256362825632 0.750124514103 0.609582901001
    outer loop
      vertex 1.30963146687 10.1944055557 4.19034099579
      vertex 1.07481062412 10.0377340317 4.14327573776
      vertex 1.30672740936 10.0757904053 4.0949420929
    endloop
  endfacet
  facet normal 0.256206601858 0.782354235649 0.567697167397
    outer loop
      vertex 1.30672740936 10.0757904053 4.0949420929
      vertex 1.07481062412 10.0377340317 4.14327573776
      vertex 1.1715618372 9.960896492 4.05583572388
    endloop
  endfacet
  facet normal 0.509240925312 0.430062115192 0.745466470718
    outer loop
      vertex 1.19468593597 9.95816802979 4.02372455597
      vertex 1.30672740936 10.0757904053 4.0949420929
      vertex 1.1715618372 9.960896492 4.05583572388
    endloop
  endfacet
  facet normal 0.313549518585 0.302284896374 0.900172531605
    outer loop
      vertex 1.1715618372 9.960896492 4.05583572388
      vertex 1.04742622375 9.88499927521 3.95858287811
      vertex 1.19468593597 9.95816802979 4.02372455597
    endloop
  endfacet
  facet normal 0.123839303851 0.604197740555 0.787152409554
    outer loop
      vertex 1.19468593597 9.95816802979 4.02372455597
      vertex 1.04742622375 9.88499927521 3.95858287811
      vertex 1.08279550076 9.87232685089 3.93482470512
    endloop
  endfacet
  facet normal 0.176844418049 0.559379577637 0.809827506542
    outer loop
      vertex 1.23953449726 9.94553947449 3.99126434326
      vertex 1.19468593597 9.95816802979 4.02372455597
      vertex 1.08279550076 9.87232685089 3.93482470512
    endloop
  endfacet
  facet normal -0.0174305997789 0.809562444687 0.586774945259
    outer loop
      vertex 1.13305807114 9.83902168274 3.91176700592
      vertex 1.23953449726 9.94553947449 3.99126434326
      vertex 1.08279550076 9.87232685089 3.93482470512
    endloop
  endfacet
  facet normal -0.622489631176 -0.335903435946 0.706877350807
    outer loop
      vertex 1.1103631258 9.92282772064 3.77746391296
      vertex 1.13305807114 9.83902168274 3.91176700592
      vertex 1.08279550076 9.87232685089 3.93482470512
    endloop
  endfacet
  facet normal -0.613673627377 -0.33669924736 0.714169621468
    outer loop
      vertex 1.08279550076 9.87232685089 3.93482470512
      vertex 1.05406320095 9.9503993988 3.82159399986
      vertex 1.1103631258 9.92282772064 3.77746391296
    endloop
  endfacet
  facet normal -0.625223338604 -0.367453187704 0.688530266285
    outer loop
      vertex 1.06139779091 10.0050048828 3.70679616928
      vertex 1.1103631258 9.92282772064 3.77746391296
      vertex 1.05406320095 9.9503993988 3.82159399986
    endloop
  endfacet
  facet normal 0.0985261723399 -0.422313660383 0.901079237461
    outer loop
      vertex 1.01853787899 9.93843364716 3.83883786201
      vertex 1.06139779091 10.0050048828 3.70679616928
      vertex 1.05406320095 9.9503993988 3.82159399986
    endloop
  endfacet
  facet normal 0.00158069073223 -0.567916452885 0.823084712029
    outer loop
      vertex 1.08279550076 9.87232685089 3.93482470512
      vertex 1.01853787899 9.93843364716 3.83883786201
      vertex 1.05406320095 9.9503993988 3.82159399986
    endloop
  endfacet
  facet normal -0.475771665573 -0.260154575109 0.840214788914
    outer loop
      vertex 1.01853787899 9.93843364716 3.83883786201
      vertex 1.08279550076 9.87232685089 3.93482470512
      vertex 1.04742622375 9.88499927521 3.95858287811
    endloop
  endfacet
  facet normal -0.17926825583 -0.364513039589 0.913779616356
    outer loop
      vertex 1.04742622375 9.88499927521 3.95858287811
      vertex 0.925094604492 9.94014644623 3.8805000782
      vertex 1.01853787899 9.93843364716 3.83883786201
    endloop
  endfacet
  facet normal -0.154371857643 -0.307641297579 0.938896238804
    outer loop
      vertex 0.925094604492 9.94014644623 3.8805000782
      vertex 0.9134349823 10.0160856247 3.65459012985
      vertex 1.01853787899 9.93843364716 3.83883786201
    endloop
  endfacet
  facet normal 0.0707008838654 -0.421378076077 0.9041249156
    outer loop
      vertex 1.01853787899 9.93843364716 3.83883786201
      vertex 0.9134349823 10.0160856247 3.65459012985
      vertex 1.03263473511 10.0130167007 3.68117427826
    endloop
  endfacet
  facet normal 0.119275949895 -0.415833473206 0.901585161686
    outer loop
      vertex 1.06139779091 10.0050048828 3.70679616928
      vertex 1.01853787899 9.93843364716 3.83883786201
      vertex 1.03263473511 10.0130167007 3.68117427826
    endloop
  endfacet
  facet normal 0.522012591362 -0.726001501083 0.447688132524
    outer loop
      vertex 1.17595112324 10.1421451569 3.7045955658
      vertex 1.06139779091 10.0050048828 3.70679616928
      vertex 1.03263473511 10.0130167007 3.68117427826
    endloop
  endfacet
  facet normal 0.064868979156 -0.992038786411 -0.107940271497
    outer loop
      vertex 1.03263473511 10.0130167007 3.68117427826
      vertex 1.10079395771 10.2016000748 3.70615029335
      vertex 1.17595112324 10.1421451569 3.7045955658
    endloop
  endfacet
  facet normal 0.295284330845 -0.869477510452 -0.396000087261
    outer loop
      vertex 1.10079395771 10.2016000748 3.70615029335
      vertex 1.33052349091 10.2371091843 3.8003411293
      vertex 1.17595112324 10.1421451569 3.7045955658
    endloop
  endfacet
  facet normal -0.0157453939319 -0.691188573837 -0.722502887249
    outer loop
      vertex 1.17595112324 10.1421451569 3.7045955658
      vertex 1.33052349091 10.2371091843 3.8003411293
      vertex 1.32745552063 10.2176971436 3.78011965752
    endloop
  endfacet
  facet normal 0.325801581144 -0.910019934177 -0.256353408098
    outer loop
      vertex 1.32745552063 10.2176971436 3.78011965752
      vertex 1.20804953575 10.1274490356 3.71194767952
      vertex 1.17595112324 10.1421451569 3.7045955658
    endloop
  endfacet
  facet normal 0.156639814377 -0.976727843285 0.146515339613
    outer loop
      vertex 1.06139779091 10.0050048828 3.70679616928
      vertex 1.17595112324 10.1421451569 3.7045955658
      vertex 1.20804953575 10.1274490356 3.71194767952
    endloop
  endfacet
  facet normal -0.51734662056 -0.564300537109 -0.643364131451
    outer loop
      vertex 1.20804953575 10.1274490356 3.71194767952
      vertex 1.10285770893 9.99845790863 3.66132259369
      vertex 1.06139779091 10.0050048828 3.70679616928
    endloop
  endfacet
  facet normal -0.572797238827 -0.420988380909 0.703329324722
    outer loop
      vertex 1.1103631258 9.92282772064 3.77746391296
      vertex 1.06139779091 10.0050048828 3.70679616928
      vertex 1.10285770893 9.99845790863 3.66132259369
    endloop
  endfacet
  facet normal -0.418415397406 -0.476486027241 0.773233234882
    outer loop
      vertex 1.10285770893 9.99845790863 3.66132259369
      vertex 1.32078754902 9.88303279877 3.65726208687
      vertex 1.1103631258 9.92282772064 3.77746391296
    endloop
  endfacet
  facet normal -0.401050686836 -0.435217499733 0.806067049503
    outer loop
      vertex 1.1103631258 9.92282772064 3.77746391296
      vertex 1.32078754902 9.88303279877 3.65726208687
      vertex 1.13305807114 9.83902168274 3.91176700592
    endloop
  endfacet
  facet normal -0.450715601444 -0.464303076267 0.76241594553
    outer loop
      vertex 1.32078754902 9.88303279877 3.65726208687
      vertex 1.35443735123 9.78841686249 3.77996397018
      vertex 1.13305807114 9.83902168274 3.91176700592
    endloop
  endfacet
  facet normal 0.240636020899 0.672789156437 0.699606359005
    outer loop
      vertex 1.45080113411 9.90329742432 3.86495757103
      vertex 1.13305807114 9.83902168274 3.91176700592
      vertex 1.35443735123 9.78841686249 3.77996397018
    endloop
  endfacet
  facet normal 0.188879325986 0.707012295723 0.681511759758
    outer loop
      vertex 1.35443735123 9.78841686249 3.77996397018
      vertex 1.48020040989 9.89313411713 3.84730696678
      vertex 1.45080113411 9.90329742432 3.86495757103
    endloop
  endfacet
  facet normal 0.318972676992 0.812372565269 0.488167256117
    outer loop
      vertex 1.56594467163 10.0348329544 3.8987891674
      vertex 1.45080113411 9.90329742432 3.86495757103
      vertex 1.48020040989 9.89313411713 3.84730696678
    endloop
  endfacet
  facet normal 0.275019049644 0.838193893433 0.470951676369
    outer loop
      vertex 1.48020040989 9.89313411713 3.84730696678
      vertex 1.61598515511 10.0158147812 3.87168478966
      vertex 1.56594467163 10.0348329544 3.8987891674
    endloop
  endfacet
  facet normal 0.51538592577 0.432357907295 -0.73989456892
    outer loop
      vertex 1.59598135948 10.1015825272 3.74875664711
      vertex 1.56594467163 10.0348329544 3.8987891674
      vertex 1.61598515511 10.0158147812 3.87168478966
    endloop
  endfacet
  facet normal 0.586203694344 0.397246956825 -0.706087887287
    outer loop
      vertex 1.61598515511 10.0158147812 3.87168478966
      vertex 1.72099351883 10.0277061462 3.69559168816
      vertex 1.59598135948 10.1015825272 3.74875664711
    endloop
  endfacet
  facet normal 0.585956275463 0.393367499113 -0.708461165428
    outer loop
      vertex 1.70922136307 10.0927581787 3.59596705437
      vertex 1.59598135948 10.1015825272 3.74875664711
      vertex 1.72099351883 10.0277061462 3.69559168816
    endloop
  endfacet
  facet normal 0.645038068295 0.362893611193 -0.672483563423
    outer loop
      vertex 1.72099351883 10.0277061462 3.69559168816
      vertex 1.75934863091 10.0457220078 3.59403085709
      vertex 1.70922136307 10.0927581787 3.59596705437
    endloop
  endfacet
  facet normal 0.3336109519 -0.857872784138 -0.390842676163
    outer loop
      vertex 1.70922136307 10.0927581787 3.59596705437
      vertex 1.75934863091 10.0457220078 3.59403085709
      vertex 1.69462299347 10.0162572861 3.55543613434
    endloop
  endfacet
  facet normal 0.333606243134 -0.857873916626 -0.390844166279
    outer loop
      vertex 1.70922136307 10.0927581787 3.59596705437
      vertex 1.69462299347 10.0162572861 3.55543613434
      vertex 1.66936552525 10.037815094 3.55543613434
    endloop
  endfacet
  facet normal 0.112806424499 -0.836928248405 -0.535561203957
    outer loop
      vertex 1.70922136307 10.0927581787 3.59596705437
      vertex 1.66936552525 10.037815094 3.55543613434
      vertex 1.57506012917 10.1857481003 3.63738918304
    endloop
  endfacet
  facet normal 0.60192489624 0.406419277191 -0.6873934865
    outer loop
      vertex 1.57506012917 10.1857481003 3.63738918304
      vertex 1.59598135948 10.1015825272 3.74875664711
      vertex 1.70922136307 10.0927581787 3.59596705437
    endloop
  endfacet
  facet normal 0.531764090061 0.444769889116 -0.720698773861
    outer loop
      vertex 1.57506012917 10.1857481003 3.63738918304
      vertex 1.54358065128 10.1250257492 3.77341961861
      vertex 1.59598135948 10.1015825272 3.74875664711
    endloop
  endfacet
  facet normal 0.52968865633 0.43104237318 -0.73050147295
    outer loop
      vertex 1.56594467163 10.0348329544 3.8987891674
      vertex 1.59598135948 10.1015825272 3.74875664711
      vertex 1.54358065128 10.1250257492 3.77341961861
    endloop
  endfacet
  facet normal 0.528320491314 0.431713789701 -0.73109549284
    outer loop
      vertex 1.54358065128 10.1250257492 3.77341961861
      vertex 1.53666043282 10.0457191467 3.91619086266
      vertex 1.56594467163 10.0348329544 3.8987891674
    endloop
  endfacet
  facet normal 0.308655172586 0.820464670658 0.481216907501
    outer loop
      vertex 1.45080113411 9.90329742432 3.86495757103
      vertex 1.56594467163 10.0348329544 3.8987891674
      vertex 1.53666043282 10.0457191467 3.91619086266
    endloop
  endfacet
  facet normal 0.367250651121 0.782462716103 0.502870798111
    outer loop
      vertex 1.53666043282 10.0457191467 3.91619086266
      vertex 1.23953449726 9.94553947449 3.99126434326
      vertex 1.45080113411 9.90329742432 3.86495757103
    endloop
  endfacet
  facet normal 0.241632521152 0.646255135536 0.723856329918
    outer loop
      vertex 1.13305807114 9.83902168274 3.91176700592
      vertex 1.45080113411 9.90329742432 3.86495757103
      vertex 1.23953449726 9.94553947449 3.99126434326
    endloop
  endfacet
  facet normal 0.384481042624 0.658815205097 0.646635055542
    outer loop
      vertex 1.23953449726 9.94553947449 3.99126434326
      vertex 1.53666043282 10.0457191467 3.91619086266
      vertex 1.36177718639 10.0582323074 4.03053283691
    endloop
  endfacet
  facet normal 0.195273056626 0.840846538544 0.504822313786
    outer loop
      vertex 1.32516086102 10.0731134415 4.04797077179
      vertex 1.23953449726 9.94553947449 3.99126434326
      vertex 1.36177718639 10.0582323074 4.03053283691
    endloop
  endfacet
  facet normal 0.505907714367 0.418787837029 -0.754104852676
    outer loop
      vertex 1.36177718639 10.0582323074 4.03053283691
      vertex 1.3307621479 10.1472892761 3.90763664246
      vertex 1.32516086102 10.0731134415 4.04797077179
    endloop
  endfacet
  facet normal 0.985903561115 -0.0457200966775 0.16094660759
    outer loop
      vertex 1.3345566988 10.162563324 3.93569111824
      vertex 1.32516086102 10.0731134415 4.04797077179
      vertex 1.3307621479 10.1472892761 3.90763664246
    endloop
  endfacet
  facet normal 0.992030024529 -0.0821708068252 0.0955215767026
    outer loop
      vertex 1.3307621479 10.1472892761 3.90763664246
      vertex 1.33052349091 10.2371091843 3.8003411293
      vertex 1.3345566988 10.162563324 3.93569111824
    endloop
  endfacet
  facet normal 0.890957057476 -0.239148616791 0.386009693146
    outer loop
      vertex 1.33052349091 10.2371091843 3.8003411293
      vertex 1.37672412395 10.2389621735 3.96947312355
      vertex 1.3345566988 10.162563324 3.93569111824
    endloop
  endfacet
  facet normal 0.888264298439 -0.0901858881116 0.450392156839
    outer loop
      vertex 1.37672412395 10.2389621735 3.96947312355
      vertex 1.30672740936 10.0757904053 4.0949420929
      vertex 1.3345566988 10.162563324 3.93569111824
    endloop
  endfacet
  facet normal 0.887684583664 0.330060720444 -0.32105448842
    outer loop
      vertex 1.3345566988 10.162563324 3.93569111824
      vertex 1.30672740936 10.0757904053 4.0949420929
      vertex 1.32516086102 10.0731134415 4.04797077179
    endloop
  endfacet
  facet normal 0.604821264744 0.279858261347 0.745567262173
    outer loop
      vertex 1.30672740936 10.0757904053 4.0949420929
      vertex 1.19468593597 9.95816802979 4.02372455597
      vertex 1.32516086102 10.0731134415 4.04797077179
    endloop
  endfacet
  facet normal 0.368600457907 0.732119977474 0.572829842567
    outer loop
      vertex 1.23953449726 9.94553947449 3.99126434326
      vertex 1.32516086102 10.0731134415 4.04797077179
      vertex 1.19468593597 9.95816802979 4.02372455597
    endloop
  endfacet
  facet normal 0.911283671856 -0.252492845058 -0.325283706188
    outer loop
      vertex 1.30698776245 10.3582582474 3.87147188187
      vertex 1.37672412395 10.2389621735 3.96947312355
      vertex 1.33052349091 10.2371091843 3.8003411293
    endloop
  endfacet
  facet normal 0.251805692911 -0.812409579754 -0.525913059711
    outer loop
      vertex 1.10079395771 10.2016000748 3.70615029335
      vertex 1.30698776245 10.3582582474 3.87147188187
      vertex 1.33052349091 10.2371091843 3.8003411293
    endloop
  endfacet
  facet normal 0.661613345146 -0.745063066483 0.0845503956079
    outer loop
      vertex 1.10079395771 10.2016000748 3.70615029335
      vertex 1.26201415062 10.4300394058 3.8233897686
      vertex 1.30698776245 10.3582582474 3.87147188187
    endloop
  endfacet
  facet normal 0.369754701853 -0.862320899963 0.345953971148
    outer loop
      vertex 1.30698776245 10.3582582474 3.87147188187
      vertex 1.26201415062 10.4300394058 3.8233897686
      vertex 1.51857352257 10.4549779892 3.92339468002
    endloop
  endfacet
  facet normal 0.359596669674 -0.878269910812 0.315170198679
    outer loop
      vertex 1.30698776245 10.3582582474 3.87147188187
      vertex 1.51857352257 10.4549779892 3.92339468002
      vertex 1.53686845303 10.211766243 4.01816272736
    endloop
  endfacet
  facet normal 0.146993890405 -0.804729819298 0.575154542923
    outer loop
      vertex 1.53686845303 10.211766243 4.01816272736
      vertex 1.37672412395 10.2389621735 3.96947312355
      vertex 1.30698776245 10.3582582474 3.87147188187
    endloop
  endfacet
  facet normal -0.194308936596 0.0936909392476 0.97645586729
    outer loop
      vertex 1.50817251205 10.2312574387 4.16178798676
      vertex 1.37672412395 10.2389621735 3.96947312355
      vertex 1.53686845303 10.211766243 4.01816272736
    endloop
  endfacet
  facet normal 0.0155727602541 0.137514039874 0.990377366543
    outer loop
      vertex 1.55739796162 10.2147951126 4.03765678406
      vertex 1.50817251205 10.2312574387 4.16178798676
      vertex 1.53686845303 10.211766243 4.01816272736
    endloop
  endfacet
  facet normal 0.688769519329 -0.691538512707 0.21764883399
    outer loop
      vertex 1.53686845303 10.211766243 4.01816272736
      vertex 1.51857352257 10.4549779892 3.92339468002
      vertex 1.55739796162 10.2147951126 4.03765678406
    endloop
  endfacet
  facet normal 0.345485806465 -0.867857575417 0.357019335032
    outer loop
      vertex 1.55741965771 10.4397373199 3.94512867928
      vertex 1.55739796162 10.2147951126 4.03765678406
      vertex 1.51857352257 10.4549779892 3.92339468002
    endloop
  endfacet
  facet normal 0.329632878304 -0.860911905766 0.387521475554
    outer loop
      vertex 1.51857352257 10.4549779892 3.92339468002
      vertex 1.53708469868 10.6480531693 3.84357357025
      vertex 1.55741965771 10.4397373199 3.94512867928
    endloop
  endfacet
  facet normal -0.246743008494 -0.861377477646 0.444012105465
    outer loop
      vertex 1.55741965771 10.4397373199 3.94512867928
      vertex 1.53708469868 10.6480531693 3.84357357025
      vertex 1.58133995533 10.6398305893 3.83513522148
    endloop
  endfacet
  facet normal -0.134157806635 -0.875083684921 0.465005666018
    outer loop
      vertex 1.55741965771 10.4397373199 3.94512867928
      vertex 1.58133995533 10.6398305893 3.83513522148
      vertex 1.61985349655 10.4260511398 3.94282960892
    endloop
  endfacet
  facet normal -0.18728980422 0.358435422182 0.914574563503
    outer loop
      vertex 1.58150839806 10.4806480408 4.0621008873
      vertex 1.55741965771 10.4397373199 3.94512867928
      vertex 1.61985349655 10.4260511398 3.94282960892
    endloop
  endfacet
  facet normal 0.166467770934 0.454157471657 0.875231087208
    outer loop
      vertex 1.61985349655 10.4260511398 3.94282960892
      vertex 1.79209315777 10.547706604 4.11414527893
      vertex 1.58150839806 10.4806480408 4.0621008873
    endloop
  endfacet
  facet normal 0.156208485365 0.480134159327 0.863174438477
    outer loop
      vertex 1.72281074524 10.6041517258 4.23816204071
      vertex 1.58150839806 10.4806480408 4.0621008873
      vertex 1.79209315777 10.547706604 4.11414527893
    endloop
  endfacet
  facet normal 0.0640544593334 0.442825943232 0.894316613674
    outer loop
      vertex 1.79209315777 10.547706604 4.11414527893
      vertex 1.73092591763 10.6072044373 4.24315309525
      vertex 1.72281074524 10.6041517258 4.23816204071
    endloop
  endfacet
  facet normal -0.557814002037 0.81675350666 -0.147503361106
    outer loop
      vertex 1.70483338833 10.7217063904 4.20465421677
      vertex 1.72281074524 10.6041517258 4.23816204071
      vertex 1.73092591763 10.6072044373 4.24315309525
    endloop
  endfacet
  facet normal -0.59269785881 0.794521450996 -0.132079020143
    outer loop
      vertex 1.73092591763 10.6072044373 4.24315309525
      vertex 1.72202396393 10.7301244736 4.2160782814
      vertex 1.70483338833 10.7217063904 4.20465421677
    endloop
  endfacet
  facet normal -0.636402964592 0.635902643204 -0.436599463224
    outer loop
      vertex 1.72202396393 10.7301244736 4.2160782814
      vertex 1.69012272358 10.827917099 4.11700963974
      vertex 1.70483338833 10.7217063904 4.20465421677
    endloop
  endfacet
  facet normal -0.717388987541 0.582859754562 -0.381611794233
    outer loop
      vertex 1.70483338833 10.7217063904 4.20465421677
      vertex 1.69012272358 10.827917099 4.11700963974
      vertex 1.69876825809 10.7188911438 4.19903230667
    endloop
  endfacet
  facet normal -0.700023293495 0.707812607288 -0.0947029963136
    outer loop
      vertex 1.72281074524 10.6041517258 4.23816204071
      vertex 1.70483338833 10.7217063904 4.20465421677
      vertex 1.69876825809 10.7188911438 4.19903230667
    endloop
  endfacet
  facet normal -0.280565410852 0.924892067909 -0.25662752986
    outer loop
      vertex 1.69876825809 10.7188911438 4.19903230667
      vertex 1.52435171604 10.5423994064 4.19509363174
      vertex 1.72281074524 10.6041517258 4.23816204071
    endloop
  endfacet
  facet normal 0.166481435299 0.473219484091 0.865070641041
    outer loop
      vertex 1.58150839806 10.4806480408 4.0621008873
      vertex 1.72281074524 10.6041517258 4.23816204071
      vertex 1.52435171604 10.5423994064 4.19509363174
    endloop
  endfacet
  facet normal 0.192400977015 0.480083674192 0.855863034725
    outer loop
      vertex 1.52435171604 10.5423994064 4.19509363174
      vertex 1.53452718258 10.469619751 4.06126880646
      vertex 1.58150839806 10.4806480408 4.0621008873
    endloop
  endfacet
  facet normal 0.21444670856 0.282811015844 0.934895992279
    outer loop
      vertex 1.55741965771 10.4397373199 3.94512867928
      vertex 1.58150839806 10.4806480408 4.0621008873
      vertex 1.53452718258 10.469619751 4.06126880646
    endloop
  endfacet
  facet normal -0.0199701674283 -0.252816975117 -0.967307984829
    outer loop
      vertex 1.55741965771 10.4397373199 3.94512867928
      vertex 1.53452718258 10.469619751 4.06126880646
      vertex 1.56698954105 10.4717664719 4.06692028046
    endloop
  endfacet
  facet normal 0.411657065153 -0.261903107166 -0.872894763947
    outer loop
      vertex 1.56698954105 10.4717664719 4.06692028046
      vertex 1.60307168961 10.4209003448 3.95410180092
      vertex 1.55741965771 10.4397373199 3.94512867928
    endloop
  endfacet
  facet normal 0.0248027760535 -0.924530386925 0.380300343037
    outer loop
      vertex 1.60307168961 10.4209003448 3.95410180092
      vertex 1.55739796162 10.2147951126 4.03765678406
      vertex 1.55741965771 10.4397373199 3.94512867928
    endloop
  endfacet
  facet normal 0.0992954596877 -0.914306223392 0.39266332984
    outer loop
      vertex 1.55739796162 10.2147951126 4.03765678406
      vertex 1.60307168961 10.4209003448 3.95410180092
      vertex 1.59463918209 10.1861162186 4.05401802063
    endloop
  endfacet
  facet normal -0.657291769981 0.249637320638 0.711089849472
    outer loop
      vertex 1.57047307491 10.2449645996 4.15802049637
      vertex 1.55739796162 10.2147951126 4.03765678406
      vertex 1.59463918209 10.1861162186 4.05401802063
    endloop
  endfacet
  facet normal -0.0272179022431 0.48749011755 0.872704148293
    outer loop
      vertex 1.59463918209 10.1861162186 4.05401802063
      vertex 1.78130447865 10.2520666122 4.18250513077
      vertex 1.57047307491 10.2449645996 4.15802049637
    endloop
  endfacet
  facet normal -0.00420621456578 0.311801016331 0.950138092041
    outer loop
      vertex 1.78130447865 10.2520666122 4.18250513077
      vertex 1.55343556404 10.2834024429 4.27491855621
      vertex 1.57047307491 10.2449645996 4.15802049637
    endloop
  endfacet
  facet normal 0.101741984487 0.324086874723 0.94054043293
    outer loop
      vertex 1.55343556404 10.2834024429 4.27491855621
      vertex 1.52897429466 10.2406902313 4.15864181519
      vertex 1.57047307491 10.2449645996 4.15802049637
    endloop
  endfacet
  facet normal 0.103119634092 0.231280177832 0.967406749725
    outer loop
      vertex 1.55739796162 10.2147951126 4.03765678406
      vertex 1.57047307491 10.2449645996 4.15802049637
      vertex 1.52897429466 10.2406902313 4.15864181519
    endloop
  endfacet
  facet normal 0.431278139353 0.284567505121 0.856166183949
    outer loop
      vertex 1.50817251205 10.2312574387 4.16178798676
      vertex 1.55739796162 10.2147951126 4.03765678406
      vertex 1.52897429466 10.2406902313 4.15864181519
    endloop
  endfacet
  facet normal 0.429365664721 0.373451262712 0.822301208973
    outer loop
      vertex 1.51825773716 10.2853040695 4.26919794083
      vertex 1.50817251205 10.2312574387 4.16178798676
      vertex 1.52897429466 10.2406902313 4.15864181519
    endloop
  endfacet
  facet normal -0.109038792551 0.362880170345 0.925434231758
    outer loop
      vertex 1.52897429466 10.2406902313 4.15864181519
      vertex 1.55343556404 10.2834024429 4.27491855621
      vertex 1.51825773716 10.2853040695 4.26919794083
    endloop
  endfacet
  facet normal -0.149633929133 0.974941432476 -0.164617404342
    outer loop
      vertex 1.54653418064 10.4196481705 4.25085401535
      vertex 1.51825773716 10.2853040695 4.26919794083
      vertex 1.55343556404 10.2834024429 4.27491855621
    endloop
  endfacet
  facet normal -0.134847566485 0.976910889149 -0.165714234114
    outer loop
      vertex 1.55343556404 10.2834024429 4.27491855621
      vertex 1.79674398899 10.4347133636 4.28283643723
      vertex 1.54653418064 10.4196481705 4.25085401535
    endloop
  endfacet
  facet normal -0.138556018472 0.828166842461 -0.543085575104
    outer loop
      vertex 1.54653418064 10.4196481705 4.25085401535
      vertex 1.79674398899 10.4347133636 4.28283643723
      vertex 1.79666864872 10.5373830795 4.2154955864
    endloop
  endfacet
  facet normal -0.0681736394763 0.906332492828 -0.417029708624
    outer loop
      vertex 1.54521560669 10.5363702774 4.19704818726
      vertex 1.54653418064 10.4196481705 4.25085401535
      vertex 1.79666864872 10.5373830795 4.2154955864
    endloop
  endfacet
  facet normal 0.0287100821733 -0.440631985664 -0.897228598595
    outer loop
      vertex 1.79666864872 10.5373830795 4.2154955864
      vertex 1.56698954105 10.4717664719 4.06692028046
      vertex 1.54521560669 10.5363702774 4.19704818726
    endloop
  endfacet
  facet normal 0.0176730956882 -0.442230015993 -0.896727561951
    outer loop
      vertex 1.54521560669 10.5363702774 4.19704818726
      vertex 1.56698954105 10.4717664719 4.06692028046
      vertex 1.53452718258 10.469619751 4.06126880646
    endloop
  endfacet
  facet normal 0.0132289165631 -0.441978722811 -0.896927952766
    outer loop
      vertex 1.53452718258 10.469619751 4.06126880646
      vertex 1.50353348255 10.5353364944 4.19370269775
      vertex 1.54521560669 10.5363702774 4.19704818726
    endloop
  endfacet
  facet normal -0.0833413004875 0.920335888863 -0.382146686316
    outer loop
      vertex 1.51176536083 10.416478157 4.24380111694
      vertex 1.54521560669 10.5363702774 4.19704818726
      vertex 1.50353348255 10.5353364944 4.19370269775
    endloop
  endfacet
  facet normal -0.217097908258 0.887423276901 -0.406630516052
    outer loop
      vertex 1.54521560669 10.5363702774 4.19704818726
      vertex 1.51176536083 10.416478157 4.24380111694
      vertex 1.54653418064 10.4196481705 4.25085401535
    endloop
  endfacet
  facet normal -0.21107929945 0.961544394493 -0.175721034408
    outer loop
      vertex 1.51825773716 10.2853040695 4.26919794083
      vertex 1.54653418064 10.4196481705 4.25085401535
      vertex 1.51176536083 10.416478157 4.24380111694
    endloop
  endfacet
  facet normal 0.253644257784 0.476949155331 0.84153676033
    outer loop
      vertex 1.53452718258 10.469619751 4.06126880646
      vertex 1.52435171604 10.5423994064 4.19509363174
      vertex 1.50353348255 10.5353364944 4.19370269775
    endloop
  endfacet
  facet normal -0.165070548654 0.939043462276 -0.301577687263
    outer loop
      vertex 1.50326788425 10.6612539291 4.15321683884
      vertex 1.50353348255 10.5353364944 4.19370269775
      vertex 1.52435171604 10.5423994064 4.19509363174
    endloop
  endfacet
  facet normal -0.294575929642 0.916497588158 -0.270660638809
    outer loop
      vertex 1.52435171604 10.5423994064 4.19509363174
      vertex 1.69876825809 10.7188911438 4.19903230667
      vertex 1.50326788425 10.6612539291 4.15321683884
    endloop
  endfacet
  facet normal 0.0183639656752 -0.42754393816 -0.903808057308
    outer loop
      vertex 1.56698954105 10.4717664719 4.06692028046
      vertex 1.79666864872 10.5373830795 4.2154955864
      vertex 1.78351449966 10.4753608704 4.08381843567
    endloop
  endfacet
  facet normal 0.0165658146143 -0.40655952692 -0.913474082947
    outer loop
      vertex 1.78351449966 10.4753608704 4.08381843567
      vertex 1.60307168961 10.4209003448 3.95410180092
      vertex 1.56698954105 10.4717664719 4.06692028046
    endloop
  endfacet
  facet normal 0.0279950294644 -0.419814795256 -0.90717792511
    outer loop
      vertex 1.60307168961 10.4209003448 3.95410180092
      vertex 1.78351449966 10.4753608704 4.08381843567
      vertex 1.7848713398 10.4213838577 3.96726894379
    endloop
  endfacet
  facet normal 0.0674716159701 -0.917171299458 0.392739623785
    outer loop
      vertex 1.7848713398 10.4213838577 3.96726894379
      vertex 1.59463918209 10.1861162186 4.05401802063
      vertex 1.60307168961 10.4209003448 3.95410180092
    endloop
  endfacet
  facet normal 0.0846070200205 -0.910738885403 0.404223114252
    outer loop
      vertex 1.59463918209 10.1861162186 4.05401802063
      vertex 1.7848713398 10.4213838577 3.96726894379
      vertex 1.78229486942 10.1979751587 4.06618738174
    endloop
  endfacet
  facet normal 0.0299282874912 0.421685874462 0.906247913837
    outer loop
      vertex 1.78130447865 10.2520666122 4.18250513077
      vertex 1.59463918209 10.1861162186 4.05401802063
      vertex 1.78229486942 10.1979751587 4.06618738174
    endloop
  endfacet
  facet normal 0.0337925963104 0.421660989523 0.906123638153
    outer loop
      vertex 1.78229486942 10.1979751587 4.06618738174
      vertex 1.8121380806 10.2517356873 4.17932224274
      vertex 1.78130447865 10.2520666122 4.18250513077
    endloop
  endfacet
  facet normal 0.0336249172688 0.420112013817 0.906849086285
    outer loop
      vertex 1.85216474533 10.3128910065 4.3081278801
      vertex 1.78130447865 10.2520666122 4.18250513077
      vertex 1.8121380806 10.2517356873 4.17932224274
    endloop
  endfacet
  facet normal 0.0397510267794 0.418454438448 0.90736746788
    outer loop
      vertex 1.8121380806 10.2517356873 4.17932224274
      vertex 1.89334714413 10.3074083328 4.29232788086
      vertex 1.85216474533 10.3128910065 4.3081278801
    endloop
  endfacet
  facet normal 0.375296115875 0.896541059017 -0.235301762819
    outer loop
      vertex 1.89988470078 10.4267015457 4.2582821846
      vertex 1.85216474533 10.3128910065 4.3081278801
      vertex 1.89334714413 10.3074083328 4.29232788086
    endloop
  endfacet
  facet normal 0.448123037815 0.865828633308 -0.222545474768
    outer loop
      vertex 1.89334714413 10.3074083328 4.29232788086
      vertex 2.2280087471 10.3682718277 4.103474617
      vertex 1.89988470078 10.4267015457 4.2582821846
    endloop
  endfacet
  facet normal 0.435189515352 0.716769576073 -0.544840753078
    outer loop
      vertex 1.89988470078 10.4267015457 4.2582821846
      vertex 2.2280087471 10.3682718277 4.103474617
      vertex 2.18801903725 10.4659423828 4.05351114273
    endloop
  endfacet
  facet normal 0.450591236353 0.731969118118 -0.511066317558
    outer loop
      vertex 2.18801903725 10.4659423828 4.05351114273
      vertex 1.89166593552 10.5298900604 4.19129419327
      vertex 1.89988470078 10.4267015457 4.2582821846
    endloop
  endfacet
  facet normal 0.392390608788 0.756902396679 -0.522616863251
    outer loop
      vertex 1.89166593552 10.5298900604 4.19129419327
      vertex 1.85886406898 10.4328994751 4.27526807785
      vertex 1.89988470078 10.4267015457 4.2582821846
    endloop
  endfacet
  facet normal 0.401442021132 0.888830721378 -0.220962062478
    outer loop
      vertex 1.85216474533 10.3128910065 4.3081278801
      vertex 1.89988470078 10.4267015457 4.2582821846
      vertex 1.85886406898 10.4328994751 4.27526807785
    endloop
  endfacet
  facet normal 0.0877478942275 0.962014436722 -0.25851225853
    outer loop
      vertex 1.85886406898 10.4328994751 4.27526807785
      vertex 1.7924721241 10.3130369186 4.31353330612
      vertex 1.85216474533 10.3128910065 4.3081278801
    endloop
  endfacet
  facet normal 0.0357228070498 0.419113487005 0.90723079443
    outer loop
      vertex 1.78130447865 10.2520666122 4.18250513077
      vertex 1.85216474533 10.3128910065 4.3081278801
      vertex 1.7924721241 10.3130369186 4.31353330612
    endloop
  endfacet
  facet normal 0.044896248728 0.418313741684 0.907192349434
    outer loop
      vertex 1.55343556404 10.2834024429 4.27491855621
      vertex 1.78130447865 10.2520666122 4.18250513077
      vertex 1.7924721241 10.3130369186 4.31353330612
    endloop
  endfacet
  facet normal -0.184264332056 0.951462209225 -0.246508270502
    outer loop
      vertex 1.79674398899 10.4347133636 4.28283643723
      vertex 1.55343556404 10.2834024429 4.27491855621
      vertex 1.7924721241 10.3130369186 4.31353330612
    endloop
  endfacet
  facet normal 0.124306172132 0.963125050068 -0.238617032766
    outer loop
      vertex 1.7924721241 10.3130369186 4.31353330612
      vertex 1.85886406898 10.4328994751 4.27526807785
      vertex 1.79674398899 10.4347133636 4.28283643723
    endloop
  endfacet
  facet normal 0.116772592068 0.826502084732 -0.550689101219
    outer loop
      vertex 1.85214698315 10.5356502533 4.20775556564
      vertex 1.79674398899 10.4347133636 4.28283643723
      vertex 1.85886406898 10.4328994751 4.27526807785
    endloop
  endfacet
  facet normal 0.391574561596 0.757047533989 -0.523018538952
    outer loop
      vertex 1.85886406898 10.4328994751 4.27526807785
      vertex 1.89166593552 10.5298900604 4.19129419327
      vertex 1.85214698315 10.5356502533 4.20775556564
    endloop
  endfacet
  facet normal -0.0446080565453 -0.423688977957 -0.904708683491
    outer loop
      vertex 1.89166593552 10.5298900604 4.19129419327
      vertex 1.81277084351 10.4738388062 4.07991504669
      vertex 1.85214698315 10.5356502533 4.20775556564
    endloop
  endfacet
  facet normal -0.0108100986108 -0.432565808296 -0.901537537575
    outer loop
      vertex 1.78351449966 10.4753608704 4.08381843567
      vertex 1.85214698315 10.5356502533 4.20775556564
      vertex 1.81277084351 10.4738388062 4.07991504669
    endloop
  endfacet
  facet normal -0.00887411553413 -0.420316398144 -0.907334208488
    outer loop
      vertex 1.81277084351 10.4738388062 4.07991504669
      vertex 1.7848713398 10.4213838577 3.96726894379
      vertex 1.78351449966 10.4753608704 4.08381843567
    endloop
  endfacet
  facet normal 0.0302263591439 -0.428089678288 -0.903230667114
    outer loop
      vertex 1.7848713398 10.4213838577 3.96726894379
      vertex 1.81277084351 10.4738388062 4.07991504669
      vertex 1.80294585228 10.4178104401 3.96100664139
    endloop
  endfacet
  facet normal -0.368725478649 -0.851517140865 0.372773468494
    outer loop
      vertex 1.78229486942 10.1979751587 4.06618738174
      vertex 1.7848713398 10.4213838577 3.96726894379
      vertex 1.80294585228 10.4178104401 3.96100664139
    endloop
  endfacet
  facet normal -0.302693039179 -0.87050807476 0.388062685728
    outer loop
      vertex 1.78229486942 10.1979751587 4.06618738174
      vertex 1.80294585228 10.4178104401 3.96100664139
      vertex 1.80201816559 10.1949901581 4.06066036224
    endloop
  endfacet
  facet normal -0.0152958137915 0.43243047595 0.901537537575
    outer loop
      vertex 1.8121380806 10.2517356873 4.17932224274
      vertex 1.78229486942 10.1979751587 4.06618738174
      vertex 1.80201816559 10.1949901581 4.06066036224
    endloop
  endfacet
  facet normal 0.0409694314003 0.428211480379 0.902749359608
    outer loop
      vertex 1.80201816559 10.1949901581 4.06066036224
      vertex 1.84331417084 10.2484607697 4.16943645477
      vertex 1.8121380806 10.2517356873 4.17932224274
    endloop
  endfacet
  facet normal 0.0378095172346 0.419624328613 0.906910061836
    outer loop
      vertex 1.89334714413 10.3074083328 4.29232788086
      vertex 1.8121380806 10.2517356873 4.17932224274
      vertex 1.84331417084 10.2484607697 4.16943645477
    endloop
  endfacet
  facet normal 0.0675331130624 0.409016788006 0.91002446413
    outer loop
      vertex 1.84331417084 10.2484607697 4.16943645477
      vertex 2.19037055969 10.2636680603 4.14596891403
      vertex 1.89334714413 10.3074083328 4.29232788086
    endloop
  endfacet
  facet normal 0.456294566393 0.869514405727 -0.189050212502
    outer loop
      vertex 2.2280087471 10.3682718277 4.103474617
      vertex 1.89334714413 10.3074083328 4.29232788086
      vertex 2.19037055969 10.2636680603 4.14596891403
    endloop
  endfacet
  facet normal 0.858169198036 -0.287251979113 0.425478428602
    outer loop
      vertex 2.19037055969 10.2636680603 4.14596891403
      vertex 2.16996502876 10.3190498352 4.00297498703
      vertex 2.2280087471 10.3682718277 4.103474617
    endloop
  endfacet
  facet normal 0.846536278725 -0.526708900928 -0.0771622508764
    outer loop
      vertex 2.16996502876 10.3190498352 4.00297498703
      vertex 2.18801903725 10.4659423828 4.05351114273
      vertex 2.2280087471 10.3682718277 4.103474617
    endloop
  endfacet
  facet normal 0.885503828526 -0.461924731731 -0.0500847548246
    outer loop
      vertex 2.18801903725 10.4659423828 4.05351114273
      vertex 2.16996502876 10.3190498352 4.00297498703
      vertex 2.14219856262 10.430270195 3.9618062973
    endloop
  endfacet
  facet normal -0.00495831714943 -0.360372841358 -0.932795166969
    outer loop
      vertex 2.18801903725 10.4659423828 4.05351114273
      vertex 2.14219856262 10.430270195 3.9618062973
      vertex 1.84258747101 10.4702863693 4.06950855255
    endloop
  endfacet
  facet normal -0.00890944525599 -0.436670392752 -0.899577438831
    outer loop
      vertex 1.89166593552 10.5298900604 4.19129419327
      vertex 2.18801903725 10.4659423828 4.05351114273
      vertex 1.84258747101 10.4702863693 4.06950855255
    endloop
  endfacet
  facet normal -0.040946058929 -0.425857514143 -0.903863251209
    outer loop
      vertex 1.81277084351 10.4738388062 4.07991504669
      vertex 1.89166593552 10.5298900604 4.19129419327
      vertex 1.84258747101 10.4702863693 4.06950855255
    endloop
  endfacet
  facet normal -0.0398664213717 -0.423205465078 -0.905156254768
    outer loop
      vertex 1.84258747101 10.4702863693 4.06950855255
      vertex 1.80294585228 10.4178104401 3.96100664139
      vertex 1.81277084351 10.4738388062 4.07991504669
    endloop
  endfacet
  facet normal -0.0383711345494 -0.423676460981 -0.905000507832
    outer loop
      vertex 1.80294585228 10.4178104401 3.96100664139
      vertex 1.84258747101 10.4702863693 4.06950855255
      vertex 1.82443463802 10.410490036 3.9434223175
    endloop
  endfacet
  facet normal -0.663224935532 -0.684230446815 0.303251355886
    outer loop
      vertex 1.82443463802 10.410490036 3.9434223175
      vertex 1.80201816559 10.1949901581 4.06066036224
      vertex 1.80294585228 10.4178104401 3.96100664139
    endloop
  endfacet
  facet normal -0.626644074917 -0.710072040558 0.321115106344
    outer loop
      vertex 1.80201816559 10.1949901581 4.06066036224
      vertex 1.82443463802 10.410490036 3.9434223175
      vertex 1.82502245903 10.1880350113 4.04350376129
    endloop
  endfacet
  facet normal 0.0452636815608 0.426807224751 0.903209149837
    outer loop
      vertex 1.84331417084 10.2484607697 4.16943645477
      vertex 1.80201816559 10.1949901581 4.06066036224
      vertex 1.82502245903 10.1880350113 4.04350376129
    endloop
  endfacet
  facet normal 0.0586390458047 0.424921840429 0.90332877636
    outer loop
      vertex 2.03137803078 10.1821451187 4.00250434875
      vertex 1.84331417084 10.2484607697 4.16943645477
      vertex 1.82502245903 10.1880350113 4.04350376129
    endloop
  endfacet
  facet normal -0.178242325783 -0.818688929081 0.545873701572
    outer loop
      vertex 2.03165841103 10.282122612 3.93578124046
      vertex 2.03137803078 10.1821451187 4.00250434875
      vertex 1.82502245903 10.1880350113 4.04350376129
    endloop
  endfacet
  facet normal -0.276896774769 -0.876024901867 0.394852608442
    outer loop
      vertex 2.03165841103 10.282122612 3.93578124046
      vertex 1.82502245903 10.1880350113 4.04350376129
      vertex 1.82443463802 10.410490036 3.9434223175
    endloop
  endfacet
  facet normal -0.197656393051 -0.944369375706 0.262865841389
    outer loop
      vertex 2.03165841103 10.282122612 3.93578124046
      vertex 1.82443463802 10.410490036 3.9434223175
      vertex 2.02934145927 10.3979949951 3.90401315689
    endloop
  endfacet
  facet normal 0.493830889463 -0.841078996658 0.220719560981
    outer loop
      vertex 2.14219856262 10.430270195 3.9618062973
      vertex 2.03165841103 10.282122612 3.93578124046
      vertex 2.02934145927 10.3979949951 3.90401315689
    endloop
  endfacet
  facet normal -0.0355481915176 -0.43345952034 -0.900471627712
    outer loop
      vertex 1.84258747101 10.4702863693 4.06950855255
      vertex 2.14219856262 10.430270195 3.9618062973
      vertex 2.02934145927 10.3979949951 3.90401315689
    endloop
  endfacet
  facet normal -0.0266154054552 -0.425224721432 -0.904696404934
    outer loop
      vertex 1.84258747101 10.4702863693 4.06950855255
      vertex 2.02934145927 10.3979949951 3.90401315689
      vertex 1.82443463802 10.410490036 3.9434223175
    endloop
  endfacet
  facet normal 0.470901846886 -0.85911232233 0.200443089008
    outer loop
      vertex 2.03165841103 10.282122612 3.93578124046
      vertex 2.14219856262 10.430270195 3.9618062973
      vertex 2.16996502876 10.3190498352 4.00297498703
    endloop
  endfacet
  facet normal 0.482432335615 -0.714657008648 0.506482422352
    outer loop
      vertex 2.03165841103 10.282122612 3.93578124046
      vertex 2.16996502876 10.3190498352 4.00297498703
      vertex 2.14461803436 10.2133073807 4.0608048439
    endloop
  endfacet
  facet normal 0.502312004566 -0.718575656414 0.480969518423
    outer loop
      vertex 2.03137803078 10.1821451187 4.00250434875
      vertex 2.03165841103 10.282122612 3.93578124046
      vertex 2.14461803436 10.2133073807 4.0608048439
    endloop
  endfacet
  facet normal 0.0407870337367 0.408240020275 0.911962985992
    outer loop
      vertex 2.14461803436 10.2133073807 4.0608048439
      vertex 1.84331417084 10.2484607697 4.16943645477
      vertex 2.03137803078 10.1821451187 4.00250434875
    endloop
  endfacet
  facet normal 0.070741802454 0.479296535254 0.874797344208
    outer loop
      vertex 2.19037055969 10.2636680603 4.14596891403
      vertex 1.84331417084 10.2484607697 4.16943645477
      vertex 2.14461803436 10.2133073807 4.0608048439
    endloop
  endfacet
  facet normal 0.893774688244 -0.267095059156 0.360315203667
    outer loop
      vertex 2.16996502876 10.3190498352 4.00297498703
      vertex 2.19037055969 10.2636680603 4.14596891403
      vertex 2.14461803436 10.2133073807 4.0608048439
    endloop
  endfacet
  facet normal -0.030784221366 -0.423394471407 -0.905422270298
    outer loop
      vertex 1.85214698315 10.5356502533 4.20775556564
      vertex 1.78351449966 10.4753608704 4.08381843567
      vertex 1.79666864872 10.5373830795 4.2154955864
    endloop
  endfacet
  facet normal 0.132613107562 0.828755617142 -0.543670713902
    outer loop
      vertex 1.79674398899 10.4347133636 4.28283643723
      vertex 1.85214698315 10.5356502533 4.20775556564
      vertex 1.79666864872 10.5373830795 4.2154955864
    endloop
  endfacet
  facet normal 0.314804822206 -0.869250655174 0.381183952093
    outer loop
      vertex 1.79632461071 10.7011041641 3.88612341881
      vertex 1.61985349655 10.4260511398 3.94282960892
      vertex 1.58133995533 10.6398305893 3.83513522148
    endloop
  endfacet
  facet normal 0.332112401724 -0.800216972828 0.499353766441
    outer loop
      vertex 1.58133995533 10.6398305893 3.83513522148
      vertex 1.73981976509 10.8884859085 3.74574184418
      vertex 1.79632461071 10.7011041641 3.88612341881
    endloop
  endfacet
  facet normal 0.307756394148 -0.803682267666 0.509294450283
    outer loop
      vertex 1.79632461071 10.7011041641 3.88612341881
      vertex 1.73981976509 10.8884859085 3.74574184418
      vertex 1.78358089924 10.9034862518 3.7529938221
    endloop
  endfacet
  facet normal 0.371273815632 -0.786295413971 0.49385753274
    outer loop
      vertex 1.78358089924 10.9034862518 3.7529938221
      vertex 1.8369705677 10.7155418396 3.89624786377
      vertex 1.79632461071 10.7011041641 3.88612341881
    endloop
  endfacet
  facet normal 0.322225511074 -0.750226080418 0.577348709106
    outer loop
      vertex 1.6997218132 11.0406093597 3.61145067215
      vertex 1.78358089924 10.9034862518 3.7529938221
      vertex 1.73981976509 10.8884859085 3.74574184418
    endloop
  endfacet
  facet normal 0.294835090637 -0.753579556942 0.587528824806
    outer loop
      vertex 1.51516580582 10.815908432 3.71443247795
      vertex 1.6997218132 11.0406093597 3.61145067215
      vertex 1.73981976509 10.8884859085 3.74574184418
    endloop
  endfacet
  facet normal 0.269802004099 -0.838506817818 0.47340592742
    outer loop
      vertex 1.73981976509 10.8884859085 3.74574184418
      vertex 1.58133995533 10.6398305893 3.83513522148
      vertex 1.51516580582 10.815908432 3.71443247795
    endloop
  endfacet
  facet normal -0.256315946579 -0.749631464481 0.610208809376
    outer loop
      vertex 1.53708469868 10.6480531693 3.84357357025
      vertex 1.51516580582 10.815908432 3.71443247795
      vertex 1.58133995533 10.6398305893 3.83513522148
    endloop
  endfacet
  facet normal -0.113301947713 -0.780264496803 0.615101575851
    outer loop
      vertex 1.51516580582 10.815908432 3.71443247795
      vertex 1.53708469868 10.6480531693 3.84357357025
      vertex 1.489798069 10.8153305054 3.71857118607
    endloop
  endfacet
  facet normal -0.0856371745467 -0.632292866707 0.76998180151
    outer loop
      vertex 1.489798069 10.8153305054 3.71857118607
      vertex 1.42775118351 10.9387779236 3.5766453743
      vertex 1.51516580582 10.815908432 3.71443247795
    endloop
  endfacet
  facet normal 0.318137228489 -0.735384941101 0.59832906723
    outer loop
      vertex 1.6997218132 11.0406093597 3.61145067215
      vertex 1.51516580582 10.815908432 3.71443247795
      vertex 1.42775118351 10.9387779236 3.5766453743
    endloop
  endfacet
  facet normal -0.211402028799 -0.601672828197 -0.770259022713
    outer loop
      vertex 1.3928745985 11.0025730133 3.67056894302
      vertex 1.6997218132 11.0406093597 3.61145067215
      vertex 1.42775118351 10.9387779236 3.5766453743
    endloop
  endfacet
  facet normal -0.191832870245 -0.599182248116 -0.777290701866
    outer loop
      vertex 1.3928745985 11.0025730133 3.67056894302
      vertex 1.42775118351 10.9387779236 3.5766453743
      vertex 1.38666319847 10.9313879013 3.58021306992
    endloop
  endfacet
  facet normal -0.23261860013 -0.591953158379 -0.771673560143
    outer loop
      vertex 1.38666319847 10.9313879013 3.58021306992
      vertex 1.35100471973 10.9911689758 3.67215657234
      vertex 1.3928745985 11.0025730133 3.67056894302
    endloop
  endfacet
  facet normal -0.233195513487 -0.588281273842 -0.774302899837
    outer loop
      vertex 1.33955693245 11.0524606705 3.75736689568
      vertex 1.3928745985 11.0025730133 3.67056894302
      vertex 1.35100471973 10.9911689758 3.67215657234
    endloop
  endfacet
  facet normal 0.0303224269301 -0.580971300602 -0.813359022141
    outer loop
      vertex 1.33955693245 11.0524606705 3.75736689568
      vertex 1.35100471973 10.9911689758 3.67215657234
      vertex 1.29421293736 11.0502519608 3.75190806389
    endloop
  endfacet
  facet normal -0.102364763618 0.503070890903 -0.858161509037
    outer loop
      vertex 1.29421293736 11.0502519608 3.75190806389
      vertex 1.38187479973 10.9487457275 3.94289827347
      vertex 1.33955693245 11.0524606705 3.75736689568
    endloop
  endfacet
  facet normal 0.18704046309 0.446486383677 -0.875023305416
    outer loop
      vertex 1.39986526966 10.9475460052 3.93771314621
      vertex 1.33955693245 11.0524606705 3.75736689568
      vertex 1.38187479973 10.9487457275 3.94289827347
    endloop
  endfacet
  facet normal 0.238386631012 0.662887096405 -0.709755241871
    outer loop
      vertex 1.44876015186 10.7789449692 4.10065221786
      vertex 1.39986526966 10.9475460052 3.93771314621
      vertex 1.38187479973 10.9487457275 3.94289827347
    endloop
  endfacet
  facet normal -0.0425313226879 0.740255177021 -0.670979380608
    outer loop
      vertex 1.44876015186 10.7789449692 4.10065221786
      vertex 1.38187479973 10.9487457275 3.94289827347
      vertex 1.18960249424 10.7151012421 4.14363098145
    endloop
  endfacet
  facet normal 0.00546033494174 0.839658796787 -0.543086826801
    outer loop
      vertex 1.44876015186 10.7789449692 4.10065221786
      vertex 1.18960249424 10.7151012421 4.14363098145
      vertex 1.46994948387 10.6687498093 4.1717877388
    endloop
  endfacet
  facet normal 0.967379689217 0.0827487409115 -0.239435017109
    outer loop
      vertex 1.47527706623 10.6550836563 4.14904785156
      vertex 1.44876015186 10.7789449692 4.10065221786
      vertex 1.46994948387 10.6687498093 4.1717877388
    endloop
  endfacet
  facet normal 0.977790296078 0.130539789796 -0.163967952132
    outer loop
      vertex 1.48315215111 10.5485458374 4.22388076782
      vertex 1.47527706623 10.6550836563 4.14904785156
      vertex 1.46994948387 10.6687498093 4.1717877388
    endloop
  endfacet
  facet normal -0.0613267421722 0.918255984783 -0.391209572554
    outer loop
      vertex 1.46994948387 10.6687498093 4.1717877388
      vertex 1.25011622906 10.4319591522 4.2579870224
      vertex 1.48315215111 10.5485458374 4.22388076782
    endloop
  endfacet
  facet normal 0.00538702402264 0.962610304356 -0.270836532116
    outer loop
      vertex 1.49304628372 10.4200973511 4.25996494293
      vertex 1.48315215111 10.5485458374 4.22388076782
      vertex 1.25011622906 10.4319591522 4.2579870224
    endloop
  endfacet
  facet normal 0.00104876467958 0.982675373554 -0.185332044959
    outer loop
      vertex 1.25011622906 10.4319591522 4.2579870224
      vertex 1.48297536373 10.2882471085 4.28484249115
      vertex 1.49304628372 10.4200973511 4.25996494293
    endloop
  endfacet
  facet normal -0.0951821580529 0.994954943657 -0.0317013673484
    outer loop
      vertex 1.48297536373 10.2882471085 4.28484249115
      vertex 1.25011622906 10.4319591522 4.2579870224
      vertex 1.28379976749 10.2367830276 4.26742839813
    endloop
  endfacet
  facet normal 0.171236589551 0.518072903156 0.83802062273
    outer loop
      vertex 1.30963146687 10.1944055557 4.19034099579
      vertex 1.48297536373 10.2882471085 4.28484249115
      vertex 1.28379976749 10.2367830276 4.26742839813
    endloop
  endfacet
  facet normal 0.295006841421 0.53432071209 0.792131483555
    outer loop
      vertex 1.28379976749 10.2367830276 4.26742839813
      vertex 1.0192450285 10.1130819321 4.23010540009
      vertex 1.30963146687 10.1944055557 4.19034099579
    endloop
  endfacet
  facet normal 0.276064604521 0.724611520767 0.631447911263
    outer loop
      vertex 1.07481062412 10.0377340317 4.14327573776
      vertex 1.30963146687 10.1944055557 4.19034099579
      vertex 1.0192450285 10.1130819321 4.23010540009
    endloop
  endfacet
  facet normal 0.034646242857 0.66756528616 0.743744730949
    outer loop
      vertex 1.0192450285 10.1130819321 4.23010540009
      vertex 0.802638232708 10.0242834091 4.14241552353
      vertex 1.07481062412 10.0377340317 4.14327573776
    endloop
  endfacet
  facet normal 0.0310841649771 0.736192047596 0.676058471203
    outer loop
      vertex 0.802638232708 10.0242834091 4.14241552353
      vertex 0.95775526762 9.91336727142 4.03400993347
      vertex 1.07481062412 10.0377340317 4.14327573776
    endloop
  endfacet
  facet normal 0.0835048258305 0.70833337307 0.700921356678
    outer loop
      vertex 1.07481062412 10.0377340317 4.14327573776
      vertex 0.95775526762 9.91336727142 4.03400993347
      vertex 1.1715618372 9.960896492 4.05583572388
    endloop
  endfacet
  facet normal 0.140991151333 0.490956515074 0.859699487686
    outer loop
      vertex 0.95775526762 9.91336727142 4.03400993347
      vertex 1.04742622375 9.88499927521 3.95858287811
      vertex 1.1715618372 9.960896492 4.05583572388
    endloop
  endfacet
  facet normal -0.364305019379 -0.0842780768871 0.927458405495
    outer loop
      vertex 0.925094604492 9.94014644623 3.8805000782
      vertex 1.04742622375 9.88499927521 3.95858287811
      vertex 0.95775526762 9.91336727142 4.03400993347
    endloop
  endfacet
  facet normal -0.479025691748 -0.0509496405721 0.876321017742
    outer loop
      vertex 0.925094604492 9.94014644623 3.8805000782
      vertex 0.95775526762 9.91336727142 4.03400993347
      vertex 0.743047654629 10.0278139114 4.08423280716
    endloop
  endfacet
  facet normal -0.328848481178 0.109775260091 0.937980830669
    outer loop
      vertex 0.771233797073 9.98839473724 3.83184766769
      vertex 0.925094604492 9.94014644623 3.8805000782
      vertex 0.743047654629 10.0278139114 4.08423280716
    endloop
  endfacet
  facet normal -0.673119902611 0.0401618219912 0.738442003727
    outer loop
      vertex 0.743047654629 10.0278139114 4.08423280716
      vertex 0.634254395962 10.1164264679 3.89012980461
      vertex 0.771233797073 9.98839473724 3.83184766769
    endloop
  endfacet
  facet normal -0.707759261131 -0.426870882511 0.562901437283
    outer loop
      vertex 0.747123539448 10.1255893707 3.69090843201
      vertex 0.771233797073 9.98839473724 3.83184766769
      vertex 0.634254395962 10.1164264679 3.89012980461
    endloop
  endfacet
  facet normal -0.517963171005 -0.329753518105 0.789288759232
    outer loop
      vertex 0.747123539448 10.1255893707 3.69090843201
      vertex 0.634254395962 10.1164264679 3.89012980461
      vertex 0.607324659824 10.1859073639 3.76612353325
    endloop
  endfacet
  facet normal -0.559526979923 -0.526934146881 0.639742136002
    outer loop
      vertex 0.747123539448 10.1255893707 3.69090843201
      vertex 0.607324659824 10.1859073639 3.76612353325
      vertex 0.615147531033 10.2604455948 3.66732001305
    endloop
  endfacet
  facet normal -0.260956048965 -0.874715149403 0.408381402493
    outer loop
      vertex 0.747123539448 10.1255893707 3.69090843201
      vertex 0.615147531033 10.2604455948 3.66732001305
      vertex 0.675003230572 10.374917984 3.59601950645
    endloop
  endfacet
  facet normal 0.101782232523 -0.939181685448 0.327991008759
    outer loop
      vertex 0.897851645947 10.4209594727 3.60409116745
      vertex 0.747123539448 10.1255893707 3.69090843201
      vertex 0.675003230572 10.374917984 3.59601950645
    endloop
  endfacet
  facet normal 0.0976492986083 -0.946799635887 0.306651353836
    outer loop
      vertex 0.897851645947 10.4209594727 3.60409116745
      vertex 0.675003230572 10.374917984 3.59601950645
      vertex 0.810341417789 10.5433177948 3.55543589592
    endloop
  endfacet
  facet normal 0.0976501479745 -0.946799755096 0.30665075779
    outer loop
      vertex 0.897851645947 10.4209594727 3.60409116745
      vertex 0.810341417789 10.5433177948 3.55543589592
      vertex 0.862849354744 10.5600385666 3.55543589592
    endloop
  endfacet
  facet normal 0.235457673669 -0.934317409992 0.267601758242
    outer loop
      vertex 0.862849354744 10.5600385666 3.55543589592
      vertex 0.938785374165 10.6268529892 3.55543589592
      vertex 0.897851645947 10.4209594727 3.60409116745
    endloop
  endfacet
  facet normal 0.23545743525 -0.934317469597 0.267601728439
    outer loop
      vertex 1.20337677002 10.7193193436 3.59563207626
      vertex 0.897851645947 10.4209594727 3.60409116745
      vertex 0.938785374165 10.6268529892 3.55543589592
    endloop
  endfacet
  facet normal 0.280548006296 -0.858295679092 0.429675906897
    outer loop
      vertex 1.20337677002 10.7193193436 3.59563207626
      vertex 0.938785374165 10.6268529892 3.55543589592
      vertex 1.16623771191 10.7753629684 3.55543589592
    endloop
  endfacet
  facet normal 0.257122218609 -0.857876896858 0.444899260998
    outer loop
      vertex 1.20337677002 10.7193193436 3.59563207626
      vertex 1.16623771191 10.7753629684 3.55543589592
      vertex 1.32979369164 10.8698883057 3.55543589592
    endloop
  endfacet
  facet normal 0.38858255744 -0.755221366882 0.527867734432
    outer loop
      vertex 1.46837937832 10.7942676544 3.67959737778
      vertex 1.20337677002 10.7193193436 3.59563207626
      vertex 1.32979369164 10.8698883057 3.55543589592
    endloop
  endfacet
  facet normal 0.388581633568 -0.755221009254 0.52786886692
    outer loop
      vertex 1.46837937832 10.7942676544 3.67959737778
      vertex 1.32979369164 10.8698883057 3.55543589592
      vertex 1.37002778053 10.8995056152 3.55543589592
    endloop
  endfacet
  facet normal 0.801408350468 -0.596397459507 -0.0453285053372
    outer loop
      vertex 1.38666319847 10.9313879013 3.58021306992
      vertex 1.46837937832 10.7942676544 3.67959737778
      vertex 1.37002778053 10.8995056152 3.55543589592
    endloop
  endfacet
  facet normal 0.80141043663 -0.596394896507 -0.045325435698
    outer loop
      vertex 1.38666319847 10.9313879013 3.58021306992
      vertex 1.37002778053 10.8995056152 3.55543589592
      vertex 1.36915445328 10.9149475098 3.55543589592
    endloop
  endfacet
  facet normal 0.0735344514251 -0.58695268631 -0.8062748909
    outer loop
      vertex 1.30543577671 10.9934530258 3.65529370308
      vertex 1.38666319847 10.9313879013 3.58021306992
      vertex 1.36915445328 10.9149475098 3.55543589592
    endloop
  endfacet
  facet normal 0.073548361659 -0.586946427822 -0.806278169155
    outer loop
      vertex 1.30543577671 10.9934530258 3.65529370308
      vertex 1.36915445328 10.9149475098 3.55543589592
      vertex 1.35668802261 10.9160852432 3.55543589592
    endloop
  endfacet
  facet normal -0.109007291496 -0.643175899982 -0.757919609547
    outer loop
      vertex 1.35668802261 10.9160852432 3.55543589592
      vertex 1.32766783237 10.9119110107 3.55543589592
      vertex 1.30543577671 10.9934530258 3.65529370308
    endloop
  endfacet
  facet normal -0.134134918451 -0.64452713728 -0.752723455429
    outer loop
      vertex 1.32766783237 10.9119110107 3.55543589592
      vertex 1.11006569862 10.873134613 3.55543589592
      vertex 1.30543577671 10.9934530258 3.65529370308
    endloop
  endfacet
  facet normal -0.0957077369094 -0.684050381184 -0.723128676414
    outer loop
      vertex 1.08135402203 10.9388246536 3.62889575958
      vertex 1.30543577671 10.9934530258 3.65529370308
      vertex 1.11006569862 10.873134613 3.55543589592
    endloop
  endfacet
  facet normal -0.238973125815 -0.697505772114 -0.67555719614
    outer loop
      vertex 1.11006569862 10.873134613 3.55543589592
      vertex 0.996452152729 10.83294487 3.55543589592
      vertex 1.08135402203 10.9388246536 3.62889575958
    endloop
  endfacet
  facet normal -0.238972470164 -0.697506189346 -0.675557017326
    outer loop
      vertex 0.776061236858 10.8295860291 3.62769126892
      vertex 1.08135402203 10.9388246536 3.62889575958
      vertex 0.996452152729 10.83294487 3.55543589592
    endloop
  endfacet
  facet normal -0.235026896 -0.684810519218 -0.6897803545
    outer loop
      vertex 0.776061236858 10.8295860291 3.62769126892
      vertex 0.996452152729 10.83294487 3.55543589592
      vertex 0.801378369331 10.7664775848 3.55543589592
    endloop
  endfacet
  facet normal -0.215090632439 -0.684094429016 -0.696958303452
    outer loop
      vertex 0.776061236858 10.8295860291 3.62769126892
      vertex 0.801378369331 10.7664775848 3.55543589592
      vertex 0.610887110233 10.7076892853 3.55543589592
    endloop
  endfacet
  facet normal -0.349824368954 -0.517604410648 -0.780838370323
    outer loop
      vertex 0.563032209873 10.7415714264 3.6388926506
      vertex 0.776061236858 10.8295860291 3.62769126892
      vertex 0.610887110233 10.7076892853 3.55543589592
    endloop
  endfacet
  facet normal -0.349815934896 -0.517601847649 -0.780843853951
    outer loop
      vertex 0.563032209873 10.7415714264 3.6388926506
      vertex 0.610887110233 10.7076892853 3.55543589592
      vertex 0.595511674881 10.7008008957 3.55543589592
    endloop
  endfacet
  facet normal -0.655849277973 -0.521758496761 -0.545554578304
    outer loop
      vertex 0.595511674881 10.7008008957 3.55543589592
      vertex 0.590757846832 10.6950864792 3.55543589592
      vertex 0.563032209873 10.7415714264 3.6388926506
    endloop
  endfacet
  facet normal -0.655847132206 -0.521758973598 -0.545556664467
    outer loop
      vertex 0.530598402023 10.6700687408 3.60489749908
      vertex 0.563032209873 10.7415714264 3.6388926506
      vertex 0.590757846832 10.6950864792 3.55543589592
    endloop
  endfacet
  facet normal -0.6769541502 -0.675304234028 -0.292740941048
    outer loop
      vertex 0.590757846832 10.6950864792 3.55543589592
      vertex 0.584230184555 10.6799917221 3.55543589592
      vertex 0.530598402023 10.6700687408 3.60489749908
    endloop
  endfacet
  facet normal -0.676954448223 -0.675305128098 -0.292738288641
    outer loop
      vertex 0.536189496517 10.6160154343 3.57586121559
      vertex 0.530598402023 10.6700687408 3.60489749908
      vertex 0.584230184555 10.6799917221 3.55543589592
    endloop
  endfacet
  facet normal -0.409215986729 -0.912296831608 -0.0160239432007
    outer loop
      vertex 0.536189496517 10.6160154343 3.57586121559
      vertex 0.584230184555 10.6799917221 3.55543589592
      vertex 0.581481397152 10.609793663 3.55543589592
    endloop
  endfacet
  facet normal -0.39468061924 -0.911186277866 -0.118181161582
    outer loop
      vertex 0.581481397152 10.609793663 3.55543589592
      vertex 0.572155117989 10.5786476135 3.55543589592
      vertex 0.536189496517 10.6160154343 3.57586121559
    endloop
  endfacet
  facet normal -0.394683241844 -0.911185503006 -0.118178218603
    outer loop
      vertex 0.552698552608 10.5714044571 3.56292438507
      vertex 0.536189496517 10.6160154343 3.57586121559
      vertex 0.572155117989 10.5786476135 3.55543589592
    endloop
  endfacet
  facet normal -0.323348999023 -0.940565228462 0.103838577867
    outer loop
      vertex 0.572155117989 10.5786476135 3.55543589592
      vertex 0.58324354887 10.5441188812 3.55543589592
      vertex 0.552698552608 10.5714044571 3.56292438507
    endloop
  endfacet
  facet normal -0.323352724314 -0.940563440323 0.103843249381
    outer loop
      vertex 0.57865267992 10.5390319824 3.55757570267
      vertex 0.552698552608 10.5714044571 3.56292438507
      vertex 0.58324354887 10.5441188812 3.55543589592
    endloop
  endfacet
  facet normal -0.282554060221 -0.948387444019 0.143959745765
    outer loop
      vertex 0.57865267992 10.5390319824 3.55757570267
      vertex 0.58324354887 10.5441188812 3.55543589592
      vertex 0.590508043766 10.5298604965 3.55543589592
    endloop
  endfacet
  facet normal -0.320313602686 -0.926410973072 0.197893545032
    outer loop
      vertex 0.559975147247 10.4919757843 3.57408571243
      vertex 0.57865267992 10.5390319824 3.55757570267
      vertex 0.590508043766 10.5298604965 3.55543589592
    endloop
  endfacet
  facet normal -0.320309817791 -0.926411569118 0.197896882892
    outer loop
      vertex 0.559975147247 10.4919757843 3.57408571243
      vertex 0.590508043766 10.5298604965 3.55543589592
      vertex 0.611633121967 10.4956674576 3.55543589592
    endloop
  endfacet
  facet normal -0.291643947363 -0.881399095058 0.3715903759
    outer loop
      vertex 0.57996404171 10.4367828369 3.59073996544
      vertex 0.559975147247 10.4919757843 3.57408571243
      vertex 0.611633121967 10.4956674576 3.55543589592
    endloop
  endfacet
  facet normal -0.291636735201 -0.881399691105 0.37159460783
    outer loop
      vertex 0.57996404171 10.4367828369 3.59073996544
      vertex 0.611633121967 10.4956674576 3.55543589592
      vertex 0.623377025127 10.486451149 3.55543589592
    endloop
  endfacet
  facet normal -0.227458551526 -0.876524567604 0.424225509167
    outer loop
      vertex 0.675003230572 10.374917984 3.59601950645
      vertex 0.57996404171 10.4367828369 3.59073996544
      vertex 0.623377025127 10.486451149 3.55543589592
    endloop
  endfacet
  facet normal -0.227459862828 -0.876524031162 0.424225926399
    outer loop
      vertex 0.675003230572 10.374917984 3.59601950645
      vertex 0.623377025127 10.486451149 3.55543589592
      vertex 0.639435529709 10.4778404236 3.55543589592
    endloop
  endfacet
  facet normal 0.124996960163 -0.93697822094 0.326262950897
    outer loop
      vertex 0.675003230572 10.374917984 3.59601950645
      vertex 0.639435529709 10.4778404236 3.55543589592
      vertex 0.810341417789 10.5433177948 3.55543589592
    endloop
  endfacet
  facet normal 0 -1 0
    outer loop
      vertex 0.590508043766 10.5298604965 3.55543589592
      vertex 0.810341417789 10.5433177948 3.55543589592
      vertex 0.639435529709 10.4778404236 3.55543589592
    endloop
  endfacet
  facet normal 0 -1 0
    outer loop
      vertex 0.590508043766 10.5298604965 3.55543589592
      vertex 0.639435529709 10.4778404236 3.55543589592
      vertex 0.623377025127 10.486451149 3.55543589592
    endloop
  endfacet
  facet normal 0 -1 0
    outer loop
      vertex 0.590508043766 10.5298604965 3.55543589592
      vertex 0.623377025127 10.486451149 3.55543589592
      vertex 0.611633121967 10.4956674576 3.55543589592
    endloop
  endfacet
  facet normal 0 -1 0
    outer loop
      vertex 0.581481397152 10.609793663 3.55543589592
      vertex 0.810341417789 10.5433177948 3.55543589592
      vertex 0.590508043766 10.5298604965 3.55543589592
    endloop
  endfacet
  facet normal 0 -1 0
    outer loop
      vertex 0.581481397152 10.609793663 3.55543589592
      vertex 0.590508043766 10.5298604965 3.55543589592
      vertex 0.58324354887 10.5441188812 3.55543589592
    endloop
  endfacet
  facet normal 0 -1 0
    outer loop
      vertex 0.581481397152 10.609793663 3.55543589592
      vertex 0.58324354887 10.5441188812 3.55543589592
      vertex 0.572155117989 10.5786476135 3.55543589592
    endloop
  endfacet
  facet normal 0 -1 0
    outer loop
      vertex 0.610887110233 10.7076892853 3.55543589592
      vertex 0.810341417789 10.5433177948 3.55543589592
      vertex 0.581481397152 10.609793663 3.55543589592
    endloop
  endfacet
  facet normal 0 -1 0
    outer loop
      vertex 0.610887110233 10.7076892853 3.55543589592
      vertex 0.581481397152 10.609793663 3.55543589592
      vertex 0.584230184555 10.6799917221 3.55543589592
    endloop
  endfacet
  facet normal 0 -1 0
    outer loop
      vertex 0.610887110233 10.7076892853 3.55543589592
      vertex 0.584230184555 10.6799917221 3.55543589592
      vertex 0.590757846832 10.6950864792 3.55543589592
    endloop
  endfacet
  facet normal 0 -1 0
    outer loop
      vertex 0.610887110233 10.7076892853 3.55543589592
      vertex 0.590757846832 10.6950864792 3.55543589592
      vertex 0.595511674881 10.7008008957 3.55543589592
    endloop
  endfacet
  facet normal 0 -1 0
    outer loop
      vertex 0.801378369331 10.7664775848 3.55543589592
      vertex 0.810341417789 10.5433177948 3.55543589592
      vertex 0.610887110233 10.7076892853 3.55543589592
    endloop
  endfacet
  facet normal -0 -1 0
    outer loop
      vertex 0.862849354744 10.5600385666 3.55543589592
      vertex 0.810341417789 10.5433177948 3.55543589592
      vertex 0.801378369331 10.7664775848 3.55543589592
    endloop
  endfacet
  facet normal 0 -1 -0
    outer loop
      vertex 0.862849354744 10.5600385666 3.55543589592
      vertex 0.801378369331 10.7664775848 3.55543589592
      vertex 0.938785374165 10.6268529892 3.55543589592
    endloop
  endfacet
  facet normal 0 -1 -0
    outer loop
      vertex 0.938785374165 10.6268529892 3.55543589592
      vertex 0.801378369331 10.7664775848 3.55543589592
      vertex 0.996452152729 10.83294487 3.55543589592
    endloop
  endfacet
  facet normal 0 -1 0
    outer loop
      vertex 0.938785374165 10.6268529892 3.55543589592
      vertex 0.996452152729 10.83294487 3.55543589592
      vertex 1.16623771191 10.7753629684 3.55543589592
    endloop
  endfacet
  facet normal 0 -1 0
    outer loop
      vertex 1.16623771191 10.7753629684 3.55543589592
      vertex 0.996452152729 10.83294487 3.55543589592
      vertex 1.11006569862 10.873134613 3.55543589592
    endloop
  endfacet
  facet normal 0 -1 -0
    outer loop
      vertex 1.16623771191 10.7753629684 3.55543589592
      vertex 1.11006569862 10.873134613 3.55543589592
      vertex 1.32979369164 10.8698883057 3.55543589592
    endloop
  endfacet
  facet normal 0 -1 0
    outer loop
      vertex 1.32979369164 10.8698883057 3.55543589592
      vertex 1.11006569862 10.873134613 3.55543589592
      vertex 1.32766783237 10.9119110107 3.55543589592
    endloop
  endfacet
  facet normal 0 -1 -0
    outer loop
      vertex 1.32979369164 10.8698883057 3.55543589592
      vertex 1.32766783237 10.9119110107 3.55543589592
      vertex 1.37002778053 10.8995056152 3.55543589592
    endloop
  endfacet
  facet normal 0 -1 0
    outer loop
      vertex 1.37002778053 10.8995056152 3.55543589592
      vertex 1.32766783237 10.9119110107 3.55543589592
      vertex 1.35668802261 10.9160852432 3.55543589592
    endloop
  endfacet
  facet normal 0 -1 0
    outer loop
      vertex 1.37002778053 10.8995056152 3.55543589592
      vertex 1.35668802261 10.9160852432 3.55543589592
      vertex 1.36915445328 10.9149475098 3.55543589592
    endloop
  endfacet
  facet normal -0.215115994215 -0.88807964325 0.406250685453
    outer loop
      vertex 0.675003230572 10.374917984 3.59601950645
      vertex 0.587616801262 10.3848361969 3.61264920235
      vertex 0.57996404171 10.4367828369 3.59073996544
    endloop
  endfacet
  facet normal -0.311651051044 -0.858204066753 0.407871752977
    outer loop
      vertex 0.544888079166 10.4006385803 3.62065601349
      vertex 0.57996404171 10.4367828369 3.59073996544
      vertex 0.587616801262 10.3848361969 3.61264920235
    endloop
  endfacet
  facet normal -0.31970974803 -0.839646875858 0.439065843821
    outer loop
      vertex 0.544888079166 10.4006385803 3.62065601349
      vertex 0.587616801262 10.3848361969 3.61264920235
      vertex 0.557700991631 10.3630542755 3.63543081284
    endloop
  endfacet
  facet normal -0.547550082207 -0.698234379292 0.461148202419
    outer loop
      vertex 0.544888079166 10.4006385803 3.62065601349
      vertex 0.557700991631 10.3630542755 3.63543081284
      vertex 0.524558067322 10.3730669022 3.65480780602
    endloop
  endfacet
  facet normal -0.494247734547 -0.704918980598 0.508732140064
    outer loop
      vertex 0.544888079166 10.4006385803 3.62065601349
      vertex 0.524558067322 10.3730669022 3.65480780602
      vertex 0.50337344408 10.4122285843 3.64139866829
    endloop
  endfacet
  facet normal -0.496442347765 -0.739996492863 0.453817337751
    outer loop
      vertex 0.544888079166 10.4006385803 3.62065601349
      vertex 0.50337344408 10.4122285843 3.64139866829
      vertex 0.529195070267 10.4396848679 3.60723781586
    endloop
  endfacet
  facet normal -0.302437454462 -0.857490777969 0.416222453117
    outer loop
      vertex 0.544888079166 10.4006385803 3.62065601349
      vertex 0.529195070267 10.4396848679 3.60723781586
      vertex 0.57996404171 10.4367828369 3.59073996544
    endloop
  endfacet
  facet normal -0.294435709715 -0.819639205933 0.491425693035
    outer loop
      vertex 0.529195070267 10.4396848679 3.60723781586
      vertex 0.542978107929 10.4635763168 3.58796238899
      vertex 0.57996404171 10.4367828369 3.59073996544
    endloop
  endfacet
  facet normal -0.17935281992 -0.921990513802 0.343170523643
    outer loop
      vertex 0.559975147247 10.4919757843 3.57408571243
      vertex 0.57996404171 10.4367828369 3.59073996544
      vertex 0.542978107929 10.4635763168 3.58796238899
    endloop
  endfacet
  facet normal -0.360687732697 -0.904827475548 0.226255506277
    outer loop
      vertex 0.559975147247 10.4919757843 3.57408571243
      vertex 0.542978107929 10.4635763168 3.58796238899
      vertex 0.517119646072 10.4808158875 3.59395933151
    endloop
  endfacet
  facet normal -0.356726616621 -0.90322291851 0.238609522581
    outer loop
      vertex 0.517119646072 10.4808158875 3.59395933151
      vertex 0.525098264217 10.5275421143 3.57846426964
      vertex 0.559975147247 10.4919757843 3.57408571243
    endloop
  endfacet
  facet normal -0.318869739771 -0.926760196686 0.198589131236
    outer loop
      vertex 0.57865267992 10.5390319824 3.55757570267
      vertex 0.559975147247 10.4919757843 3.57408571243
      vertex 0.525098264217 10.5275421143 3.57846426964
    endloop
  endfacet
  facet normal -0.338888347149 -0.933464050293 0.117471531034
    outer loop
      vertex 0.57865267992 10.5390319824 3.55757570267
      vertex 0.525098264217 10.5275421143 3.57846426964
      vertex 0.552698552608 10.5714044571 3.56292438507
    endloop
  endfacet
  facet normal -0.372593045235 -0.923355042934 0.0926816835999
    outer loop
      vertex 0.505943179131 10.5665359497 3.58227968216
      vertex 0.552698552608 10.5714044571 3.56292438507
      vertex 0.525098264217 10.5275421143 3.57846426964
    endloop
  endfacet
  facet normal -0.435359477997 -0.891303420067 0.126650571823
    outer loop
      vertex 0.505943179131 10.5665359497 3.58227968216
      vertex 0.525098264217 10.5275421143 3.57846426964
      vertex 0.477927237749 10.530711174 3.60105490685
    endloop
  endfacet
  facet normal -0.472982913256 -0.876516222954 0.0894787535071
    outer loop
      vertex 0.470376312733 10.5632972717 3.60180282593
      vertex 0.505943179131 10.5665359497 3.58227968216
      vertex 0.477927237749 10.530711174 3.60105490685
    endloop
  endfacet
  facet normal -0.377435028553 -0.923662781715 0.0662558749318
    outer loop
      vertex 0.470376312733 10.5632972717 3.60180282593
      vertex 0.477927237749 10.530711174 3.60105490685
      vertex 0.455097556114 10.5449762344 3.60936045647
    endloop
  endfacet
  facet normal -0.549219489098 -0.827493965626 -0.116669021547
    outer loop
      vertex 0.470376312733 10.5632972717 3.60180282593
      vertex 0.455097556114 10.5449762344 3.60936045647
      vertex 0.439877897501 10.5607767105 3.62168979645
    endloop
  endfacet
  facet normal -0.548220396042 -0.819732010365 -0.165812775493
    outer loop
      vertex 0.470376312733 10.5632972717 3.60180282593
      vertex 0.439877897501 10.5607767105 3.62168979645
      vertex 0.463068842888 10.592918396 3.61268162727
    endloop
  endfacet
  facet normal -0.623272657394 -0.771211266518 -0.129477187991
    outer loop
      vertex 0.463068842888 10.592918396 3.61268162727
      vertex 0.490860849619 10.5881319046 3.58941721916
      vertex 0.470376312733 10.5632972717 3.60180282593
    endloop
  endfacet
  facet normal -0.477674812078 -0.877453804016 0.0436070933938
    outer loop
      vertex 0.505943179131 10.5665359497 3.58227968216
      vertex 0.470376312733 10.5632972717 3.60180282593
      vertex 0.490860849619 10.5881319046 3.58941721916
    endloop
  endfacet
  facet normal -0.330465227365 -0.940420150757 -0.0800164490938
    outer loop
      vertex 0.505943179131 10.5665359497 3.58227968216
      vertex 0.490860849619 10.5881319046 3.58941721916
      vertex 0.536189496517 10.6160154343 3.57586121559
    endloop
  endfacet
  facet normal -0.390381246805 -0.912769079208 -0.12022946775
    outer loop
      vertex 0.505943179131 10.5665359497 3.58227968216
      vertex 0.536189496517 10.6160154343 3.57586121559
      vertex 0.552698552608 10.5714044571 3.56292438507
    endloop
  endfacet
  facet normal -0.424456059933 -0.864315807819 -0.269805878401
    outer loop
      vertex 0.490860849619 10.5881319046 3.58941721916
      vertex 0.493828833103 10.6053762436 3.59334301949
      vertex 0.536189496517 10.6160154343 3.57586121559
    endloop
  endfacet
  facet normal -0.434473305941 -0.793874919415 -0.425435692072
    outer loop
      vertex 0.492561757565 10.6279764175 3.60614728928
      vertex 0.536189496517 10.6160154343 3.57586121559
      vertex 0.493828833103 10.6053762436 3.59334301949
    endloop
  endfacet
  facet normal -0.597237050533 -0.711740791798 -0.369774252176
    outer loop
      vertex 0.492561757565 10.6279764175 3.60614728928
      vertex 0.493828833103 10.6053762436 3.59334301949
      vertex 0.463068842888 10.592918396 3.61268162727
    endloop
  endfacet
  facet normal -0.583490848541 -0.730564951897 -0.354701697826
    outer loop
      vertex 0.463068842888 10.592918396 3.61268162727
      vertex 0.461631059647 10.6230859756 3.62847709656
      vertex 0.492561757565 10.6279764175 3.60614728928
    endloop
  endfacet
  facet normal -0.591868281364 -0.762832999229 -0.260341495275
    outer loop
      vertex 0.461631059647 10.6230859756 3.62847709656
      vertex 0.476929545403 10.6402902603 3.62247848511
      vertex 0.492561757565 10.6279764175 3.60614728928
    endloop
  endfacet
  facet normal -0.396816283464 -0.76373821497 -0.509156882763
    outer loop
      vertex 0.494115024805 10.6551151276 3.6234331131
      vertex 0.492561757565 10.6279764175 3.60614728928
      vertex 0.476929545403 10.6402902603 3.62247848511
    endloop
  endfacet
  facet normal -0.536328196526 -0.531168341637 -0.655905663967
    outer loop
      vertex 0.494115024805 10.6551151276 3.6234331131
      vertex 0.476929545403 10.6402902603 3.62247848511
      vertex 0.468723863363 10.6555767059 3.64964103699
    endloop
  endfacet
  facet normal -0.56062400341 -0.553994119167 -0.615460216999
    outer loop
      vertex 0.468723863363 10.6555767059 3.64964103699
      vertex 0.507405698299 10.6874876022 3.64594769478
      vertex 0.494115024805 10.6551151276 3.6234331131
    endloop
  endfacet
  facet normal -0.542400121689 -0.568801999092 -0.618277013302
    outer loop
      vertex 0.530598402023 10.6700687408 3.60489749908
      vertex 0.494115024805 10.6551151276 3.6234331131
      vertex 0.507405698299 10.6874876022 3.64594769478
    endloop
  endfacet
  facet normal -0.606455624104 -0.575461864471 -0.548684954643
    outer loop
      vertex 0.563032209873 10.7415714264 3.6388926506
      vertex 0.530598402023 10.6700687408 3.60489749908
      vertex 0.507405698299 10.6874876022 3.64594769478
    endloop
  endfacet
  facet normal -0.6788828969 -0.331900298595 -0.654950499535
    outer loop
      vertex 0.563032209873 10.7415714264 3.6388926506
      vertex 0.507405698299 10.6874876022 3.64594769478
      vertex 0.516552805901 10.7208385468 3.69304919243
    endloop
  endfacet
  facet normal -0.556232273579 -0.165607869625 -0.814358413219
    outer loop
      vertex 0.516552805901 10.7208385468 3.69304919243
      vertex 0.595149576664 10.7873497009 3.75612568855
      vertex 0.563032209873 10.7415714264 3.6388926506
    endloop
  endfacet
  facet normal -0.381251215935 -0.243767678738 -0.891753792763
    outer loop
      vertex 0.776061236858 10.8295860291 3.62769126892
      vertex 0.563032209873 10.7415714264 3.6388926506
      vertex 0.595149576664 10.7873497009 3.75612568855
    endloop
  endfacet
  facet normal -0.478764951229 -0.421033203602 -0.770399332047
    outer loop
      vertex 0.776061236858 10.8295860291 3.62769126892
      vertex 0.595149576664 10.7873497009 3.75612568855
      vertex 0.789590597153 10.9147758484 3.76818490028
    endloop
  endfacet
  facet normal -0.294894278049 -0.474506646395 -0.829385817051
    outer loop
      vertex 0.789590597153 10.9147758484 3.76818490028
      vertex 1.08135402203 10.9388246536 3.62889575958
      vertex 0.776061236858 10.8295860291 3.62769126892
    endloop
  endfacet
  facet normal -0.270712584257 -0.417269229889 -0.867525815964
    outer loop
      vertex 1.08135402203 10.9388246536 3.62889575958
      vertex 0.789590597153 10.9147758484 3.76818490028
      vertex 1.06737220287 11.0036315918 3.77270412445
    endloop
  endfacet
  facet normal -0.168268814683 -0.418549835682 -0.892469406128
    outer loop
      vertex 1.06737220287 11.0036315918 3.77270412445
      vertex 1.30543577671 10.9934530258 3.65529370308
      vertex 1.08135402203 10.9388246536 3.62889575958
    endloop
  endfacet
  facet normal -0.217669084668 -0.513311564922 -0.830139398575
    outer loop
      vertex 1.06737220287 11.0036315918 3.77270412445
      vertex 1.29421293736 11.0502519608 3.75190806389
      vertex 1.30543577671 10.9934530258 3.65529370308
    endloop
  endfacet
  facet normal 0.218685626984 -0.475526690483 -0.852086246014
    outer loop
      vertex 1.30543577671 10.9934530258 3.65529370308
      vertex 1.29421293736 11.0502519608 3.75190806389
      vertex 1.35100471973 10.9911689758 3.67215657234
    endloop
  endfacet
  facet normal 0.217306122184 -0.471444219351 -0.85470366478
    outer loop
      vertex 1.35100471973 10.9911689758 3.67215657234
      vertex 1.38666319847 10.9313879013 3.58021306992
      vertex 1.30543577671 10.9934530258 3.65529370308
    endloop
  endfacet
  facet normal -0.127932831645 0.510600149632 -0.850247442722
    outer loop
      vertex 1.06737220287 11.0036315918 3.77270412445
      vertex 1.38187479973 10.9487457275 3.94289827347
      vertex 1.29421293736 11.0502519608 3.75190806389
    endloop
  endfacet
  facet normal -0.116194657981 0.492810070515 -0.862343907356
    outer loop
      vertex 1.38187479973 10.9487457275 3.94289827347
      vertex 1.06737220287 11.0036315918 3.77270412445
      vertex 1.12678956985 10.9069433212 3.95590257645
    endloop
  endfacet
  facet normal -0.0752542689443 0.724908053875 -0.684722661972
    outer loop
      vertex 1.18960249424 10.7151012421 4.14363098145
      vertex 1.38187479973 10.9487457275 3.94289827347
      vertex 1.12678956985 10.9069433212 3.95590257645
    endloop
  endfacet
  facet normal -0.268672764301 0.730955243111 -0.627311229706
    outer loop
      vertex 1.12678956985 10.9069433212 3.95590257645
      vertex 0.826701700687 10.6251869202 4.08740663528
      vertex 1.18960249424 10.7151012421 4.14363098145
    endloop
  endfacet
  facet normal -0.241184651852 0.870439529419 -0.429144501686
    outer loop
      vertex 0.949212968349 10.3462047577 4.25889635086
      vertex 1.18960249424 10.7151012421 4.14363098145
      vertex 0.826701700687 10.6251869202 4.08740663528
    endloop
  endfacet
  facet normal -0.474512934685 0.827455103397 -0.300259143114
    outer loop
      vertex 0.826701700687 10.6251869202 4.08740663528
      vertex 0.696987092495 10.2671394348 4.14294528961
      vertex 0.949212968349 10.3462047577 4.25889635086
    endloop
  endfacet
  facet normal -0.350479781628 0.910897254944 0.217784687877
    outer loop
      vertex 0.696987092495 10.2671394348 4.14294528961
      vertex 1.0192450285 10.1130819321 4.23010540009
      vertex 0.949212968349 10.3462047577 4.25889635086
    endloop
  endfacet
  facet normal -0.072118319571 0.987010002136 0.143562719226
    outer loop
      vertex 0.949212968349 10.3462047577 4.25889635086
      vertex 1.0192450285 10.1130819321 4.23010540009
      vertex 1.28379976749 10.2367830276 4.26742839813
    endloop
  endfacet
  facet normal -0.0102476337925 0.998863458633 -0.0465485192835
    outer loop
      vertex 1.28379976749 10.2367830276 4.26742839813
      vertex 1.25011622906 10.4319591522 4.2579870224
      vertex 0.949212968349 10.3462047577 4.25889635086
    endloop
  endfacet
  facet normal -0.0982356220484 0.929859101772 -0.354558616877
    outer loop
      vertex 1.18960249424 10.7151012421 4.14363098145
      vertex 0.949212968349 10.3462047577 4.25889635086
      vertex 1.25011622906 10.4319591522 4.2579870224
    endloop
  endfacet
  facet normal -0.0324190855026 0.92912954092 -0.368330419064
    outer loop
      vertex 1.18960249424 10.7151012421 4.14363098145
      vertex 1.25011622906 10.4319591522 4.2579870224
      vertex 1.46994948387 10.6687498093 4.1717877388
    endloop
  endfacet
  facet normal -0.321006447077 0.936417520046 0.141693800688
    outer loop
      vertex 1.0192450285 10.1130819321 4.23010540009
      vertex 0.696987092495 10.2671394348 4.14294528961
      vertex 0.802638232708 10.0242834091 4.14241552353
    endloop
  endfacet
  facet normal -0.676277637482 0.674701988697 0.295678496361
    outer loop
      vertex 0.743047654629 10.0278139114 4.08423280716
      vertex 0.802638232708 10.0242834091 4.14241552353
      vertex 0.696987092495 10.2671394348 4.14294528961
    endloop
  endfacet
  facet normal -0.554364740849 0.777327358723 0.297391831875
    outer loop
      vertex 0.696987092495 10.2671394348 4.14294528961
      vertex 0.578458845615 10.1407365799 4.01005554199
      vertex 0.743047654629 10.0278139114 4.08423280716
    endloop
  endfacet
  facet normal -0.538892388344 -0.0807486027479 0.838495492935
    outer loop
      vertex 0.634254395962 10.1164264679 3.89012980461
      vertex 0.743047654629 10.0278139114 4.08423280716
      vertex 0.578458845615 10.1407365799 4.01005554199
    endloop
  endfacet
  facet normal -0.909855127335 -0.405281990767 0.0889390036464
    outer loop
      vertex 0.634254395962 10.1164264679 3.89012980461
      vertex 0.578458845615 10.1407365799 4.01005554199
      vertex 0.570415079594 10.2477722168 4.0046248436
    endloop
  endfacet
  facet normal -0.638790309429 0.398691564798 0.658021271229
    outer loop
      vertex 0.634254395962 10.1164264679 3.89012980461
      vertex 0.570415079594 10.2477722168 4.0046248436
      vertex 0.555743515491 10.216422081 3.9293756485
    endloop
  endfacet
  facet normal -0.766517519951 0.0876215323806 0.636218011379
    outer loop
      vertex 0.634254395962 10.1164264679 3.89012980461
      vertex 0.555743515491 10.216422081 3.9293756485
      vertex 0.566425979137 10.1941604614 3.86118483543
    endloop
  endfacet
  facet normal -0.687000215054 -0.235900759697 0.687300205231
    outer loop
      vertex 0.634254395962 10.1164264679 3.89012980461
      vertex 0.566425979137 10.1941604614 3.86118483543
      vertex 0.607324659824 10.1859073639 3.76612353325
    endloop
  endfacet
  facet normal -0.643531739712 -0.213042974472 0.735173165798
    outer loop
      vertex 0.607324659824 10.1859073639 3.76612353325
      vertex 0.566425979137 10.1941604614 3.86118483543
      vertex 0.556646823883 10.2212457657 3.79725766182
    endloop
  endfacet
  facet normal -0.674396157265 -0.377395480871 0.634635686874
    outer loop
      vertex 0.607324659824 10.1859073639 3.76612353325
      vertex 0.556646823883 10.2212457657 3.79725766182
      vertex 0.561610221863 10.2373781204 3.76125979424
    endloop
  endfacet
  facet normal -0.600470304489 -0.54533469677 0.584846496582
    outer loop
      vertex 0.607324659824 10.1859073639 3.76612353325
      vertex 0.561610221863 10.2373781204 3.76125979424
      vertex 0.568140745163 10.2618284225 3.72784662247
    endloop
  endfacet
  facet normal -0.648621857166 -0.490445464849 0.582024872303
    outer loop
      vertex 0.568140745163 10.2618284225 3.72784662247
      vertex 0.615147531033 10.2604455948 3.66732001305
      vertex 0.607324659824 10.1859073639 3.76612353325
    endloop
  endfacet
  facet normal -0.623647630215 -0.470077782869 0.624572277069
    outer loop
      vertex 0.615147531033 10.2604455948 3.66732001305
      vertex 0.568140745163 10.2618284225 3.72784662247
      vertex 0.568590700626 10.2890806198 3.69104146957
    endloop
  endfacet
  facet normal -0.62406206131 -0.49768987298 0.602371394634
    outer loop
      vertex 0.615147531033 10.2604455948 3.66732001305
      vertex 0.568590700626 10.2890806198 3.69104146957
      vertex 0.568677186966 10.3112001419 3.66416072845
    endloop
  endfacet
  facet normal -0.628429889679 -0.487978816032 0.605766117573
    outer loop
      vertex 0.615147531033 10.2604455948 3.66732001305
      vertex 0.568677186966 10.3112001419 3.66416072845
      vertex 0.574394822121 10.3265609741 3.63772845268
    endloop
  endfacet
  facet normal -0.119027152658 -0.876837849617 0.465819597244
    outer loop
      vertex 0.615147531033 10.2604455948 3.66732001305
      vertex 0.574394822121 10.3265609741 3.63772845268
      vertex 0.588132560253 10.3457975388 3.62564444542
    endloop
  endfacet
  facet normal -0.139750167727 -0.871623337269 0.469832569361
    outer loop
      vertex 0.675003230572 10.374917984 3.59601950645
      vertex 0.615147531033 10.2604455948 3.66732001305
      vertex 0.588132560253 10.3457975388 3.62564444542
    endloop
  endfacet
  facet normal -0.211634770036 -0.926480948925 0.311197251081
    outer loop
      vertex 0.675003230572 10.374917984 3.59601950645
      vertex 0.588132560253 10.3457975388 3.62564444542
      vertex 0.587616801262 10.3848361969 3.61264920235
    endloop
  endfacet
  facet normal -0.43774998188 -0.851326644421 0.289167612791
    outer loop
      vertex 0.588132560253 10.3457975388 3.62564444542
      vertex 0.557700991631 10.3630542755 3.63543081284
      vertex 0.587616801262 10.3848361969 3.61264920235
    endloop
  endfacet
  facet normal -0.480860978365 -0.776187419891 0.407806098461
    outer loop
      vertex 0.588132560253 10.3457975388 3.62564444542
      vertex 0.565853714943 10.336558342 3.64430093765
      vertex 0.557700991631 10.3630542755 3.63543081284
    endloop
  endfacet
  facet normal -0.590649604797 -0.692822098732 0.413679331541
    outer loop
      vertex 0.54655957222 10.3392601013 3.6591360569
      vertex 0.557700991631 10.3630542755 3.63543081284
      vertex 0.565853714943 10.336558342 3.64430093765
    endloop
  endfacet
  facet normal -0.55614054203 -0.623118460178 0.549937307835
    outer loop
      vertex 0.54655957222 10.3392601013 3.6591360569
      vertex 0.565853714943 10.336558342 3.64430093765
      vertex 0.568677186966 10.3112001419 3.66416072845
    endloop
  endfacet
  facet normal -0.629787921906 -0.508241534233 0.587416112423
    outer loop
      vertex 0.568677186966 10.3112001419 3.66416072845
      vertex 0.540934383869 10.3198919296 3.68849253654
      vertex 0.54655957222 10.3392601013 3.6591360569
    endloop
  endfacet
  facet normal -0.567353904247 -0.526478767395 0.63319003582
    outer loop
      vertex 0.54655957222 10.3392601013 3.6591360569
      vertex 0.540934383869 10.3198919296 3.68849253654
      vertex 0.526297986507 10.3442678452 3.67494797707
    endloop
  endfacet
  facet normal -0.610715568066 -0.631110489368 0.47825306654
    outer loop
      vertex 0.54655957222 10.3392601013 3.6591360569
      vertex 0.526297986507 10.3442678452 3.67494797707
      vertex 0.524558067322 10.3730669022 3.65480780602
    endloop
  endfacet
  facet normal -0.548273026943 -0.706635177135 0.44728448987
    outer loop
      vertex 0.524558067322 10.3730669022 3.65480780602
      vertex 0.557700991631 10.3630542755 3.63543081284
      vertex 0.54655957222 10.3392601013 3.6591360569
    endloop
  endfacet
  facet normal -0.637281656265 -0.612911641598 0.467131018639
    outer loop
      vertex 0.524558067322 10.3730669022 3.65480780602
      vertex 0.526297986507 10.3442678452 3.67494797707
      vertex 0.507841408253 10.3632564545 3.67966675758
    endloop
  endfacet
  facet normal -0.561526238918 -0.601761519909 0.567953705788
    outer loop
      vertex 0.524558067322 10.3730669022 3.65480780602
      vertex 0.507841408253 10.3632564545 3.67966675758
      vertex 0.485071212053 10.3921661377 3.67362833023
    endloop
  endfacet
  facet normal -0.559441566467 -0.643157303333 0.522851586342
    outer loop
      vertex 0.50337344408 10.4122285843 3.64139866829
      vertex 0.524558067322 10.3730669022 3.65480780602
      vertex 0.485071212053 10.3921661377 3.67362833023
    endloop
  endfacet
  facet normal -0.481065392494 -0.643679857254 0.595191001892
    outer loop
      vertex 0.485071212053 10.3921661377 3.67362833023
      vertex 0.476130753756 10.4104919434 3.66336512566
      vertex 0.50337344408 10.4122285843 3.64139866829
    endloop
  endfacet
  facet normal -0.534857749939 -0.700670182705 0.47221660614
    outer loop
      vertex 0.468951284885 10.4306993484 3.65522670746
      vertex 0.50337344408 10.4122285843 3.64139866829
      vertex 0.476130753756 10.4104919434 3.66336512566
    endloop
  endfacet
  facet normal -0.785801112652 -0.424237281084 0.450043767691
    outer loop
      vertex 0.468951284885 10.4306993484 3.65522670746
      vertex 0.476130753756 10.4104919434 3.66336512566
      vertex 0.453666508198 10.4217939377 3.69298601151
    endloop
  endfacet
  facet normal -0.77524715662 -0.424204796553 0.468019396067
    outer loop
      vertex 0.438823372126 10.4597730637 3.67820930481
      vertex 0.468951284885 10.4306993484 3.65522670746
      vertex 0.453666508198 10.4217939377 3.69298601151
    endloop
  endfacet
  facet normal -0.834518015385 -0.318080097437 0.449894189835
    outer loop
      vertex 0.438823372126 10.4597730637 3.67820930481
      vertex 0.453666508198 10.4217939377 3.69298601151
      vertex 0.426395207644 10.4525775909 3.72099351883
    endloop
  endfacet
  facet normal -0.826752305031 -0.318186193705 0.46393764019
    outer loop
      vertex 0.426395207644 10.4525775909 3.72099351883
      vertex 0.419669777155 10.4711523056 3.71138548851
      vertex 0.438823372126 10.4597730637 3.67820930481
    endloop
  endfacet
  facet normal -0.849181711674 -0.35668617487 0.389442384243
    outer loop
      vertex 0.413515359163 10.4924097061 3.70282864571
      vertex 0.438823372126 10.4597730637 3.67820930481
      vertex 0.419669777155 10.4711523056 3.71138548851
    endloop
  endfacet
  facet normal -0.890347123146 -0.270101904869 0.366506427526
    outer loop
      vertex 0.413515359163 10.4924097061 3.70282864571
      vertex 0.419669777155 10.4711523056 3.71138548851
      vertex 0.403415501118 10.4859828949 3.74484109879
    endloop
  endfacet
  facet normal -0.89557081461 -0.269451737404 0.354046136141
    outer loop
      vertex 0.391485899687 10.5288524628 3.72816300392
      vertex 0.413515359163 10.4924097061 3.70282864571
      vertex 0.403415501118 10.4859828949 3.74484109879
    endloop
  endfacet
  facet normal -0.933375954628 -0.159183725715 0.321667283773
    outer loop
      vertex 0.391485899687 10.5288524628 3.72816300392
      vertex 0.403415501118 10.4859828949 3.74484109879
      vertex 0.386784613132 10.5205488205 3.77250766754
    endloop
  endfacet
  facet normal -0.953287899494 -0.150142252445 0.262105822563
    outer loop
      vertex 0.386784613132 10.5205488205 3.77250766754
      vertex 0.380452185869 10.5458955765 3.76846647263
      vertex 0.391485899687 10.5288524628 3.72816300392
    endloop
  endfacet
  facet normal -0.967197418213 -0.196934655309 0.160455435514
    outer loop
      vertex 0.391485899687 10.5288524628 3.72816300392
      vertex 0.380452185869 10.5458955765 3.76846647263
      vertex 0.388625442982 10.55788517 3.71855664253
    endloop
  endfacet
  facet normal -0.925353527069 -0.323218673468 0.198117464781
    outer loop
      vertex 0.40449437499 10.5380277634 3.68529677391
      vertex 0.391485899687 10.5288524628 3.72816300392
      vertex 0.388625442982 10.55788517 3.71855664253
    endloop
  endfacet
  facet normal -0.925270795822 -0.31823348999 0.206401050091
    outer loop
      vertex 0.40449437499 10.5380277634 3.68529677391
      vertex 0.388625442982 10.55788517 3.71855664253
      vertex 0.401537895203 10.5680379868 3.67442822456
    endloop
  endfacet
  facet normal -0.866385221481 -0.436105072498 0.243287831545
    outer loop
      vertex 0.40449437499 10.5380277634 3.68529677391
      vertex 0.401537895203 10.5680379868 3.67442822456
      vertex 0.422293156385 10.5458889008 3.64555120468
    endloop
  endfacet
  facet normal -0.857131242752 -0.437588572502 0.271739333868
    outer loop
      vertex 0.427696317434 10.5020427704 3.66219568253
      vertex 0.40449437499 10.5380277634 3.68529677391
      vertex 0.422293156385 10.5458889008 3.64555120468
    endloop
  endfacet
  facet normal -0.791096031666 -0.533143222332 0.29987552762
    outer loop
      vertex 0.422293156385 10.5458889008 3.64555120468
      vertex 0.447993814945 10.5141143799 3.62528800964
      vertex 0.427696317434 10.5020427704 3.66219568253
    endloop
  endfacet
  facet normal -0.795501708984 -0.532228827477 0.289671331644
    outer loop
      vertex 0.447993814945 10.5141143799 3.62528800964
      vertex 0.451169222593 10.4922246933 3.63245534897
      vertex 0.427696317434 10.5020427704 3.66219568253
    endloop
  endfacet
  facet normal -0.786161839962 -0.501041352749 0.361810952425
    outer loop
      vertex 0.456180483103 10.4713163376 3.63969087601
      vertex 0.427696317434 10.5020427704 3.66219568253
      vertex 0.451169222593 10.4922246933 3.63245534897
    endloop
  endfacet
  facet normal -0.563054680824 -0.729918181896 0.387542128563
    outer loop
      vertex 0.456180483103 10.4713163376 3.63969087601
      vertex 0.451169222593 10.4922246933 3.63245534897
      vertex 0.478307425976 10.4900503159 3.61267590523
    endloop
  endfacet
  facet normal -0.558131933212 -0.730295300484 0.393900424242
    outer loop
      vertex 0.489383965731 10.4508552551 3.62535119057
      vertex 0.456180483103 10.4713163376 3.63969087601
      vertex 0.478307425976 10.4900503159 3.61267590523
    endloop
  endfacet
  facet normal -0.473599523306 -0.790018558502 0.389325231314
    outer loop
      vertex 0.517119646072 10.4808158875 3.59395933151
      vertex 0.489383965731 10.4508552551 3.62535119057
      vertex 0.478307425976 10.4900503159 3.61267590523
    endloop
  endfacet
  facet normal -0.473528891802 -0.782083034515 0.405113011599
    outer loop
      vertex 0.478307425976 10.4900503159 3.61267590523
      vertex 0.498146593571 10.5063972473 3.5921959877
      vertex 0.517119646072 10.4808158875 3.59395933151
    endloop
  endfacet
  facet normal -0.266996622086 -0.927412331104 0.261952728033
    outer loop
      vertex 0.525098264217 10.5275421143 3.57846426964
      vertex 0.517119646072 10.4808158875 3.59395933151
      vertex 0.498146593571 10.5063972473 3.5921959877
    endloop
  endfacet
  facet normal -0.433469712734 -0.900587677956 0.0323399789631
    outer loop
      vertex 0.525098264217 10.5275421143 3.57846426964
      vertex 0.498146593571 10.5063972473 3.5921959877
      vertex 0.477927237749 10.530711174 3.60105490685
    endloop
  endfacet
  facet normal -0.604458749294 -0.764456033707 0.224135279655
    outer loop
      vertex 0.478307425976 10.4900503159 3.61267590523
      vertex 0.477927237749 10.530711174 3.60105490685
      vertex 0.498146593571 10.5063972473 3.5921959877
    endloop
  endfacet
  facet normal -0.528046250343 -0.815204799175 0.237924948335
    outer loop
      vertex 0.478307425976 10.4900503159 3.61267590523
      vertex 0.447993814945 10.5141143799 3.62528800964
      vertex 0.477927237749 10.530711174 3.60105490685
    endloop
  endfacet
  facet normal -0.489234000444 -0.815708100796 0.308659046888
    outer loop
      vertex 0.447993814945 10.5141143799 3.62528800964
      vertex 0.445245504379 10.5367250443 3.61838078499
      vertex 0.477927237749 10.530711174 3.60105490685
    endloop
  endfacet
  facet normal -0.48924356699 -0.815993964672 0.307887285948
    outer loop
      vertex 0.445245504379 10.5367250443 3.61838078499
      vertex 0.455097556114 10.5449762344 3.60936045647
      vertex 0.477927237749 10.530711174 3.60105490685
    endloop
  endfacet
  facet normal -0.655118465424 -0.754334151745 0.0424240157008
    outer loop
      vertex 0.445245504379 10.5367250443 3.61838078499
      vertex 0.439877897501 10.5607767105 3.62168979645
      vertex 0.455097556114 10.5449762344 3.60936045647
    endloop
  endfacet
  facet normal -0.775286614895 -0.625595510006 0.0869532600045
    outer loop
      vertex 0.439877897501 10.5607767105 3.62168979645
      vertex 0.445245504379 10.5367250443 3.61838078499
      vertex 0.422293156385 10.5458889008 3.64555120468
    endloop
  endfacet
  facet normal -0.779463350773 -0.621823728085 0.0759743452072
    outer loop
      vertex 0.439877897501 10.5607767105 3.62168979645
      vertex 0.422293156385 10.5458889008 3.64555120468
      vertex 0.431139022112 10.5775489807 3.63059473038
    endloop
  endfacet
  facet normal -0.539816558361 -0.826869666576 -0.157748728991
    outer loop
      vertex 0.431139022112 10.5775489807 3.63059473038
      vertex 0.463068842888 10.592918396 3.61268162727
      vertex 0.439877897501 10.5607767105 3.62168979645
    endloop
  endfacet
  facet normal -0.568538308144 -0.773803174496 -0.279271930456
    outer loop
      vertex 0.431139022112 10.5775489807 3.63059473038
      vertex 0.433512449265 10.6005935669 3.63716769218
      vertex 0.463068842888 10.592918396 3.61268162727
    endloop
  endfacet
  facet normal -0.53279542923 -0.7598695755 -0.372461110353
    outer loop
      vertex 0.463068842888 10.592918396 3.61268162727
      vertex 0.433512449265 10.6005935669 3.63716769218
      vertex 0.461631059647 10.6230859756 3.62847709656
    endloop
  endfacet
  facet normal -0.574009716511 -0.681218922138 -0.454371750355
    outer loop
      vertex 0.436385899782 10.6255521774 3.65139389038
      vertex 0.461631059647 10.6230859756 3.62847709656
      vertex 0.433512449265 10.6005935669 3.63716769218
    endloop
  endfacet
  facet normal -0.747195243835 -0.536725521088 -0.39195021987
    outer loop
      vertex 0.436385899782 10.6255521774 3.65139389038
      vertex 0.433512449265 10.6005935669 3.63716769218
      vertex 0.411944776773 10.6026802063 3.66871714592
    endloop
  endfacet
  facet normal -0.749249219894 -0.526291668415 -0.402048051357
    outer loop
      vertex 0.411944776773 10.6026802063 3.66871714592
      vertex 0.415670126677 10.635181427 3.68824219704
      vertex 0.436385899782 10.6255521774 3.65139389038
    endloop
  endfacet
  facet normal -0.696006238461 -0.52054131031 -0.494582742453
    outer loop
      vertex 0.436385899782 10.6255521774 3.65139389038
      vertex 0.415670126677 10.635181427 3.68824219704
      vertex 0.440286427736 10.6514892578 3.67082262039
    endloop
  endfacet
  facet normal -0.547399938107 -0.628221154213 -0.55289375782
    outer loop
      vertex 0.436385899782 10.6255521774 3.65139389038
      vertex 0.440286427736 10.6514892578 3.67082262039
      vertex 0.468723863363 10.6555767059 3.64964103699
    endloop
  endfacet
  facet normal -0.536312401295 -0.648878395557 -0.539746165276
    outer loop
      vertex 0.468723863363 10.6555767059 3.64964103699
      vertex 0.461631059647 10.6230859756 3.62847709656
      vertex 0.436385899782 10.6255521774 3.65139389038
    endloop
  endfacet
  facet normal -0.729408204556 -0.489369243383 -0.477997273207
    outer loop
      vertex 0.461631059647 10.6230859756 3.62847709656
      vertex 0.468723863363 10.6555767059 3.64964103699
      vertex 0.476929545403 10.6402902603 3.62247848511
    endloop
  endfacet
  facet normal -0.502326011658 -0.544831216335 -0.671436905861
    outer loop
      vertex 0.456371277571 10.6769800186 3.68740582466
      vertex 0.468723863363 10.6555767059 3.64964103699
      vertex 0.440286427736 10.6514892578 3.67082262039
    endloop
  endfacet
  facet normal -0.526140928268 -0.521807014942 -0.67148578167
    outer loop
      vertex 0.456371277571 10.6769800186 3.68740582466
      vertex 0.440286427736 10.6514892578 3.67082262039
      vertex 0.430031895638 10.6699438095 3.70490980148
    endloop
  endfacet
  facet normal -0.487379044294 -0.427297562361 -0.761497497559
    outer loop
      vertex 0.453729301691 10.6967115402 3.72558403015
      vertex 0.456371277571 10.6769800186 3.68740582466
      vertex 0.430031895638 10.6699438095 3.70490980148
    endloop
  endfacet
  facet normal -0.504027843475 -0.407932400703 -0.761279881001
    outer loop
      vertex 0.453729301691 10.6967115402 3.72558403015
      vertex 0.430031895638 10.6699438095 3.70490980148
      vertex 0.422988325357 10.6878252029 3.74698281288
    endloop
  endfacet
  facet normal -0.458136409521 -0.312595516443 -0.832102835178
    outer loop
      vertex 0.457512319088 10.7128734589 3.7630610466
      vertex 0.453729301691 10.6967115402 3.72558403015
      vertex 0.422988325357 10.6878252029 3.74698281288
    endloop
  endfacet
  facet normal -0.487810820341 -0.253775894642 -0.835247516632
    outer loop
      vertex 0.457512319088 10.7128734589 3.7630610466
      vertex 0.422988325357 10.6878252029 3.74698281288
      vertex 0.433872669935 10.7052268982 3.78333544731
    endloop
  endfacet
  facet normal -0.429329246283 -0.165765732527 -0.887805223465
    outer loop
      vertex 0.457512319088 10.7128734589 3.7630610466
      vertex 0.433872669935 10.7052268982 3.78333544731
      vertex 0.469017475843 10.7247476578 3.79686021805
    endloop
  endfacet
  facet normal -0.57682454586 -0.0889308527112 -0.812012791634
    outer loop
      vertex 0.469017475843 10.7247476578 3.79686021805
      vertex 0.479233682156 10.7294988632 3.77397608757
      vertex 0.457512319088 10.7128734589 3.7630610466
    endloop
  endfacet
  facet normal -0.47891715169 -0.302290767431 -0.824171483517
    outer loop
      vertex 0.495872944593 10.7278738022 3.74318408966
      vertex 0.457512319088 10.7128734589 3.7630610466
      vertex 0.479233682156 10.7294988632 3.77397608757
    endloop
  endfacet
  facet normal -0.420134752989 -0.272708117962 -0.865515470505
    outer loop
      vertex 0.495872944593 10.7278738022 3.74318408966
      vertex 0.479233682156 10.7294988632 3.77397608757
      vertex 0.508008420467 10.746588707 3.78388643265
    endloop
  endfacet
  facet normal -0.474049031734 -0.247234910727 -0.845075368881
    outer loop
      vertex 0.595149576664 10.7873497009 3.75612568855
      vertex 0.495872944593 10.7278738022 3.74318408966
      vertex 0.508008420467 10.746588707 3.78388643265
    endloop
  endfacet
  facet normal -0.486130356789 -0.350732713938 -0.800414800644
    outer loop
      vertex 0.595149576664 10.7873497009 3.75612568855
      vertex 0.508008420467 10.746588707 3.78388643265
      vertex 0.516867399216 10.7628555298 3.80872964859
    endloop
  endfacet
  facet normal -0.334091752768 -0.0591650046408 -0.940681755543
    outer loop
      vertex 0.595149576664 10.7873497009 3.75612568855
      vertex 0.516867399216 10.7628555298 3.80872964859
      vertex 0.538295209408 10.7724723816 3.84063911438
    endloop
  endfacet
  facet normal -0.161667749286 0.0645828172565 -0.984729707241
    outer loop
      vertex 0.722757458687 10.7981100082 3.91149234772
      vertex 0.595149576664 10.7873497009 3.75612568855
      vertex 0.538295209408 10.7724723816 3.84063911438
    endloop
  endfacet
  facet normal -0.239379867911 0.2876701653 -0.927331209183
    outer loop
      vertex 0.722757458687 10.7981100082 3.91149234772
      vertex 0.538295209408 10.7724723816 3.84063911438
      vertex 0.552058160305 10.763759613 3.88017916679
    endloop
  endfacet
  facet normal -0.259523928165 0.526976287365 -0.809285700321
    outer loop
      vertex 0.722757458687 10.7981100082 3.91149234772
      vertex 0.552058160305 10.763759613 3.88017916679
      vertex 0.56372988224 10.7447032928 3.91519165039
    endloop
  endfacet
  facet normal -0.223706841469 0.665357291698 -0.712218284607
    outer loop
      vertex 0.722757458687 10.7981100082 3.91149234772
      vertex 0.56372988224 10.7447032928 3.91519165039
      vertex 0.601723968983 10.6939783096 3.98226356506
    endloop
  endfacet
  facet normal -0.140756979585 0.735089957714 -0.663196921349
    outer loop
      vertex 0.722757458687 10.7981100082 3.91149234772
      vertex 0.601723968983 10.6939783096 3.98226356506
      vertex 0.826701700687 10.6251869202 4.08740663528
    endloop
  endfacet
  facet normal -0.247717306018 0.749655544758 -0.613720357418
    outer loop
      vertex 0.826701700687 10.6251869202 4.08740663528
      vertex 1.12678956985 10.9069433212 3.95590257645
      vertex 0.722757458687 10.7981100082 3.91149234772
    endloop
  endfacet
  facet normal -0.274588257074 0.526807010174 -0.804410099983
    outer loop
      vertex 1.12678956985 10.9069433212 3.95590257645
      vertex 0.789590597153 10.9147758484 3.76818490028
      vertex 0.722757458687 10.7981100082 3.91149234772
    endloop
  endfacet
  facet normal -0.523858964443 0.377373874187 -0.763649642467
    outer loop
      vertex 0.595149576664 10.7873497009 3.75612568855
      vertex 0.722757458687 10.7981100082 3.91149234772
      vertex 0.789590597153 10.9147758484 3.76818490028
    endloop
  endfacet
  facet normal -0.268530517817 0.516293168068 -0.813223659992
    outer loop
      vertex 0.789590597153 10.9147758484 3.76818490028
      vertex 1.12678956985 10.9069433212 3.95590257645
      vertex 1.06737220287 11.0036315918 3.77270412445
    endloop
  endfacet
  facet normal -0.208600953221 0.807419598103 -0.551868855953
    outer loop
      vertex 0.826701700687 10.6251869202 4.08740663528
      vertex 0.601723968983 10.6939783096 3.98226356506
      vertex 0.592262268066 10.6192789078 4.03087615967
    endloop
  endfacet
  facet normal -0.230209246278 0.922251164913 -0.310574471951
    outer loop
      vertex 0.826701700687 10.6251869202 4.08740663528
      vertex 0.592262268066 10.6192789078 4.03087615967
      vertex 0.595092177391 10.5129966736 4.06737375259
    endloop
  endfacet
  facet normal -0.187801703811 0.958017349243 -0.216640919447
    outer loop
      vertex 0.696987092495 10.2671394348 4.14294528961
      vertex 0.826701700687 10.6251869202 4.08740663528
      vertex 0.595092177391 10.5129966736 4.06737375259
    endloop
  endfacet
  facet normal -0.410817027092 0.905297577381 -0.108007840812
    outer loop
      vertex 0.696987092495 10.2671394348 4.14294528961
      vertex 0.595092177391 10.5129966736 4.06737375259
      vertex 0.552038192749 10.3915987015 4.06231975555
    endloop
  endfacet
  facet normal -0.666377305984 0.65869474411 0.349374473095
    outer loop
      vertex 0.696987092495 10.2671394348 4.14294528961
      vertex 0.552038192749 10.3915987015 4.06231975555
      vertex 0.570415079594 10.2477722168 4.0046248436
    endloop
  endfacet
  facet normal -0.736115038395 0.676530838013 0.0209935307503
    outer loop
      vertex 0.578458845615 10.1407365799 4.01005554199
      vertex 0.696987092495 10.2671394348 4.14294528961
      vertex 0.570415079594 10.2477722168 4.0046248436
    endloop
  endfacet
  facet normal -0.740891754627 0.58527469635 0.329443365335
    outer loop
      vertex 0.552038192749 10.3915987015 4.06231975555
      vertex 0.527975201607 10.3373413086 4.00131845474
      vertex 0.570415079594 10.2477722168 4.0046248436
    endloop
  endfacet
  facet normal -0.758380889893 0.556854665279 0.338779211044
    outer loop
      vertex 0.570415079594 10.2477722168 4.0046248436
      vertex 0.527975201607 10.3373413086 4.00131845474
      vertex 0.530328333378 10.2931575775 3.97764229774
    endloop
  endfacet
  facet normal -0.793808221817 0.237824201584 0.559739410877
    outer loop
      vertex 0.570415079594 10.2477722168 4.0046248436
      vertex 0.530328333378 10.2931575775 3.97764229774
      vertex 0.537771105766 10.2680883408 3.94348311424
    endloop
  endfacet
  facet normal -0.860055148602 0.329850643873 0.389234781265
    outer loop
      vertex 0.537771105766 10.2680883408 3.94348311424
      vertex 0.555743515491 10.216422081 3.9293756485
      vertex 0.570415079594 10.2477722168 4.0046248436
    endloop
  endfacet
  facet normal -0.920661747456 0.148809894919 0.360884428024
    outer loop
      vertex 0.555743515491 10.216422081 3.9293756485
      vertex 0.537771105766 10.2680883408 3.94348311424
      vertex 0.535231471062 10.258067131 3.9034678936
    endloop
  endfacet
  facet normal -0.904352962971 0.0318807661533 0.425592929125
    outer loop
      vertex 0.555743515491 10.216422081 3.9293756485
      vertex 0.535231471062 10.258067131 3.9034678936
      vertex 0.542241752148 10.2407302856 3.87087988853
    endloop
  endfacet
  facet normal -0.886356055737 0.0122475083917 0.462842255831
    outer loop
      vertex 0.566425979137 10.1941604614 3.86118483543
      vertex 0.555743515491 10.216422081 3.9293756485
      vertex 0.542241752148 10.2407302856 3.87087988853
    endloop
  endfacet
  facet normal -0.8862195611 0.0136541603133 0.463064223528
    outer loop
      vertex 0.566425979137 10.1941604614 3.86118483543
      vertex 0.542241752148 10.2407302856 3.87087988853
      vertex 0.544865012169 10.2345628738 3.83198547363
    endloop
  endfacet
  facet normal -0.850332081318 -0.0896300971508 0.518557429314
    outer loop
      vertex 0.566425979137 10.1941604614 3.86118483543
      vertex 0.544865012169 10.2345628738 3.83198547363
      vertex 0.556646823883 10.2212457657 3.79725766182
    endloop
  endfacet
  facet normal -0.904145956039 -0.153912842274 0.398535966873
    outer loop
      vertex 0.556646823883 10.2212457657 3.79725766182
      vertex 0.544865012169 10.2345628738 3.83198547363
      vertex 0.544100165367 10.2504768372 3.79527115822
    endloop
  endfacet
  facet normal -0.870175302029 -0.296386778355 0.393636673689
    outer loop
      vertex 0.556646823883 10.2212457657 3.79725766182
      vertex 0.544100165367 10.2504768372 3.79527115822
      vertex 0.561610221863 10.2373781204 3.76125979424
    endloop
  endfacet
  facet normal -0.836289286613 -0.240841820836 0.492560058832
    outer loop
      vertex 0.541677415371 10.270242691 3.76326012611
      vertex 0.561610221863 10.2373781204 3.76125979424
      vertex 0.544100165367 10.2504768372 3.79527115822
    endloop
  endfacet
  facet normal -0.778346776962 -0.286148518324 0.558833837509
    outer loop
      vertex 0.541677415371 10.270242691 3.76326012611
      vertex 0.544100165367 10.2504768372 3.79527115822
      vertex 0.525615215302 10.2771692276 3.79342198372
    endloop
  endfacet
  facet normal -0.745569825172 -0.255697369576 0.615422189236
    outer loop
      vertex 0.525615215302 10.2771692276 3.79342198372
      vertex 0.515841841698 10.2982187271 3.77125859261
      vertex 0.541677415371 10.270242691 3.76326012611
    endloop
  endfacet
  facet normal -0.738183021545 -0.33364957571 0.586313724518
    outer loop
      vertex 0.531812250614 10.2953081131 3.74103856087
      vertex 0.541677415371 10.270242691 3.76326012611
      vertex 0.515841841698 10.2982187271 3.77125859261
    endloop
  endfacet
  facet normal -0.709286630154 -0.3140668571 0.631089925766
    outer loop
      vertex 0.531812250614 10.2953081131 3.74103856087
      vertex 0.515841841698 10.2982187271 3.77125859261
      vertex 0.499913275242 10.3253927231 3.75262618065
    endloop
  endfacet
  facet normal -0.707605540752 -0.340680122375 0.619056880474
    outer loop
      vertex 0.531812250614 10.2953081131 3.74103856087
      vertex 0.499913275242 10.3253927231 3.75262618065
      vertex 0.520482778549 10.3195905685 3.72044634819
    endloop
  endfacet
  facet normal -0.678626298904 -0.372845381498 0.63281327486
    outer loop
      vertex 0.531812250614 10.2953081131 3.74103856087
      vertex 0.520482778549 10.3195905685 3.72044634819
      vertex 0.547150075436 10.2960786819 3.7118139267
    endloop
  endfacet
  facet normal -0.697471797466 -0.38203650713 0.606284797192
    outer loop
      vertex 0.531812250614 10.2953081131 3.74103856087
      vertex 0.547150075436 10.2960786819 3.7118139267
      vertex 0.568140745163 10.2618284225 3.72784662247
    endloop
  endfacet
  facet normal -0.697998821735 -0.376930981874 0.608868360519
    outer loop
      vertex 0.531812250614 10.2953081131 3.74103856087
      vertex 0.568140745163 10.2618284225 3.72784662247
      vertex 0.541677415371 10.270242691 3.76326012611
    endloop
  endfacet
  facet normal -0.767275869846 -0.46958553791 0.436780452728
    outer loop
      vertex 0.541677415371 10.270242691 3.76326012611
      vertex 0.568140745163 10.2618284225 3.72784662247
      vertex 0.561610221863 10.2373781204 3.76125979424
    endloop
  endfacet
  facet normal -0.644837081432 -0.459898203611 0.610474228859
    outer loop
      vertex 0.568590700626 10.2890806198 3.69104146957
      vertex 0.568140745163 10.2618284225 3.72784662247
      vertex 0.547150075436 10.2960786819 3.7118139267
    endloop
  endfacet
  facet normal -0.643008887768 -0.456510126591 0.614929378033
    outer loop
      vertex 0.568590700626 10.2890806198 3.69104146957
      vertex 0.547150075436 10.2960786819 3.7118139267
      vertex 0.540934383869 10.3198919296 3.68849253654
    endloop
  endfacet
  facet normal -0.624768555164 -0.497332364321 0.601934194565
    outer loop
      vertex 0.540934383869 10.3198919296 3.68849253654
      vertex 0.568677186966 10.3112001419 3.66416072845
      vertex 0.568590700626 10.2890806198 3.69104146957
    endloop
  endfacet
  facet normal -0.670619487762 -0.434882372618 0.600954949856
    outer loop
      vertex 0.540934383869 10.3198919296 3.68849253654
      vertex 0.547150075436 10.2960786819 3.7118139267
      vertex 0.520482778549 10.3195905685 3.72044634819
    endloop
  endfacet
  facet normal -0.658452510834 -0.427270531654 0.619580626488
    outer loop
      vertex 0.509096384048 10.3450574875 3.7010641098
      vertex 0.540934383869 10.3198919296 3.68849253654
      vertex 0.520482778549 10.3195905685 3.72044634819
    endloop
  endfacet
  facet normal -0.683763623238 -0.400111794472 0.610227704048
    outer loop
      vertex 0.520482778549 10.3195905685 3.72044634819
      vertex 0.49849230051 10.339099884 3.72827267647
      vertex 0.509096384048 10.3450574875 3.7010641098
    endloop
  endfacet
  facet normal -0.652850210667 -0.395857512951 0.645819962025
    outer loop
      vertex 0.509096384048 10.3450574875 3.7010641098
      vertex 0.49849230051 10.339099884 3.72827267647
      vertex 0.484814554453 10.359837532 3.71699738503
    endloop
  endfacet
  facet normal -0.65838599205 -0.430911719799 0.617124736309
    outer loop
      vertex 0.488227546215 10.3716506958 3.69486498833
      vertex 0.509096384048 10.3450574875 3.7010641098
      vertex 0.484814554453 10.359837532 3.71699738503
    endloop
  endfacet
  facet normal -0.785649955273 -0.381223201752 0.487260729074
    outer loop
      vertex 0.488227546215 10.3716506958 3.69486498833
      vertex 0.484814554453 10.359837532 3.71699738503
      vertex 0.466960906982 10.3790836334 3.72919249535
    endloop
  endfacet
  facet normal -0.759367108345 -0.351948976517 0.547260046005
    outer loop
      vertex 0.466960906982 10.3790836334 3.72919249535
      vertex 0.459926396608 10.3992843628 3.71295905113
      vertex 0.488227546215 10.3716506958 3.69486498833
    endloop
  endfacet
  facet normal -0.758727252483 -0.390747517347 0.521199941635
    outer loop
      vertex 0.485071212053 10.3921661377 3.67362833023
      vertex 0.488227546215 10.3716506958 3.69486498833
      vertex 0.459926396608 10.3992843628 3.71295905113
    endloop
  endfacet
  facet normal -0.747823357582 -0.379519194365 0.544725060463
    outer loop
      vertex 0.485071212053 10.3921661377 3.67362833023
      vertex 0.459926396608 10.3992843628 3.71295905113
      vertex 0.453666508198 10.4217939377 3.69298601151
    endloop
  endfacet
  facet normal -0.747912049294 -0.352642118931 0.562379837036
    outer loop
      vertex 0.485071212053 10.3921661377 3.67362833023
      vertex 0.453666508198 10.4217939377 3.69298601151
      vertex 0.476130753756 10.4104919434 3.66336512566
    endloop
  endfacet
  facet normal -0.831314444542 -0.280328124762 0.479929596186
    outer loop
      vertex 0.453666508198 10.4217939377 3.69298601151
      vertex 0.459926396608 10.3992843628 3.71295905113
      vertex 0.433942914009 10.4296541214 3.73801827431
    endloop
  endfacet
  facet normal -0.830686271191 -0.279810756445 0.481317222118
    outer loop
      vertex 0.426395207644 10.4525775909 3.72099351883
      vertex 0.453666508198 10.4217939377 3.69298601151
      vertex 0.433942914009 10.4296541214 3.73801827431
    endloop
  endfacet
  facet normal -0.872832655907 -0.207679882646 0.441624492407
    outer loop
      vertex 0.426395207644 10.4525775909 3.72099351883
      vertex 0.433942914009 10.4296541214 3.73801827431
      vertex 0.410756140947 10.4628334045 3.76491355896
    endloop
  endfacet
  facet normal -0.868450284004 -0.203697353601 0.451997220516
    outer loop
      vertex 0.426395207644 10.4525775909 3.72099351883
      vertex 0.410756140947 10.4628334045 3.76491355896
      vertex 0.403415501118 10.4859828949 3.74484109879
    endloop
  endfacet
  facet normal -0.870712161064 -0.230436876416 0.434464305639
    outer loop
      vertex 0.426395207644 10.4525775909 3.72099351883
      vertex 0.403415501118 10.4859828949 3.74484109879
      vertex 0.419669777155 10.4711523056 3.71138548851
    endloop
  endfacet
  facet normal -0.915836215019 -0.110356174409 0.386090040207
    outer loop
      vertex 0.403415501118 10.4859828949 3.74484109879
      vertex 0.410756140947 10.4628334045 3.76491355896
      vertex 0.391776800156 10.4999504089 3.79256391525
    endloop
  endfacet
  facet normal -0.929460525513 -0.125101029873 0.347063243389
    outer loop
      vertex 0.391776800156 10.4999504089 3.79256391525
      vertex 0.386784613132 10.5205488205 3.77250766754
      vertex 0.403415501118 10.4859828949 3.74484109879
    endloop
  endfacet
  facet normal -0.967311322689 -0.0189512465149 0.252882689238
    outer loop
      vertex 0.386784613132 10.5205488205 3.77250766754
      vertex 0.391776800156 10.4999504089 3.79256391525
      vertex 0.382604748011 10.5343542099 3.80164170265
    endloop
  endfacet
  facet normal -0.969078600407 -0.0226012263447 0.245715051889
    outer loop
      vertex 0.386784613132 10.5205488205 3.77250766754
      vertex 0.382604748011 10.5343542099 3.80164170265
      vertex 0.380452185869 10.5458955765 3.76846647263
    endloop
  endfacet
  facet normal -0.991810500622 0.0204982757568 0.126062557101
    outer loop
      vertex 0.378089725971 10.570646286 3.8063724041
      vertex 0.380452185869 10.5458955765 3.76846647263
      vertex 0.382604748011 10.5343542099 3.80164170265
    endloop
  endfacet
  facet normal -0.987919449806 0.0791593566537 0.133225351572
    outer loop
      vertex 0.378089725971 10.570646286 3.8063724041
      vertex 0.382604748011 10.5343542099 3.80164170265
      vertex 0.382984757423 10.5552892685 3.84161734581
    endloop
  endfacet
  facet normal -0.990303337574 0.138887539506 -0.00309359817766
    outer loop
      vertex 0.378089725971 10.570646286 3.8063724041
      vertex 0.382984757423 10.5552892685 3.84161734581
      vertex 0.384726524353 10.5887479782 3.85329151154
    endloop
  endfacet
  facet normal -0.989554166794 0.143817171454 0.00995824392885
    outer loop
      vertex 0.384726524353 10.5887479782 3.85329151154
      vertex 0.380953520536 10.6080722809 3.82866883278
      vertex 0.378089725971 10.570646286 3.8063724041
    endloop
  endfacet
  facet normal -0.99749559164 0.0563349500299 -0.0427656769753
    outer loop
      vertex 0.379204839468 10.6189823151 3.78942346573
      vertex 0.378089725971 10.570646286 3.8063724041
      vertex 0.380953520536 10.6080722809 3.82866883278
    endloop
  endfacet
  facet normal -0.989493370056 0.0779412761331 -0.12177028507
    outer loop
      vertex 0.380953520536 10.6080722809 3.82866883278
      vertex 0.384466379881 10.6390857697 3.82481360435
      vertex 0.379204839468 10.6189823151 3.78942346573
    endloop
  endfacet
  facet normal -0.952224493027 -0.0310094729066 -0.303820550442
    outer loop
      vertex 0.384466379881 10.6390857697 3.82481360435
      vertex 0.388078391552 10.6480836868 3.80206394196
      vertex 0.379204839468 10.6189823151 3.78942346573
    endloop
  endfacet
  facet normal -0.961061179638 0.0482406280935 -0.272092401981
    outer loop
      vertex 0.379204839468 10.6189823151 3.78942346573
      vertex 0.388078391552 10.6480836868 3.80206394196
      vertex 0.382519215345 10.6353979111 3.76286792755
    endloop
  endfacet
  facet normal -0.990517318249 -0.0429598987103 -0.130498692393
    outer loop
      vertex 0.379204839468 10.6189823151 3.78942346573
      vertex 0.382519215345 10.6353979111 3.76286792755
      vertex 0.376887470484 10.5962791443 3.77388834953
    endloop
  endfacet
  facet normal -0.995870351791 0.076020039618 -0.0496306568384
    outer loop
      vertex 0.378089725971 10.570646286 3.8063724041
      vertex 0.379204839468 10.6189823151 3.78942346573
      vertex 0.376887470484 10.5962791443 3.77388834953
    endloop
  endfacet
  facet normal -0.999445617199 0.0127069177106 0.0307724568993
    outer loop
      vertex 0.378089725971 10.570646286 3.8063724041
      vertex 0.376887470484 10.5962791443 3.77388834953
      vertex 0.377396762371 10.572974205 3.75750517845
    endloop
  endfacet
  facet normal -0.994050621986 0.00892567075789 0.108552768826
    outer loop
      vertex 0.377396762371 10.572974205 3.75750517845
      vertex 0.380452185869 10.5458955765 3.76846647263
      vertex 0.378089725971 10.570646286 3.8063724041
    endloop
  endfacet
  facet normal -0.960441350937 -0.203063204885 0.190572142601
    outer loop
      vertex 0.377396762371 10.572974205 3.75750517845
      vertex 0.388625442982 10.55788517 3.71855664253
      vertex 0.380452185869 10.5458955765 3.76846647263
    endloop
  endfacet
  facet normal -0.96565836668 -0.238205105066 0.10374122858
    outer loop
      vertex 0.388625442982 10.55788517 3.71855664253
      vertex 0.377396762371 10.572974205 3.75750517845
      vertex 0.382682681084 10.5813941956 3.73240947723
    endloop
  endfacet
  facet normal -0.938517808914 -0.343466877937 0.0348537415266
    outer loop
      vertex 0.388625442982 10.55788517 3.71855664253
      vertex 0.382682681084 10.5813941956 3.73240947723
      vertex 0.391173481941 10.5900659561 3.70832848549
    endloop
  endfacet
  facet normal -0.958766341209 -0.28383564949 0.0142978895456
    outer loop
      vertex 0.391173481941 10.5900659561 3.70832848549
      vertex 0.401537895203 10.5680379868 3.67442822456
      vertex 0.388625442982 10.55788517 3.71855664253
    endloop
  endfacet
  facet normal -0.892388045788 -0.403775781393 -0.20151591301
    outer loop
      vertex 0.411944776773 10.6026802063 3.66871714592
      vertex 0.401537895203 10.5680379868 3.67442822456
      vertex 0.391173481941 10.5900659561 3.70832848549
    endloop
  endfacet
  facet normal -0.891921043396 -0.401390850544 -0.208236098289
    outer loop
      vertex 0.411944776773 10.6026802063 3.66871714592
      vertex 0.391173481941 10.5900659561 3.70832848549
      vertex 0.401537269354 10.6132411957 3.6973221302
    endloop
  endfacet
  facet normal -0.828827440739 -0.432568430901 -0.3548656106
    outer loop
      vertex 0.411944776773 10.6026802063 3.66871714592
      vertex 0.401537269354 10.6132411957 3.6973221302
      vertex 0.415670126677 10.635181427 3.68824219704
    endloop
  endfacet
  facet normal -0.806005060673 -0.503820896149 -0.310677200556
    outer loop
      vertex 0.399698138237 10.6348800659 3.71360778809
      vertex 0.415670126677 10.635181427 3.68824219704
      vertex 0.401537269354 10.6132411957 3.6973221302
    endloop
  endfacet
  facet normal -0.895794987679 -0.38836684823 -0.216153994203
    outer loop
      vertex 0.399698138237 10.6348800659 3.71360778809
      vertex 0.401537269354 10.6132411957 3.6973221302
      vertex 0.391173481941 10.5900659561 3.70832848549
    endloop
  endfacet
  facet normal -0.889992773533 -0.401261210442 -0.216569319367
    outer loop
      vertex 0.399698138237 10.6348800659 3.71360778809
      vertex 0.391173481941 10.5900659561 3.70832848549
      vertex 0.389977186918 10.632563591 3.73391842842
    endloop
  endfacet
  facet normal -0.817114710808 -0.33779668808 -0.467136919498
    outer loop
      vertex 0.399698138237 10.6348800659 3.71360778809
      vertex 0.389977186918 10.632563591 3.73391842842
      vertex 0.409343808889 10.6585855484 3.72305798531
    endloop
  endfacet
  facet normal -0.74216735363 -0.461540222168 -0.485971391201
    outer loop
      vertex 0.399698138237 10.6348800659 3.71360778809
      vertex 0.409343808889 10.6585855484 3.72305798531
      vertex 0.415670126677 10.635181427 3.68824219704
    endloop
  endfacet
  facet normal -0.706296920776 -0.478838562965 -0.521400332451
    outer loop
      vertex 0.415670126677 10.635181427 3.68824219704
      vertex 0.409343808889 10.6585855484 3.72305798531
      vertex 0.430031895638 10.6699438095 3.70490980148
    endloop
  endfacet
  facet normal -0.695295453072 -0.492536693811 -0.523423135281
    outer loop
      vertex 0.415670126677 10.635181427 3.68824219704
      vertex 0.430031895638 10.6699438095 3.70490980148
      vertex 0.440286427736 10.6514892578 3.67082262039
    endloop
  endfacet
  facet normal -0.678691029549 -0.380579799414 -0.628122150898
    outer loop
      vertex 0.409343808889 10.6585855484 3.72305798531
      vertex 0.422988325357 10.6878252029 3.74698281288
      vertex 0.430031895638 10.6699438095 3.70490980148
    endloop
  endfacet
  facet normal -0.703825712204 -0.352405637503 -0.616797864437
    outer loop
      vertex 0.409343808889 10.6585855484 3.72305798531
      vertex 0.400059849024 10.6619091034 3.74741578102
      vertex 0.422988325357 10.6878252029 3.74698281288
    endloop
  endfacet
  facet normal -0.741246581078 -0.15449886024 -0.653210222721
    outer loop
      vertex 0.403929024935 10.6738901138 3.77950930595
      vertex 0.422988325357 10.6878252029 3.74698281288
      vertex 0.400059849024 10.6619091034 3.74741578102
    endloop
  endfacet
  facet normal -0.853701293468 -0.0886567607522 -0.513160824776
    outer loop
      vertex 0.403929024935 10.6738901138 3.77950930595
      vertex 0.400059849024 10.6619091034 3.74741578102
      vertex 0.382519215345 10.6353979111 3.76286792755
    endloop
  endfacet
  facet normal -0.866113960743 -0.0384627431631 -0.498364597559
    outer loop
      vertex 0.403929024935 10.6738901138 3.77950930595
      vertex 0.382519215345 10.6353979111 3.76286792755
      vertex 0.388078391552 10.6480836868 3.80206394196
    endloop
  endfacet
  facet normal -0.866124212742 -0.0384931154549 -0.498344361782
    outer loop
      vertex 0.403929024935 10.6738901138 3.77950930595
      vertex 0.388078391552 10.6480836868 3.80206394196
      vertex 0.40094062686 10.6716003418 3.81710672379
    endloop
  endfacet
  facet normal -0.720416128635 -0.0150337191299 -0.693379104137
    outer loop
      vertex 0.403929024935 10.6738901138 3.77950930595
      vertex 0.40094062686 10.6716003418 3.81710672379
      vertex 0.43222618103 10.704003334 3.81234908104
    endloop
  endfacet
  facet normal -0.722223460674 -0.0118074072525 -0.691559016705
    outer loop
      vertex 0.43222618103 10.704003334 3.81234908104
      vertex 0.433872669935 10.7052268982 3.78333544731
      vertex 0.403929024935 10.6738901138 3.77950930595
    endloop
  endfacet
  facet normal -0.710524260998 -0.119237467647 -0.693496704102
    outer loop
      vertex 0.403929024935 10.6738901138 3.77950930595
      vertex 0.433872669935 10.7052268982 3.78333544731
      vertex 0.422988325357 10.6878252029 3.74698281288
    endloop
  endfacet
  facet normal -0.488221794367 0.0091131683439 -0.872672021389
    outer loop
      vertex 0.43222618103 10.704003334 3.81234908104
      vertex 0.469017475843 10.7247476578 3.79686021805
      vertex 0.433872669935 10.7052268982 3.78333544731
    endloop
  endfacet
  facet normal -0.471082240343 0.0597269460559 -0.88006490469
    outer loop
      vertex 0.469017475843 10.7247476578 3.79686021805
      vertex 0.43222618103 10.704003334 3.81234908104
      vertex 0.47486653924 10.7251491547 3.83708548546
    endloop
  endfacet
  facet normal -0.619238257408 0.0822585225105 -0.780882537365
    outer loop
      vertex 0.47486653924 10.7251491547 3.83708548546
      vertex 0.500334978104 10.7472047806 3.81942796707
      vertex 0.469017475843 10.7247476578 3.79686021805
    endloop
  endfacet
  facet normal -0.516431868076 -0.126182228327 -0.846980631351
    outer loop
      vertex 0.508008420467 10.746588707 3.78388643265
      vertex 0.469017475843 10.7247476578 3.79686021805
      vertex 0.500334978104 10.7472047806 3.81942796707
    endloop
  endfacet
  facet normal -0.733192503452 -0.169713228941 -0.658502995968
    outer loop
      vertex 0.500334978104 10.7472047806 3.81942796707
      vertex 0.516867399216 10.7628555298 3.80872964859
      vertex 0.508008420467 10.746588707 3.78388643265
    endloop
  endfacet
  facet normal -0.61261087656 0.179381042719 -0.769759893417
    outer loop
      vertex 0.500334978104 10.7472047806 3.81942796707
      vertex 0.538295209408 10.7724723816 3.84063911438
      vertex 0.516867399216 10.7628555298 3.80872964859
    endloop
  endfacet
  facet normal -0.593886733055 0.11412037164 -0.796413898468
    outer loop
      vertex 0.500334978104 10.7472047806 3.81942796707
      vertex 0.504151582718 10.7470979691 3.84004068375
      vertex 0.538295209408 10.7724723816 3.84063911438
    endloop
  endfacet
  facet normal -0.571083664894 0.307373344898 -0.76117348671
    outer loop
      vertex 0.510154008865 10.7428627014 3.86167955399
      vertex 0.538295209408 10.7724723816 3.84063911438
      vertex 0.504151582718 10.7470979691 3.84004068375
    endloop
  endfacet
  facet normal -0.590078890324 0.309599399567 -0.74562394619
    outer loop
      vertex 0.510154008865 10.7428627014 3.86167955399
      vertex 0.504151582718 10.7470979691 3.84004068375
      vertex 0.47486653924 10.7251491547 3.83708548546
    endloop
  endfacet
  facet normal -0.576489329338 0.272242873907 -0.7704179883
    outer loop
      vertex 0.47486653924 10.7251491547 3.83708548546
      vertex 0.475945800543 10.7109823227 3.87946081161
      vertex 0.510154008865 10.7428627014 3.86167955399
    endloop
  endfacet
  facet normal -0.514889061451 0.383801281452 -0.766541481018
    outer loop
      vertex 0.52078294754 10.7345752716 3.89249181747
      vertex 0.510154008865 10.7428627014 3.86167955399
      vertex 0.475945800543 10.7109823227 3.87946081161
    endloop
  endfacet
  facet normal -0.515197217464 0.412566542625 -0.751239418983
    outer loop
      vertex 0.500456571579 10.7120685577 3.90809082985
      vertex 0.52078294754 10.7345752716 3.89249181747
      vertex 0.475945800543 10.7109823227 3.87946081161
    endloop
  endfacet
  facet normal -0.488384664059 0.388467639685 -0.781391918659
    outer loop
      vertex 0.476727575064 10.6960887909 3.9104013443
      vertex 0.500456571579 10.7120685577 3.90809082985
      vertex 0.475945800543 10.7109823227 3.87946081161
    endloop
  endfacet
  facet normal -0.497498005629 0.386413782835 -0.776646733284
    outer loop
      vertex 0.45518669486 10.6875514984 3.8998260498
      vertex 0.476727575064 10.6960887909 3.9104013443
      vertex 0.475945800543 10.7109823227 3.87946081161
    endloop
  endfacet
  facet normal -0.438533455133 0.448801368475 -0.778630673885
    outer loop
      vertex 0.475945800543 10.7109823227 3.87946081161
      vertex 0.436403632164 10.6898698807 3.87745213509
      vertex 0.45518669486 10.6875514984 3.8998260498
    endloop
  endfacet
  facet normal -0.490804105997 0.486872881651 -0.722541451454
    outer loop
      vertex 0.429077535868 10.6688756943 3.90122246742
      vertex 0.45518669486 10.6875514984 3.8998260498
      vertex 0.436403632164 10.6898698807 3.87745213509
    endloop
  endfacet
  facet normal -0.670954823494 0.363836586475 -0.646097958088
    outer loop
      vertex 0.400897800922 10.6634740829 3.85884785652
      vertex 0.429077535868 10.6688756943 3.90122246742
      vertex 0.436403632164 10.6898698807 3.87745213509
    endloop
  endfacet
  facet normal -0.660153329372 0.260173946619 -0.70463258028
    outer loop
      vertex 0.433849155903 10.6982507706 3.84827113152
      vertex 0.400897800922 10.6634740829 3.85884785652
      vertex 0.436403632164 10.6898698807 3.87745213509
    endloop
  endfacet
  facet normal -0.463000953197 0.281892389059 -0.840337336063
    outer loop
      vertex 0.433849155903 10.6982507706 3.84827113152
      vertex 0.436403632164 10.6898698807 3.87745213509
      vertex 0.475945800543 10.7109823227 3.87946081161
    endloop
  endfacet
  facet normal -0.467920958996 0.290907680988 -0.834519445896
    outer loop
      vertex 0.433849155903 10.6982507706 3.84827113152
      vertex 0.475945800543 10.7109823227 3.87946081161
      vertex 0.47486653924 10.7251491547 3.83708548546
    endloop
  endfacet
  facet normal -0.510889232159 0.158379480243 -0.844930827618
    outer loop
      vertex 0.433849155903 10.6982507706 3.84827113152
      vertex 0.47486653924 10.7251491547 3.83708548546
      vertex 0.43222618103 10.704003334 3.81234908104
    endloop
  endfacet
  facet normal -0.701338410378 0.143494039774 -0.69823628664
    outer loop
      vertex 0.433849155903 10.6982507706 3.84827113152
      vertex 0.43222618103 10.704003334 3.81234908104
      vertex 0.40094062686 10.6716003418 3.81710672379
    endloop
  endfacet
  facet normal -0.69814068079 0.136129200459 -0.702899992466
    outer loop
      vertex 0.400897800922 10.6634740829 3.85884785652
      vertex 0.433849155903 10.6982507706 3.84827113152
      vertex 0.40094062686 10.6716003418 3.81710672379
    endloop
  endfacet
  facet normal -0.879651010036 0.0900206714869 -0.467022895813
    outer loop
      vertex 0.40094062686 10.6716003418 3.81710672379
      vertex 0.384466379881 10.6390857697 3.82481360435
      vertex 0.400897800922 10.6634740829 3.85884785652
    endloop
  endfacet
  facet normal -0.927204549313 0.244018450379 -0.284159779549
    outer loop
      vertex 0.400897800922 10.6634740829 3.85884785652
      vertex 0.384466379881 10.6390857697 3.82481360435
      vertex 0.388652265072 10.6239767075 3.85831308365
    endloop
  endfacet
  facet normal -0.903852880001 0.327088803053 -0.275795012712
    outer loop
      vertex 0.400897800922 10.6634740829 3.85884785652
      vertex 0.388652265072 10.6239767075 3.85831308365
      vertex 0.407657623291 10.6448230743 3.89325404167
    endloop
  endfacet
  facet normal -0.740996718407 0.426676750183 -0.518527567387
    outer loop
      vertex 0.429077535868 10.6688756943 3.90122246742
      vertex 0.400897800922 10.6634740829 3.85884785652
      vertex 0.407657623291 10.6448230743 3.89325404167
    endloop
  endfacet
  facet normal -0.708780407906 0.541865944862 -0.451676487923
    outer loop
      vertex 0.429077535868 10.6688756943 3.90122246742
      vertex 0.407657623291 10.6448230743 3.89325404167
      vertex 0.431229382753 10.6416101456 3.92676472664
    endloop
  endfacet
  facet normal -0.464072316885 0.664430618286 -0.585806131363
    outer loop
      vertex 0.465177863836 10.6695108414 3.92587685585
      vertex 0.429077535868 10.6688756943 3.90122246742
      vertex 0.431229382753 10.6416101456 3.92676472664
    endloop
  endfacet
  facet normal -0.455545932055 0.678843379021 -0.575890302658
    outer loop
      vertex 0.431229382753 10.6416101456 3.92676472664
      vertex 0.465670257807 10.6436710358 3.948127985
      vertex 0.465177863836 10.6695108414 3.92587685585
    endloop
  endfacet
  facet normal -0.435851514339 0.686090350151 -0.58250617981
    outer loop
      vertex 0.500734746456 10.6591367722 3.95727300644
      vertex 0.465177863836 10.6695108414 3.92587685585
      vertex 0.465670257807 10.6436710358 3.948127985
    endloop
  endfacet
  facet normal -0.416275650263 0.764954507351 -0.491486757994
    outer loop
      vertex 0.500734746456 10.6591367722 3.95727300644
      vertex 0.465670257807 10.6436710358 3.948127985
      vertex 0.477514117956 10.6199951172 3.96978521347
    endloop
  endfacet
  facet normal -0.424994051456 0.758190631866 -0.49449673295
    outer loop
      vertex 0.500734746456 10.6591367722 3.95727300644
      vertex 0.477514117956 10.6199951172 3.96978521347
      vertex 0.510981738567 10.6287965775 3.98280501366
    endloop
  endfacet
  facet normal -0.379324764013 0.767078638077 -0.517400324345
    outer loop
      vertex 0.500734746456 10.6591367722 3.95727300644
      vertex 0.510981738567 10.6287965775 3.98280501366
      vertex 0.542201459408 10.6452789307 3.98712539673
    endloop
  endfacet
  facet normal -0.365672111511 0.758397400379 -0.539552867413
    outer loop
      vertex 0.500734746456 10.6591367722 3.95727300644
      vertex 0.542201459408 10.6452789307 3.98712539673
      vertex 0.538842201233 10.6736221313 3.96534132957
    endloop
  endfacet
  facet normal -0.377885788679 0.702921032906 -0.602581441402
    outer loop
      vertex 0.500734746456 10.6591367722 3.95727300644
      vertex 0.538842201233 10.6736221313 3.96534132957
      vertex 0.525791883469 10.698682785 3.93684220314
    endloop
  endfacet
  facet normal -0.377699762583 0.70306032896 -0.602535545826
    outer loop
      vertex 0.500734746456 10.6591367722 3.95727300644
      vertex 0.525791883469 10.698682785 3.93684220314
      vertex 0.493254899979 10.686173439 3.93008351326
    endloop
  endfacet
  facet normal -0.442855924368 0.690517067909 -0.571895778179
    outer loop
      vertex 0.500734746456 10.6591367722 3.95727300644
      vertex 0.493254899979 10.686173439 3.93008351326
      vertex 0.465177863836 10.6695108414 3.92587685585
    endloop
  endfacet
  facet normal -0.449377864599 0.673190712929 -0.587259531021
    outer loop
      vertex 0.476727575064 10.6960887909 3.9104013443
      vertex 0.465177863836 10.6695108414 3.92587685585
      vertex 0.493254899979 10.686173439 3.93008351326
    endloop
  endfacet
  facet normal -0.379746556282 0.650322794914 -0.657930731773
    outer loop
      vertex 0.476727575064 10.6960887909 3.9104013443
      vertex 0.493254899979 10.686173439 3.93008351326
      vertex 0.500456571579 10.7120685577 3.90809082985
    endloop
  endfacet
  facet normal -0.387000620365 0.646919846535 -0.657058060169
    outer loop
      vertex 0.525791883469 10.698682785 3.93684220314
      vertex 0.500456571579 10.7120685577 3.90809082985
      vertex 0.493254899979 10.686173439 3.93008351326
    endloop
  endfacet
  facet normal -0.511277258396 0.689420640469 -0.513122558594
    outer loop
      vertex 0.525791883469 10.698682785 3.93684220314
      vertex 0.522537827492 10.7295007706 3.9114921093
      vertex 0.500456571579 10.7120685577 3.90809082985
    endloop
  endfacet
  facet normal -0.623039543629 0.255029082298 -0.739446997643
    outer loop
      vertex 0.52078294754 10.7345752716 3.89249181747
      vertex 0.500456571579 10.7120685577 3.90809082985
      vertex 0.522537827492 10.7295007706 3.9114921093
    endloop
  endfacet
  facet normal -0.354607999325 0.271692574024 -0.894671082497
    outer loop
      vertex 0.52078294754 10.7345752716 3.89249181747
      vertex 0.522537827492 10.7295007706 3.9114921093
      vertex 0.56372988224 10.7447032928 3.91519165039
    endloop
  endfacet
  facet normal -0.45213162899 0.537946820259 -0.711470484734
    outer loop
      vertex 0.52078294754 10.7345752716 3.89249181747
      vertex 0.56372988224 10.7447032928 3.91519165039
      vertex 0.552058160305 10.763759613 3.88017916679
    endloop
  endfacet
  facet normal -0.542708575726 0.387636244297 -0.745121181011
    outer loop
      vertex 0.52078294754 10.7345752716 3.89249181747
      vertex 0.552058160305 10.763759613 3.88017916679
      vertex 0.510154008865 10.7428627014 3.86167955399
    endloop
  endfacet
  facet normal -0.538097798824 0.355689585209 -0.76415681839
    outer loop
      vertex 0.538295209408 10.7724723816 3.84063911438
      vertex 0.510154008865 10.7428627014 3.86167955399
      vertex 0.552058160305 10.763759613 3.88017916679
    endloop
  endfacet
  facet normal -0.285760492086 0.754668354988 -0.590606987476
    outer loop
      vertex 0.525791883469 10.698682785 3.93684220314
      vertex 0.56372988224 10.7447032928 3.91519165039
      vertex 0.522537827492 10.7295007706 3.9114921093
    endloop
  endfacet
  facet normal -0.370645105839 0.68461984396 -0.627628743649
    outer loop
      vertex 0.56372988224 10.7447032928 3.91519165039
      vertex 0.525791883469 10.698682785 3.93684220314
      vertex 0.601723968983 10.6939783096 3.98226356506
    endloop
  endfacet
  facet normal -0.383179038763 0.702663183212 -0.599531769753
    outer loop
      vertex 0.601723968983 10.6939783096 3.98226356506
      vertex 0.525791883469 10.698682785 3.93684220314
      vertex 0.538842201233 10.6736221313 3.96534132957
    endloop
  endfacet
  facet normal -0.376816898584 0.755468904972 -0.535981178284
    outer loop
      vertex 0.601723968983 10.6939783096 3.98226356506
      vertex 0.538842201233 10.6736221313 3.96534132957
      vertex 0.542201459408 10.6452789307 3.98712539673
    endloop
  endfacet
  facet normal -0.378697305918 0.753061890602 -0.538039207458
    outer loop
      vertex 0.601723968983 10.6939783096 3.98226356506
      vertex 0.542201459408 10.6452789307 3.98712539673
      vertex 0.592262268066 10.6192789078 4.03087615967
    endloop
  endfacet
  facet normal -0.423361778259 0.769030272961 -0.478912562132
    outer loop
      vertex 0.592262268066 10.6192789078 4.03087615967
      vertex 0.542201459408 10.6452789307 3.98712539673
      vertex 0.538100242615 10.6110954285 4.00615549088
    endloop
  endfacet
  facet normal -0.431696116924 0.825376629829 -0.363856911659
    outer loop
      vertex 0.592262268066 10.6192789078 4.03087615967
      vertex 0.538100242615 10.6110954285 4.00615549088
      vertex 0.538492560387 10.5671854019 4.02571773529
    endloop
  endfacet
  facet normal -0.368613302708 0.882158756256 -0.293121427298
    outer loop
      vertex 0.538492560387 10.5671854019 4.02571773529
      vertex 0.595092177391 10.5129966736 4.06737375259
      vertex 0.592262268066 10.6192789078 4.03087615967
    endloop
  endfacet
  facet normal -0.330208390951 0.882910788059 -0.333812773228
    outer loop
      vertex 0.538492560387 10.5671854019 4.02571773529
      vertex 0.537370145321 10.5239505768 4.04164457321
      vertex 0.595092177391 10.5129966736 4.06737375259
    endloop
  endfacet
  facet normal -0.387533038855 0.915479779243 -0.108235552907
    outer loop
      vertex 0.527355253696 10.4883298874 4.04161643982
      vertex 0.595092177391 10.5129966736 4.06737375259
      vertex 0.537370145321 10.5239505768 4.04164457321
    endloop
  endfacet
  facet normal -0.242265716195 0.967869341373 -0.0673513710499
    outer loop
      vertex 0.537370145321 10.5239505768 4.04164457321
      vertex 0.518275678158 10.5097646713 4.03785228729
      vertex 0.527355253696 10.4883298874 4.04161643982
    endloop
  endfacet
  facet normal -0.456081688404 0.889166772366 0.0370395667851
    outer loop
      vertex 0.504741728306 10.5016021729 4.03057003021
      vertex 0.527355253696 10.4883298874 4.04161643982
      vertex 0.518275678158 10.5097646713 4.03785228729
    endloop
  endfacet
  facet normal -0.552674531937 0.810716807842 -0.193103775382
    outer loop
      vertex 0.504741728306 10.5016021729 4.03057003021
      vertex 0.518275678158 10.5097646713 4.03785228729
      vertex 0.507257819176 10.5309667587 4.02529096603
    endloop
  endfacet
  facet normal -0.546135783195 0.815082728863 -0.193328395486
    outer loop
      vertex 0.507257819176 10.5309667587 4.02529096603
      vertex 0.480443656445 10.5039386749 4.01373529434
      vertex 0.504741728306 10.5016021729 4.03057003021
    endloop
  endfacet
  facet normal -0.561057388783 0.822607338428 -0.0923677459359
    outer loop
      vertex 0.495943903923 10.4808073044 4.02690458298
      vertex 0.504741728306 10.5016021729 4.03057003021
      vertex 0.480443656445 10.5039386749 4.01373529434
    endloop
  endfacet
  facet normal -0.662476480007 0.748876690865 0.0175684392452
    outer loop
      vertex 0.477273821831 10.4670810699 4.01006650925
      vertex 0.495943903923 10.4808073044 4.02690458298
      vertex 0.480443656445 10.5039386749 4.01373529434
    endloop
  endfacet
  facet normal -0.500220477581 0.864826500416 0.0430648699403
    outer loop
      vertex 0.480443656445 10.5039386749 4.01373529434
      vertex 0.452053725719 10.4867019653 3.99645614624
      vertex 0.477273821831 10.4670810699 4.01006650925
    endloop
  endfacet
  facet normal -0.586114883423 0.782357931137 0.210678562522
    outer loop
      vertex 0.477273821831 10.4670810699 4.01006650925
      vertex 0.452053725719 10.4867019653 3.99645614624
      vertex 0.45379960537 10.4553890228 3.98933172226
    endloop
  endfacet
  facet normal -0.554430782795 0.784435510635 0.277970284224
    outer loop
      vertex 0.477273821831 10.4670810699 4.01006650925
      vertex 0.45379960537 10.4553890228 3.98933172226
      vertex 0.477252483368 10.429854393 3.99685978889
    endloop
  endfacet
  facet normal -0.646131336689 0.719419538975 0.254852503538
    outer loop
      vertex 0.477252483368 10.429854393 3.99685978889
      vertex 0.506395936012 10.4456281662 4.02862215042
      vertex 0.477273821831 10.4670810699 4.01006650925
    endloop
  endfacet
  facet normal -0.603820443153 0.784533083439 0.141098082066
    outer loop
      vertex 0.477273821831 10.4670810699 4.01006650925
      vertex 0.506395936012 10.4456281662 4.02862215042
      vertex 0.495943903923 10.4808073044 4.02690458298
    endloop
  endfacet
  facet normal -0.407765358686 0.909857213497 0.0767286270857
    outer loop
      vertex 0.527355253696 10.4883298874 4.04161643982
      vertex 0.495943903923 10.4808073044 4.02690458298
      vertex 0.506395936012 10.4456281662 4.02862215042
    endloop
  endfacet
  facet normal -0.606476068497 0.793103575706 -0.056333757937
    outer loop
      vertex 0.527355253696 10.4883298874 4.04161643982
      vertex 0.506395936012 10.4456281662 4.02862215042
      vertex 0.538080275059 10.4481306076 4.05267286301
    endloop
  endfacet
  facet normal -0.396959632635 0.906558811665 -0.143437147141
    outer loop
      vertex 0.595092177391 10.5129966736 4.06737375259
      vertex 0.527355253696 10.4883298874 4.04161643982
      vertex 0.538080275059 10.4481306076 4.05267286301
    endloop
  endfacet
  facet normal -0.331741183996 0.94009745121 -0.0785145908594
    outer loop
      vertex 0.595092177391 10.5129966736 4.06737375259
      vertex 0.538080275059 10.4481306076 4.05267286301
      vertex 0.552038192749 10.3915987015 4.06231975555
    endloop
  endfacet
  facet normal -0.495463013649 0.868244946003 -0.0258295759559
    outer loop
      vertex 0.523626804352 10.4203453064 4.04525184631
      vertex 0.552038192749 10.3915987015 4.06231975555
      vertex 0.538080275059 10.4481306076 4.05267286301
    endloop
  endfacet
  facet normal -0.606522619724 0.788101315498 -0.10500755161
    outer loop
      vertex 0.523626804352 10.4203453064 4.04525184631
      vertex 0.538080275059 10.4481306076 4.05267286301
      vertex 0.506395936012 10.4456281662 4.02862215042
    endloop
  endfacet
  facet normal -0.764429271221 0.63653999567 0.102297052741
    outer loop
      vertex 0.523626804352 10.4203453064 4.04525184631
      vertex 0.506395936012 10.4456281662 4.02862215042
      vertex 0.512129426003 10.4173774719 4.0309677124
    endloop
  endfacet
  facet normal -0.706268191338 0.633939921856 0.315127581358
    outer loop
      vertex 0.523626804352 10.4203453064 4.04525184631
      vertex 0.512129426003 10.4173774719 4.0309677124
      vertex 0.517120063305 10.3915729523 4.02370023727
    endloop
  endfacet
  facet normal -0.703296482563 0.636098265648 0.317416280508
    outer loop
      vertex 0.517120063305 10.3915729523 4.02370023727
      vertex 0.552038192749 10.3915987015 4.06231975555
      vertex 0.523626804352 10.4203453064 4.04525184631
    endloop
  endfacet
  facet normal -0.682461619377 0.617310225964 0.391374766827
    outer loop
      vertex 0.527975201607 10.3373413086 4.00131845474
      vertex 0.552038192749 10.3915987015 4.06231975555
      vertex 0.517120063305 10.3915729523 4.02370023727
    endloop
  endfacet
  facet normal -0.717687487602 0.581228077412 0.383534282446
    outer loop
      vertex 0.527975201607 10.3373413086 4.00131845474
      vertex 0.517120063305 10.3915729523 4.02370023727
      vertex 0.504868924618 10.3691711426 3.99379038811
    endloop
  endfacet
  facet normal -0.768884956837 0.453260451555 0.450966626406
    outer loop
      vertex 0.527975201607 10.3373413086 4.00131845474
      vertex 0.504868924618 10.3691711426 3.99379038811
      vertex 0.500647962093 10.3484334946 3.96599793434
    endloop
  endfacet
  facet normal -0.778008520603 0.471580535173 0.41510784626
    outer loop
      vertex 0.500647962093 10.3484334946 3.96599793434
      vertex 0.515085101128 10.3224716187 3.96696281433
      vertex 0.527975201607 10.3373413086 4.00131845474
    endloop
  endfacet
  facet normal -0.851725876331 0.441628158092 0.282006472349
    outer loop
      vertex 0.515085101128 10.3224716187 3.96696281433
      vertex 0.530328333378 10.2931575775 3.97764229774
      vertex 0.527975201607 10.3373413086 4.00131845474
    endloop
  endfacet
  facet normal -0.895649313927 0.224459111691 0.383966624737
    outer loop
      vertex 0.515085101128 10.3224716187 3.96696281433
      vertex 0.516445696354 10.3033266068 3.93964266777
      vertex 0.530328333378 10.2931575775 3.97764229774
    endloop
  endfacet
  facet normal -0.850326418877 0.178137272596 0.495188951492
    outer loop
      vertex 0.537771105766 10.2680883408 3.94348311424
      vertex 0.530328333378 10.2931575775 3.97764229774
      vertex 0.516445696354 10.3033266068 3.93964266777
    endloop
  endfacet
  facet normal -0.851804792881 0.163554772735 0.497673004866
    outer loop
      vertex 0.518903553486 10.2874650955 3.90417909622
      vertex 0.537771105766 10.2680883408 3.94348311424
      vertex 0.516445696354 10.3033266068 3.93964266777
    endloop
  endfacet
  facet normal -0.803095757961 0.19600918889 0.56268787384
    outer loop
      vertex 0.518903553486 10.2874650955 3.90417909622
      vertex 0.516445696354 10.3033266068 3.93964266777
      vertex 0.498934268951 10.3143882751 3.89964985847
    endloop
  endfacet
  facet normal -0.807128369808 0.102540396154 0.58140283823
    outer loop
      vertex 0.518903553486 10.2874650955 3.90417909622
      vertex 0.498934268951 10.3143882751 3.89964985847
      vertex 0.504890024662 10.3001537323 3.86581969261
    endloop
  endfacet
  facet normal -0.809415340424 0.104549519718 0.577854812145
    outer loop
      vertex 0.518903553486 10.2874650955 3.90417909622
      vertex 0.504890024662 10.3001537323 3.86581969261
      vertex 0.523742675781 10.2739982605 3.86720991135
    endloop
  endfacet
  facet normal -0.871835827827 0.0628278553486 0.485751956701
    outer loop
      vertex 0.518903553486 10.2874650955 3.90417909622
      vertex 0.523742675781 10.2739982605 3.86720991135
      vertex 0.535231471062 10.258067131 3.9034678936
    endloop
  endfacet
  facet normal -0.858908295631 0.175043255091 0.481286197901
    outer loop
      vertex 0.518903553486 10.2874650955 3.90417909622
      vertex 0.535231471062 10.258067131 3.9034678936
      vertex 0.537771105766 10.2680883408 3.94348311424
    endloop
  endfacet
  facet normal -0.875130295753 0.06672180444 0.479265242815
    outer loop
      vertex 0.542241752148 10.2407302856 3.87087988853
      vertex 0.535231471062 10.258067131 3.9034678936
      vertex 0.523742675781 10.2739982605 3.86720991135
    endloop
  endfacet
  facet normal -0.87164324522 -0.0368603430688 0.488752901554
    outer loop
      vertex 0.532199501991 10.2617082596 3.83018541336
      vertex 0.542241752148 10.2407302856 3.87087988853
      vertex 0.523742675781 10.2739982605 3.86720991135
    endloop
  endfacet
  facet normal -0.811903238297 0.00831161718816 0.583732843399
    outer loop
      vertex 0.532199501991 10.2617082596 3.83018541336
      vertex 0.523742675781 10.2739982605 3.86720991135
      vertex 0.511805951595 10.2900466919 3.82828259468
    endloop
  endfacet
  facet normal -0.804145514965 -0.102245569229 0.585573077202
    outer loop
      vertex 0.532199501991 10.2617082596 3.83018541336
      vertex 0.511805951595 10.2900466919 3.82828259468
      vertex 0.525615215302 10.2771692276 3.79342198372
    endloop
  endfacet
  facet normal -0.815395474434 -0.0941824764013 0.571191608906
    outer loop
      vertex 0.532199501991 10.2617082596 3.83018541336
      vertex 0.525615215302 10.2771692276 3.79342198372
      vertex 0.544100165367 10.2504768372 3.79527115822
    endloop
  endfacet
  facet normal -0.889358818531 -0.166111141443 0.425967127085
    outer loop
      vertex 0.532199501991 10.2617082596 3.83018541336
      vertex 0.544100165367 10.2504768372 3.79527115822
      vertex 0.544865012169 10.2345628738 3.83198547363
    endloop
  endfacet
  facet normal -0.906348586082 0.00586295919493 0.422490119934
    outer loop
      vertex 0.532199501991 10.2617082596 3.83018541336
      vertex 0.544865012169 10.2345628738 3.83198547363
      vertex 0.542241752148 10.2407302856 3.87087988853
    endloop
  endfacet
  facet normal -0.783744752407 -0.0831108763814 0.615497112274
    outer loop
      vertex 0.525615215302 10.2771692276 3.79342198372
      vertex 0.511805951595 10.2900466919 3.82828259468
      vertex 0.508413493633 10.2985839844 3.79704761505
    endloop
  endfacet
  facet normal -0.778748631477 -0.215964376926 0.588990628719
    outer loop
      vertex 0.525615215302 10.2771692276 3.79342198372
      vertex 0.508413493633 10.2985839844 3.79704761505
      vertex 0.515841841698 10.2982187271 3.77125859261
    endloop
  endfacet
  facet normal -0.744808733463 -0.205538660288 0.634833693504
    outer loop
      vertex 0.515841841698 10.2982187271 3.77125859261
      vertex 0.508413493633 10.2985839844 3.79704761505
      vertex 0.494042366743 10.3199043274 3.78327202797
    endloop
  endfacet
  facet normal -0.748834192753 -0.253151416779 0.612504422665
    outer loop
      vertex 0.515841841698 10.2982187271 3.77125859261
      vertex 0.494042366743 10.3199043274 3.78327202797
      vertex 0.499913275242 10.3253927231 3.75262618065
    endloop
  endfacet
  facet normal -0.720554172993 -0.253616601229 0.645352840424
    outer loop
      vertex 0.499913275242 10.3253927231 3.75262618065
      vertex 0.494042366743 10.3199043274 3.78327202797
      vertex 0.476092070341 10.345331192 3.76957154274
    endloop
  endfacet
  facet normal -0.722040534019 -0.261276096106 0.640618681908
    outer loop
      vertex 0.499913275242 10.3253927231 3.75262618065
      vertex 0.476092070341 10.345331192 3.76957154274
      vertex 0.478908002377 10.3532552719 3.74236059189
    endloop
  endfacet
  facet normal -0.695554852486 -0.321139365435 0.642707526684
    outer loop
      vertex 0.478908002377 10.3532552719 3.74236059189
      vertex 0.49849230051 10.339099884 3.72827267647
      vertex 0.499913275242 10.3253927231 3.75262618065
    endloop
  endfacet
  facet normal -0.689743816853 -0.324144273996 0.647444188595
    outer loop
      vertex 0.520482778549 10.3195905685 3.72044634819
      vertex 0.499913275242 10.3253927231 3.75262618065
      vertex 0.49849230051 10.339099884 3.72827267647
    endloop
  endfacet
  facet normal -0.696878433228 -0.327834904194 0.637875139713
    outer loop
      vertex 0.478908002377 10.3532552719 3.74236059189
      vertex 0.484814554453 10.359837532 3.71699738503
      vertex 0.49849230051 10.339099884 3.72827267647
    endloop
  endfacet
  facet normal -0.787071406841 -0.320138037205 0.527285695076
    outer loop
      vertex 0.478908002377 10.3532552719 3.74236059189
      vertex 0.466960906982 10.3790836334 3.72919249535
      vertex 0.484814554453 10.359837532 3.71699738503
    endloop
  endfacet
  facet normal -0.825660467148 -0.246373862028 0.50752800703
    outer loop
      vertex 0.478908002377 10.3532552719 3.74236059189
      vertex 0.461796432734 10.3735256195 3.75794839859
      vertex 0.466960906982 10.3790836334 3.72919249535
    endloop
  endfacet
  facet normal -0.841484069824 -0.24426497519 0.481911957264
    outer loop
      vertex 0.466960906982 10.3790836334 3.72919249535
      vertex 0.461796432734 10.3735256195 3.75794839859
      vertex 0.443096905947 10.4069051743 3.75651240349
    endloop
  endfacet
  facet normal -0.840671658516 -0.239883929491 0.485517084599
    outer loop
      vertex 0.443096905947 10.4069051743 3.75651240349
      vertex 0.459926396608 10.3992843628 3.71295905113
      vertex 0.466960906982 10.3790836334 3.72919249535
    endloop
  endfacet
  facet normal -0.824779212475 -0.228167757392 0.517376720905
    outer loop
      vertex 0.443096905947 10.4069051743 3.75651240349
      vertex 0.433942914009 10.4296541214 3.73801827431
      vertex 0.459926396608 10.3992843628 3.71295905113
    endloop
  endfacet
  facet normal -0.868170201778 -0.151559665799 0.472557097673
    outer loop
      vertex 0.443096905947 10.4069051743 3.75651240349
      vertex 0.419268041849 10.442065239 3.78338289261
      vertex 0.433942914009 10.4296541214 3.73801827431
    endloop
  endfacet
  facet normal -0.862689316273 -0.146655142307 0.484003573656
    outer loop
      vertex 0.419268041849 10.442065239 3.78338289261
      vertex 0.410756140947 10.4628334045 3.76491355896
      vertex 0.433942914009 10.4296541214 3.73801827431
    endloop
  endfacet
  facet normal -0.901381969452 -0.0658386200666 0.427990406752
    outer loop
      vertex 0.400008231401 10.4782028198 3.81214642525
      vertex 0.410756140947 10.4628334045 3.76491355896
      vertex 0.419268041849 10.442065239 3.78338289261
    endloop
  endfacet
  facet normal -0.882995486259 -0.00152781058569 0.469378948212
    outer loop
      vertex 0.400008231401 10.4782028198 3.81214642525
      vertex 0.419268041849 10.442065239 3.78338289261
      vertex 0.410444915295 10.4585132599 3.82948112488
    endloop
  endfacet
  facet normal -0.917651236057 0.12344212085 0.377727746964
    outer loop
      vertex 0.400008231401 10.4782028198 3.81214642525
      vertex 0.410444915295 10.4585132599 3.82948112488
      vertex 0.398068338633 10.4980258942 3.85838103294
    endloop
  endfacet
  facet normal -0.910252928734 0.130306199193 0.393013805151
    outer loop
      vertex 0.398068338633 10.4980258942 3.85838103294
      vertex 0.392854809761 10.4994935989 3.82638883591
      vertex 0.400008231401 10.4782028198 3.81214642525
    endloop
  endfacet
  facet normal -0.942334771156 0.0255228634924 0.333697110415
    outer loop
      vertex 0.391776800156 10.4999504089 3.79256391525
      vertex 0.400008231401 10.4782028198 3.81214642525
      vertex 0.392854809761 10.4994935989 3.82638883591
    endloop
  endfacet
  facet normal -0.964088559151 0.0271555222571 0.264188945293
    outer loop
      vertex 0.391776800156 10.4999504089 3.79256391525
      vertex 0.392854809761 10.4994935989 3.82638883591
      vertex 0.382604748011 10.5343542099 3.80164170265
    endloop
  endfacet
  facet normal -0.967959046364 0.0561390891671 0.244752198458
    outer loop
      vertex 0.388093799353 10.5215511322 3.8404648304
      vertex 0.382604748011 10.5343542099 3.80164170265
      vertex 0.392854809761 10.4994935989 3.82638883591
    endloop
  endfacet
  facet normal -0.945471584797 0.140597492456 0.29379555583
    outer loop
      vertex 0.398068338633 10.4980258942 3.85838103294
      vertex 0.388093799353 10.5215511322 3.8404648304
      vertex 0.392854809761 10.4994935989 3.82638883591
    endloop
  endfacet
  facet normal -0.946657001972 0.227935776114 0.227784559131
    outer loop
      vertex 0.388093799353 10.5215511322 3.8404648304
      vertex 0.398068338633 10.4980258942 3.85838103294
      vertex 0.394447058439 10.5417194366 3.88700604439
    endloop
  endfacet
  facet normal -0.972296535969 0.191075086594 0.134646639228
    outer loop
      vertex 0.394447058439 10.5417194366 3.88700604439
      vertex 0.387571722269 10.5628223419 3.86689090729
      vertex 0.388093799353 10.5215511322 3.8404648304
    endloop
  endfacet
  facet normal -0.963239431381 0.220541164279 0.153399392962
    outer loop
      vertex 0.387571722269 10.5628223419 3.86689090729
      vertex 0.382984757423 10.5552892685 3.84161734581
      vertex 0.388093799353 10.5215511322 3.8404648304
    endloop
  endfacet
  facet normal -0.984348416328 0.0890111401677 0.152102664113
    outer loop
      vertex 0.388093799353 10.5215511322 3.8404648304
      vertex 0.382984757423 10.5552892685 3.84161734581
      vertex 0.382604748011 10.5343542099 3.80164170265
    endloop
  endfacet
  facet normal -0.983197152615 0.182127654552 0.0123629821464
    outer loop
      vertex 0.387571722269 10.5628223419 3.86689090729
      vertex 0.384726524353 10.5887479782 3.85329151154
      vertex 0.382984757423 10.5552892685 3.84161734581
    endloop
  endfacet
  facet normal -0.969384849072 0.244567394257 -0.0219051074237
    outer loop
      vertex 0.387571722269 10.5628223419 3.86689090729
      vertex 0.394961208105 10.5797529221 3.89466404915
      vertex 0.384726524353 10.5887479782 3.85329151154
    endloop
  endfacet
  facet normal -0.95196056366 0.26778870821 -0.148526996374
    outer loop
      vertex 0.399745225906 10.6119289398 3.89382433891
      vertex 0.384726524353 10.5887479782 3.85329151154
      vertex 0.394961208105 10.5797529221 3.89466404915
    endloop
  endfacet
  facet normal -0.898456633091 0.414636015892 -0.144404351711
    outer loop
      vertex 0.399745225906 10.6119289398 3.89382433891
      vertex 0.394961208105 10.5797529221 3.89466404915
      vertex 0.415731698275 10.6063222885 3.93041729927
    endloop
  endfacet
  facet normal -0.867437660694 0.419862270355 -0.266959816217
    outer loop
      vertex 0.415731698275 10.6063222885 3.93041729927
      vertex 0.413325965405 10.6277589798 3.91181707382
      vertex 0.399745225906 10.6119289398 3.89382433891
    endloop
  endfacet
  facet normal -0.861098766327 0.460686773062 -0.215119987726
    outer loop
      vertex 0.407657623291 10.6448230743 3.89325404167
      vertex 0.399745225906 10.6119289398 3.89382433891
      vertex 0.413325965405 10.6277589798 3.91181707382
    endloop
  endfacet
  facet normal -0.746214091778 0.559480309486 -0.360757946968
    outer loop
      vertex 0.407657623291 10.6448230743 3.89325404167
      vertex 0.413325965405 10.6277589798 3.91181707382
      vertex 0.431229382753 10.6416101456 3.92676472664
    endloop
  endfacet
  facet normal -0.748538255692 0.540123581886 -0.384651839733
    outer loop
      vertex 0.415731698275 10.6063222885 3.93041729927
      vertex 0.431229382753 10.6416101456 3.92676472664
      vertex 0.413325965405 10.6277589798 3.91181707382
    endloop
  endfacet
  facet normal -0.6600882411 0.660262525082 -0.358241409063
    outer loop
      vertex 0.431229382753 10.6416101456 3.92676472664
      vertex 0.415731698275 10.6063222885 3.93041729927
      vertex 0.447091937065 10.6246547699 3.9518225193
    endloop
  endfacet
  facet normal -0.455306380987 0.67838704586 -0.576616942883
    outer loop
      vertex 0.465670257807 10.6436710358 3.948127985
      vertex 0.431229382753 10.6416101456 3.92676472664
      vertex 0.447091937065 10.6246547699 3.9518225193
    endloop
  endfacet
  facet normal -0.375407725573 0.769738078117 -0.516306400299
    outer loop
      vertex 0.465670257807 10.6436710358 3.948127985
      vertex 0.447091937065 10.6246547699 3.9518225193
      vertex 0.477514117956 10.6199951172 3.96978521347
    endloop
  endfacet
  facet normal -0.416467308998 0.811615645885 -0.409676760435
    outer loop
      vertex 0.438987195492 10.5978393555 3.96119904518
      vertex 0.477514117956 10.6199951172 3.96978521347
      vertex 0.447091937065 10.6246547699 3.9518225193
    endloop
  endfacet
  facet normal -0.665998160839 0.618199467659 -0.417463541031
    outer loop
      vertex 0.438987195492 10.5978393555 3.96119904518
      vertex 0.447091937065 10.6246547699 3.9518225193
      vertex 0.415731698275 10.6063222885 3.93041729927
    endloop
  endfacet
  facet normal -0.774117171764 0.620030641556 -0.127689421177
    outer loop
      vertex 0.438987195492 10.5978393555 3.96119904518
      vertex 0.415731698275 10.6063222885 3.93041729927
      vertex 0.408686637878 10.5689287186 3.92932248116
    endloop
  endfacet
  facet normal -0.809629321098 0.516153991222 -0.279437631369
    outer loop
      vertex 0.408686637878 10.5689287186 3.92932248116
      vertex 0.429155081511 10.5633850098 3.96442961693
      vertex 0.438987195492 10.5978393555 3.96119904518
    endloop
  endfacet
  facet normal -0.524664998055 0.820579469204 -0.226662769914
    outer loop
      vertex 0.438987195492 10.5978393555 3.96119904518
      vertex 0.429155081511 10.5633850098 3.96442961693
      vertex 0.467314213514 10.5841732025 3.98308587074
    endloop
  endfacet
  facet normal -0.420148581266 0.805146932602 -0.418585270643
    outer loop
      vertex 0.438987195492 10.5978393555 3.96119904518
      vertex 0.467314213514 10.5841732025 3.98308587074
      vertex 0.477514117956 10.6199951172 3.96978521347
    endloop
  endfacet
  facet normal -0.438642859459 0.79452508688 -0.419907510281
    outer loop
      vertex 0.477514117956 10.6199951172 3.96978521347
      vertex 0.467314213514 10.5841732025 3.98308587074
      vertex 0.504933595657 10.5974369049 3.99684500694
    endloop
  endfacet
  facet normal -0.423596769571 0.79349386692 -0.436959147453
    outer loop
      vertex 0.504933595657 10.5974369049 3.99684500694
      vertex 0.510981738567 10.6287965775 3.98280501366
      vertex 0.477514117956 10.6199951172 3.96978521347
    endloop
  endfacet
  facet normal -0.405482828617 0.80258667469 -0.43753656745
    outer loop
      vertex 0.504933595657 10.5974369049 3.99684500694
      vertex 0.538100242615 10.6110954285 4.00615549088
      vertex 0.510981738567 10.6287965775 3.98280501366
    endloop
  endfacet
  facet normal -0.366297453642 0.793636620045 -0.485764443874
    outer loop
      vertex 0.542201459408 10.6452789307 3.98712539673
      vertex 0.510981738567 10.6287965775 3.98280501366
      vertex 0.538100242615 10.6110954285 4.00615549088
    endloop
  endfacet
  facet normal -0.389658927917 0.842539131641 -0.37187859416
    outer loop
      vertex 0.504933595657 10.5974369049 3.99684500694
      vertex 0.538492560387 10.5671854019 4.02571773529
      vertex 0.538100242615 10.6110954285 4.00615549088
    endloop
  endfacet
  facet normal -0.411523908377 0.842511057854 -0.34759631753
    outer loop
      vertex 0.49208766222 10.5619630814 4.00520610809
      vertex 0.538492560387 10.5671854019 4.02571773529
      vertex 0.504933595657 10.5974369049 3.99684500694
    endloop
  endfacet
  facet normal -0.428358823061 0.832509577274 -0.351335376501
    outer loop
      vertex 0.49208766222 10.5619630814 4.00520610809
      vertex 0.504933595657 10.5974369049 3.99684500694
      vertex 0.467314213514 10.5841732025 3.98308587074
    endloop
  endfacet
  facet normal -0.436384826899 0.832198381424 -0.342073231936
    outer loop
      vertex 0.49208766222 10.5619630814 4.00520610809
      vertex 0.467314213514 10.5841732025 3.98308587074
      vertex 0.455843120813 10.5521650314 3.99022769928
    endloop
  endfacet
  facet normal -0.431837439537 0.852743327618 -0.293845623732
    outer loop
      vertex 0.455843120813 10.5521650314 3.99022769928
      vertex 0.477602899075 10.5353336334 4.00704717636
      vertex 0.49208766222 10.5619630814 4.00520610809
    endloop
  endfacet
  facet normal -0.464626133442 0.829445302486 -0.310069382191
    outer loop
      vertex 0.507257819176 10.5309667587 4.02529096603
      vertex 0.49208766222 10.5619630814 4.00520610809
      vertex 0.477602899075 10.5353336334 4.00704717636
    endloop
  endfacet
  facet normal -0.504518568516 0.852624058723 -0.1359898597
    outer loop
      vertex 0.507257819176 10.5309667587 4.02529096603
      vertex 0.477602899075 10.5353336334 4.00704717636
      vertex 0.480443656445 10.5039386749 4.01373529434
    endloop
  endfacet
  facet normal -0.492199271917 0.859386444092 -0.138545230031
    outer loop
      vertex 0.480443656445 10.5039386749 4.01373529434
      vertex 0.477602899075 10.5353336334 4.00704717636
      vertex 0.450393378735 10.5189599991 3.99410295486
    endloop
  endfacet
  facet normal -0.534627318382 0.844400346279 -0.0340835675597
    outer loop
      vertex 0.480443656445 10.5039386749 4.01373529434
      vertex 0.450393378735 10.5189599991 3.99410295486
      vertex 0.452053725719 10.4867019653 3.99645614624
    endloop
  endfacet
  facet normal -0.798397004604 0.602124750614 -0.00283242645673
    outer loop
      vertex 0.452053725719 10.4867019653 3.99645614624
      vertex 0.450393378735 10.5189599991 3.99410295486
      vertex 0.431603848934 10.4873380661 3.96933722496
    endloop
  endfacet
  facet normal -0.78766900301 0.58979344368 0.178104355931
    outer loop
      vertex 0.452053725719 10.4867019653 3.99645614624
      vertex 0.431603848934 10.4873380661 3.96933722496
      vertex 0.45379960537 10.4553890228 3.98933172226
    endloop
  endfacet
  facet normal -0.832636713982 0.478362649679 0.279079407454
    outer loop
      vertex 0.431194901466 10.4605560303 3.95300102234
      vertex 0.45379960537 10.4553890228 3.98933172226
      vertex 0.431603848934 10.4873380661 3.96933722496
    endloop
  endfacet
  facet normal -0.901487708092 0.375473111868 0.215266942978
    outer loop
      vertex 0.431194901466 10.4605560303 3.95300102234
      vertex 0.431603848934 10.4873380661 3.96933722496
      vertex 0.418610364199 10.4827699661 3.93552160263
    endloop
  endfacet
  facet normal -0.913273751736 0.270697027445 0.304391503334
    outer loop
      vertex 0.431194901466 10.4605560303 3.95300102234
      vertex 0.418610364199 10.4827699661 3.93552160263
      vertex 0.433669030666 10.436750412 3.93457937241
    endloop
  endfacet
  facet normal -0.871297180653 0.340136259794 0.353763401508
    outer loop
      vertex 0.431194901466 10.4605560303 3.95300102234
      vertex 0.433669030666 10.436750412 3.93457937241
      vertex 0.445162862539 10.4312467575 3.95829796791
    endloop
  endfacet
  facet normal -0.826623380184 0.470374166965 0.308936744928
    outer loop
      vertex 0.445162862539 10.4312467575 3.95829796791
      vertex 0.45379960537 10.4553890228 3.98933172226
      vertex 0.431194901466 10.4605560303 3.95300102234
    endloop
  endfacet
  facet normal -0.687592864037 0.555290162563 0.46783426404
    outer loop
      vertex 0.445162862539 10.4312467575 3.95829796791
      vertex 0.477252483368 10.429854393 3.99685978889
      vertex 0.45379960537 10.4553890228 3.98933172226
    endloop
  endfacet
  facet normal -0.737937510014 0.60314655304 0.302758008242
    outer loop
      vertex 0.445162862539 10.4312467575 3.95829796791
      vertex 0.462933957577 10.4020051956 3.96536183357
      vertex 0.477252483368 10.429854393 3.99685978889
    endloop
  endfacet
  facet normal -0.705160140991 0.62181609869 0.34072548151
    outer loop
      vertex 0.477252483368 10.429854393 3.99685978889
      vertex 0.462933957577 10.4020051956 3.96536183357
      vertex 0.491139650345 10.3969507217 3.99457859993
    endloop
  endfacet
  facet normal -0.725761175156 0.593744516373 0.347474068403
    outer loop
      vertex 0.491139650345 10.3969507217 3.99457859993
      vertex 0.501141726971 10.4151096344 4.01743173599
      vertex 0.477252483368 10.429854393 3.99685978889
    endloop
  endfacet
  facet normal -0.694173395634 0.706175863743 0.139423638582
    outer loop
      vertex 0.506395936012 10.4456281662 4.02862215042
      vertex 0.477252483368 10.429854393 3.99685978889
      vertex 0.501141726971 10.4151096344 4.01743173599
    endloop
  endfacet
  facet normal -0.76389247179 0.637210488319 0.102132447064
    outer loop
      vertex 0.501141726971 10.4151096344 4.01743173599
      vertex 0.512129426003 10.4173774719 4.0309677124
      vertex 0.506395936012 10.4456281662 4.02862215042
    endloop
  endfacet
  facet normal -0.710468649864 0.629454374313 0.314676702023
    outer loop
      vertex 0.501141726971 10.4151096344 4.01743173599
      vertex 0.517120063305 10.3915729523 4.02370023727
      vertex 0.512129426003 10.4173774719 4.0309677124
    endloop
  endfacet
  facet normal -0.732110023499 0.590400159359 0.339768350124
    outer loop
      vertex 0.491139650345 10.3969507217 3.99457859993
      vertex 0.517120063305 10.3915729523 4.02370023727
      vertex 0.501141726971 10.4151096344 4.01743173599
    endloop
  endfacet
  facet normal -0.725125491619 0.577706336975 0.374764472246
    outer loop
      vertex 0.517120063305 10.3915729523 4.02370023727
      vertex 0.491139650345 10.3969507217 3.99457859993
      vertex 0.504868924618 10.3691711426 3.99379038811
    endloop
  endfacet
  facet normal -0.764338970184 0.511768877506 0.392273515463
    outer loop
      vertex 0.482351601124 10.3753519058 3.96489834785
      vertex 0.504868924618 10.3691711426 3.99379038811
      vertex 0.491139650345 10.3969507217 3.99457859993
    endloop
  endfacet
  facet normal -0.666294693947 0.557584762573 0.495126903057
    outer loop
      vertex 0.482351601124 10.3753519058 3.96489834785
      vertex 0.491139650345 10.3969507217 3.99457859993
      vertex 0.462933957577 10.4020051956 3.96536183357
    endloop
  endfacet
  facet normal -0.743069887161 0.384052485228 0.548042714596
    outer loop
      vertex 0.482351601124 10.3753519058 3.96489834785
      vertex 0.462933957577 10.4020051956 3.96536183357
      vertex 0.456488460302 10.3819274902 3.92424082756
    endloop
  endfacet
  facet normal -0.770863711834 0.41176250577 0.486025542021
    outer loop
      vertex 0.482351601124 10.3753519058 3.96489834785
      vertex 0.456488460302 10.3819274902 3.92424082756
      vertex 0.476536512375 10.3560295105 3.93120360374
    endloop
  endfacet
  facet normal -0.759426414967 0.417303144932 0.499128848314
    outer loop
      vertex 0.482351601124 10.3753519058 3.96489834785
      vertex 0.476536512375 10.3560295105 3.93120360374
      vertex 0.500647962093 10.3484334946 3.96599793434
    endloop
  endfacet
  facet normal -0.73798263073 0.471962034702 0.482320874929
    outer loop
      vertex 0.482351601124 10.3753519058 3.96489834785
      vertex 0.500647962093 10.3484334946 3.96599793434
      vertex 0.504868924618 10.3691711426 3.99379038811
    endloop
  endfacet
  facet normal -0.734833240509 0.387739807367 0.55648714304
    outer loop
      vertex 0.497072160244 10.3306837082 3.93374681473
      vertex 0.500647962093 10.3484334946 3.96599793434
      vertex 0.476536512375 10.3560295105 3.93120360374
    endloop
  endfacet
  facet normal -0.759115576744 0.281817436218 0.586790025234
    outer loop
      vertex 0.47542193532 10.3392124176 3.89318656921
      vertex 0.497072160244 10.3306837082 3.93374681473
      vertex 0.476536512375 10.3560295105 3.93120360374
    endloop
  endfacet
  facet normal -0.830098867416 0.24574816227 0.500543415546
    outer loop
      vertex 0.47542193532 10.3392124176 3.89318656921
      vertex 0.476536512375 10.3560295105 3.93120360374
      vertex 0.457792639732 10.3651323318 3.88643026352
    endloop
  endfacet
  facet normal -0.83289462328 0.0647102072835 0.549635469913
    outer loop
      vertex 0.47542193532 10.3392124176 3.89318656921
      vertex 0.457792639732 10.3651323318 3.88643026352
      vertex 0.462248414755 10.3536481857 3.84624218941
    endloop
  endfacet
  facet normal -0.826960384846 0.0601551532745 0.559033036232
    outer loop
      vertex 0.47542193532 10.3392124176 3.89318656921
      vertex 0.462248414755 10.3536481857 3.84624218941
      vertex 0.482856035233 10.3244600296 3.85828518867
    endloop
  endfacet
  facet normal -0.736352801323 0.12428252399 0.6650852561
    outer loop
      vertex 0.47542193532 10.3392124176 3.89318656921
      vertex 0.482856035233 10.3244600296 3.85828518867
      vertex 0.498934268951 10.3143882751 3.89964985847
    endloop
  endfacet
  facet normal -0.73396062851 0.25982388854 0.62752956152
    outer loop
      vertex 0.47542193532 10.3392124176 3.89318656921
      vertex 0.498934268951 10.3143882751 3.89964985847
      vertex 0.497072160244 10.3306837082 3.93374681473
    endloop
  endfacet
  facet normal -0.818615674973 0.210652410984 0.534316301346
    outer loop
      vertex 0.497072160244 10.3306837082 3.93374681473
      vertex 0.498934268951 10.3143882751 3.89964985847
      vertex 0.516445696354 10.3033266068 3.93964266777
    endloop
  endfacet
  facet normal -0.805683135986 0.312498807907 0.503208875656
    outer loop
      vertex 0.515085101128 10.3224716187 3.96696281433
      vertex 0.497072160244 10.3306837082 3.93374681473
      vertex 0.516445696354 10.3033266068 3.93964266777
    endloop
  endfacet
  facet normal -0.827751517296 0.338184773922 0.447725921869
    outer loop
      vertex 0.500647962093 10.3484334946 3.96599793434
      vertex 0.497072160244 10.3306837082 3.93374681473
      vertex 0.515085101128 10.3224716187 3.96696281433
    endloop
  endfacet
  facet normal -0.754666805267 0.137114107609 0.641621172428
    outer loop
      vertex 0.504890024662 10.3001537323 3.86581969261
      vertex 0.498934268951 10.3143882751 3.89964985847
      vertex 0.482856035233 10.3244600296 3.85828518867
    endloop
  endfacet
  facet normal -0.7437479496 0.0195209905505 0.668175041676
    outer loop
      vertex 0.482856035233 10.3244600296 3.85828518867
      vertex 0.494626551867 10.310754776 3.83762717247
      vertex 0.504890024662 10.3001537323 3.86581969261
    endloop
  endfacet
  facet normal -0.761613190174 0.0339332446456 0.647142827511
    outer loop
      vertex 0.511805951595 10.2900466919 3.82828259468
      vertex 0.504890024662 10.3001537323 3.86581969261
      vertex 0.494626551867 10.310754776 3.83762717247
    endloop
  endfacet
  facet normal -0.78004604578 -0.0522701367736 0.623535037041
    outer loop
      vertex 0.511805951595 10.2900466919 3.82828259468
      vertex 0.494626551867 10.310754776 3.83762717247
      vertex 0.493810981512 10.3139848709 3.81126713753
    endloop
  endfacet
  facet normal -0.763533532619 -0.0917879119515 0.639211654663
    outer loop
      vertex 0.493810981512 10.3139848709 3.81126713753
      vertex 0.508413493633 10.2985839844 3.79704761505
      vertex 0.511805951595 10.2900466919 3.82828259468
    endloop
  endfacet
  facet normal -0.778565526009 -0.135991260409 0.612651646137
    outer loop
      vertex 0.493810981512 10.3139848709 3.81126713753
      vertex 0.494042366743 10.3199043274 3.78327202797
      vertex 0.508413493633 10.2985839844 3.79704761505
    endloop
  endfacet
  facet normal -0.739201307297 -0.145181626081 0.657650113106
    outer loop
      vertex 0.475098162889 10.3380622864 3.79747605324
      vertex 0.494042366743 10.3199043274 3.78327202797
      vertex 0.493810981512 10.3139848709 3.81126713753
    endloop
  endfacet
  facet normal -0.752114951611 -0.113024577498 0.649267673492
    outer loop
      vertex 0.493810981512 10.3139848709 3.81126713753
      vertex 0.476518183947 10.3314943314 3.82575774193
      vertex 0.475098162889 10.3380622864 3.79747605324
    endloop
  endfacet
  facet normal -0.848115563393 -0.079083122313 0.523875772953
    outer loop
      vertex 0.475098162889 10.3380622864 3.79747605324
      vertex 0.476518183947 10.3314943314 3.82575774193
      vertex 0.460819929838 10.3588342667 3.8129992485
    endloop
  endfacet
  facet normal -0.857459425926 -0.11873767525 0.500664293766
    outer loop
      vertex 0.475098162889 10.3380622864 3.79747605324
      vertex 0.460819929838 10.3588342667 3.8129992485
      vertex 0.46071639657 10.3656740189 3.78490710258
    endloop
  endfacet
  facet normal -0.842441141605 -0.163711443543 0.513314247131
    outer loop
      vertex 0.46071639657 10.3656740189 3.78490710258
      vertex 0.476092070341 10.345331192 3.76957154274
      vertex 0.475098162889 10.3380622864 3.79747605324
    endloop
  endfacet
  facet normal -0.750204622746 -0.191561728716 0.632848441601
    outer loop
      vertex 0.475098162889 10.3380622864 3.79747605324
      vertex 0.476092070341 10.345331192 3.76957154274
      vertex 0.494042366743 10.3199043274 3.78327202797
    endloop
  endfacet
  facet normal -0.845298945904 -0.180341422558 0.50293803215
    outer loop
      vertex 0.46071639657 10.3656740189 3.78490710258
      vertex 0.461796432734 10.3735256195 3.75794839859
      vertex 0.476092070341 10.345331192 3.76957154274
    endloop
  endfacet
  facet normal -0.824313223362 -0.235259771347 0.514937400818
    outer loop
      vertex 0.478908002377 10.3532552719 3.74236059189
      vertex 0.476092070341 10.345331192 3.76957154274
      vertex 0.461796432734 10.3735256195 3.75794839859
    endloop
  endfacet
  facet normal -0.864977240562 -0.171953380108 0.471430182457
    outer loop
      vertex 0.446750730276 10.3931589127 3.77980470657
      vertex 0.461796432734 10.3735256195 3.75794839859
      vertex 0.46071639657 10.3656740189 3.78490710258
    endloop
  endfacet
  facet normal -0.87668377161 -0.115724667907 0.466940402985
    outer loop
      vertex 0.46071639657 10.3656740189 3.78490710258
      vertex 0.448380440474 10.3847370148 3.80144143105
      vertex 0.446750730276 10.3931589127 3.77980470657
    endloop
  endfacet
  facet normal -0.879666864872 -0.113516360521 0.461844444275
    outer loop
      vertex 0.446750730276 10.3931589127 3.77980470657
      vertex 0.448380440474 10.3847370148 3.80144143105
      vertex 0.427862495184 10.4239339828 3.8009660244
    endloop
  endfacet
  facet normal -0.882220685482 -0.128864690661 0.452858179808
    outer loop
      vertex 0.443096905947 10.4069051743 3.75651240349
      vertex 0.446750730276 10.3931589127 3.77980470657
      vertex 0.427862495184 10.4239339828 3.8009660244
    endloop
  endfacet
  facet normal -0.857655823231 -0.100757233799 0.504256308079
    outer loop
      vertex 0.443096905947 10.4069051743 3.75651240349
      vertex 0.427862495184 10.4239339828 3.8009660244
      vertex 0.419268041849 10.442065239 3.78338289261
    endloop
  endfacet
  facet normal -0.897869765759 -0.0148534979671 0.44001057744
    outer loop
      vertex 0.419268041849 10.442065239 3.78338289261
      vertex 0.427862495184 10.4239339828 3.8009660244
      vertex 0.410444915295 10.4585132599 3.82948112488
    endloop
  endfacet
  facet normal -0.890385687351 0.00805951282382 0.45513561368
    outer loop
      vertex 0.419768631458 10.4405069351 3.84265136719
      vertex 0.410444915295 10.4585132599 3.82948112488
      vertex 0.427862495184 10.4239339828 3.8009660244
    endloop
  endfacet
  facet normal -0.903981983662 -0.00555337080732 0.427534461021
    outer loop
      vertex 0.419768631458 10.4405069351 3.84265136719
      vertex 0.427862495184 10.4239339828 3.8009660244
      vertex 0.436123609543 10.4062261581 3.81951022148
    endloop
  endfacet
  facet normal -0.908943712711 -0.0259864386171 0.416108161211
    outer loop
      vertex 0.427309662104 10.4227733612 3.86283540726
      vertex 0.419768631458 10.4405069351 3.84265136719
      vertex 0.436123609543 10.4062261581 3.81951022148
    endloop
  endfacet
  facet normal -0.891630291939 -0.00849449448287 0.452684521675
    outer loop
      vertex 0.44329932332 10.3911762238 3.86831665039
      vertex 0.427309662104 10.4227733612 3.86283540726
      vertex 0.436123609543 10.4062261581 3.81951022148
    endloop
  endfacet
  facet normal -0.899782538414 -0.00225389096886 0.436332851648
    outer loop
      vertex 0.44329932332 10.3911762238 3.86831665039
      vertex 0.436123609543 10.4062261581 3.81951022148
      vertex 0.448947519064 10.3797340393 3.82870388031
    endloop
  endfacet
  facet normal -0.891821086407 0.00351523119025 0.452374637127
    outer loop
      vertex 0.448947519064 10.3797340393 3.82870388031
      vertex 0.462248414755 10.3536481857 3.84624218941
      vertex 0.44329932332 10.3911762238 3.86831665039
    endloop
  endfacet
  facet normal -0.883545696735 0.0354813151062 0.46699899435
    outer loop
      vertex 0.457792639732 10.3651323318 3.88643026352
      vertex 0.44329932332 10.3911762238 3.86831665039
      vertex 0.462248414755 10.3536481857 3.84624218941
    endloop
  endfacet
  facet normal -0.895618617535 0.0903635472059 0.435547620058
    outer loop
      vertex 0.457792639732 10.3651323318 3.88643026352
      vertex 0.448434263468 10.3864021301 3.89619731903
      vertex 0.44329932332 10.3911762238 3.86831665039
    endloop
  endfacet
  facet normal -0.893638670444 0.0892673060298 0.439819544554
    outer loop
      vertex 0.44329932332 10.3911762238 3.86831665039
      vertex 0.448434263468 10.3864021301 3.89619731903
      vertex 0.432846814394 10.4166088104 3.88898468018
    endloop
  endfacet
  facet normal -0.894879996777 0.0862656980753 0.437890440226
    outer loop
      vertex 0.44329932332 10.3911762238 3.86831665039
      vertex 0.432846814394 10.4166088104 3.88898468018
      vertex 0.427309662104 10.4227733612 3.86283540726
    endloop
  endfacet
  facet normal -0.921068549156 0.106759302318 0.37447988987
    outer loop
      vertex 0.427309662104 10.4227733612 3.86283540726
      vertex 0.432846814394 10.4166088104 3.88898468018
      vertex 0.41622787714 10.4518146515 3.86909651756
    endloop
  endfacet
  facet normal -0.93169438839 0.0300534907728 0.361997723579
    outer loop
      vertex 0.419768631458 10.4405069351 3.84265136719
      vertex 0.427309662104 10.4227733612 3.86283540726
      vertex 0.41622787714 10.4518146515 3.86909651756
    endloop
  endfacet
  facet normal -0.903719544411 0.0602545589209 0.423863649368
    outer loop
      vertex 0.419768631458 10.4405069351 3.84265136719
      vertex 0.41622787714 10.4518146515 3.86909651756
      vertex 0.410444915295 10.4585132599 3.82948112488
    endloop
  endfacet
  facet normal -0.948306918144 0.0868192687631 0.305248141289
    outer loop
      vertex 0.408056527376 10.4784641266 3.87353777885
      vertex 0.410444915295 10.4585132599 3.82948112488
      vertex 0.41622787714 10.4518146515 3.86909651756
    endloop
  endfacet
  facet normal -0.942688703537 0.124097429216 0.309738308191
    outer loop
      vertex 0.408056527376 10.4784641266 3.87353777885
      vertex 0.41622787714 10.4518146515 3.86909651756
      vertex 0.414610356092 10.4715766907 3.90613222122
    endloop
  endfacet
  facet normal -0.959659636021 0.141636967659 0.242883324623
    outer loop
      vertex 0.408056527376 10.4784641266 3.87353777885
      vertex 0.414610356092 10.4715766907 3.90613222122
      vertex 0.40214791894 10.5151700974 3.89644908905
    endloop
  endfacet
  facet normal -0.927309215069 0.231748878956 0.293921977282
    outer loop
      vertex 0.40214791894 10.5151700974 3.89644908905
      vertex 0.398068338633 10.4980258942 3.85838103294
      vertex 0.408056527376 10.4784641266 3.87353777885
    endloop
  endfacet
  facet normal -0.918819606304 0.120396405458 0.375866025686
    outer loop
      vertex 0.408056527376 10.4784641266 3.87353777885
      vertex 0.398068338633 10.4980258942 3.85838103294
      vertex 0.410444915295 10.4585132599 3.82948112488
    endloop
  endfacet
  facet normal -0.958191633224 0.196397408843 0.208078831434
    outer loop
      vertex 0.40214791894 10.5151700974 3.89644908905
      vertex 0.394447058439 10.5417194366 3.88700604439
      vertex 0.398068338633 10.4980258942 3.85838103294
    endloop
  endfacet
  facet normal -0.942767381668 0.28577953577 0.171812921762
    outer loop
      vertex 0.40214791894 10.5151700974 3.89644908905
      vertex 0.407880455256 10.5357160568 3.92771244049
      vertex 0.394447058439 10.5417194366 3.88700604439
    endloop
  endfacet
  facet normal -0.949255108833 0.31441038847 -0.00780138233677
    outer loop
      vertex 0.408686637878 10.5689287186 3.92932248116
      vertex 0.394447058439 10.5417194366 3.88700604439
      vertex 0.407880455256 10.5357160568 3.92771244049
    endloop
  endfacet
  facet normal -0.864123880863 0.503267586231 0.00341995805502
    outer loop
      vertex 0.408686637878 10.5689287186 3.92932248116
      vertex 0.407880455256 10.5357160568 3.92771244049
      vertex 0.429155081511 10.5633850098 3.96442961693
    endloop
  endfacet
  facet normal -0.888036370277 0.452290594578 -0.0826114341617
    outer loop
      vertex 0.42414650321 10.5244560242 3.9617061615
      vertex 0.429155081511 10.5633850098 3.96442961693
      vertex 0.407880455256 10.5357160568 3.92771244049
    endloop
  endfacet
  facet normal -0.909671604633 0.379056721926 0.169745638967
    outer loop
      vertex 0.42414650321 10.5244560242 3.9617061615
      vertex 0.407880455256 10.5357160568 3.92771244049
      vertex 0.409835726023 10.5022592545 3.91742277145
    endloop
  endfacet
  facet normal -0.932201087475 0.34911724925 0.0954896956682
    outer loop
      vertex 0.409835726023 10.5022592545 3.91742277145
      vertex 0.418610364199 10.4827699661 3.93552160263
      vertex 0.42414650321 10.5244560242 3.9617061615
    endloop
  endfacet
  facet normal -0.922812044621 0.369373112917 0.109459832311
    outer loop
      vertex 0.42414650321 10.5244560242 3.9617061615
      vertex 0.418610364199 10.4827699661 3.93552160263
      vertex 0.431603848934 10.4873380661 3.96933722496
    endloop
  endfacet
  facet normal -0.778995335102 0.626416623592 0.0277203600854
    outer loop
      vertex 0.42414650321 10.5244560242 3.9617061615
      vertex 0.431603848934 10.4873380661 3.96933722496
      vertex 0.450393378735 10.5189599991 3.99410295486
    endloop
  endfacet
  facet normal -0.745238184929 0.637135207653 -0.196669325233
    outer loop
      vertex 0.42414650321 10.5244560242 3.9617061615
      vertex 0.450393378735 10.5189599991 3.99410295486
      vertex 0.455843120813 10.5521650314 3.99022769928
    endloop
  endfacet
  facet normal -0.686335265636 0.72631841898 -0.0374896414578
    outer loop
      vertex 0.455843120813 10.5521650314 3.99022769928
      vertex 0.429155081511 10.5633850098 3.96442961693
      vertex 0.42414650321 10.5244560242 3.9617061615
    endloop
  endfacet
  facet normal -0.562214493752 0.741168618202 -0.366856843233
    outer loop
      vertex 0.455843120813 10.5521650314 3.99022769928
      vertex 0.467314213514 10.5841732025 3.98308587074
      vertex 0.429155081511 10.5633850098 3.96442961693
    endloop
  endfacet
  facet normal -0.509492516518 0.841055750847 -0.18177613616
    outer loop
      vertex 0.455843120813 10.5521650314 3.99022769928
      vertex 0.450393378735 10.5189599991 3.99410295486
      vertex 0.477602899075 10.5353336334 4.00704717636
    endloop
  endfacet
  facet normal -0.94964993 0.21577167511 0.227172926068
    outer loop
      vertex 0.418610364199 10.4827699661 3.93552160263
      vertex 0.409835726023 10.5022592545 3.91742277145
      vertex 0.414610356092 10.4715766907 3.90613222122
    endloop
  endfacet
  facet normal -0.924271225929 0.239125162363 0.297559916973
    outer loop
      vertex 0.418610364199 10.4827699661 3.93552160263
      vertex 0.414610356092 10.4715766907 3.90613222122
      vertex 0.424729794264 10.4432601929 3.91000986099
    endloop
  endfacet
  facet normal -0.917939066887 0.253028005362 0.305556327105
    outer loop
      vertex 0.424729794264 10.4432601929 3.91000986099
      vertex 0.433669030666 10.436750412 3.93457937241
      vertex 0.418610364199 10.4827699661 3.93552160263
    endloop
  endfacet
  facet normal -0.894856095314 0.223170027137 0.386558741331
    outer loop
      vertex 0.439918458462 10.410941124 3.91493201256
      vertex 0.433669030666 10.436750412 3.93457937241
      vertex 0.424729794264 10.4432601929 3.91000986099
    endloop
  endfacet
  facet normal -0.902659773827 0.158616766334 0.40005761385
    outer loop
      vertex 0.424729794264 10.4432601929 3.91000986099
      vertex 0.432846814394 10.4166088104 3.88898468018
      vertex 0.439918458462 10.410941124 3.91493201256
    endloop
  endfacet
  facet normal -0.89272326231 0.150520831347 0.424721807241
    outer loop
      vertex 0.439918458462 10.410941124 3.91493201256
      vertex 0.432846814394 10.4166088104 3.88898468018
      vertex 0.448434263468 10.3864021301 3.89619731903
    endloop
  endfacet
  facet normal -0.877887606621 0.181425571442 0.443168252707
    outer loop
      vertex 0.439918458462 10.410941124 3.91493201256
      vertex 0.448434263468 10.3864021301 3.89619731903
      vertex 0.456488460302 10.3819274902 3.92424082756
    endloop
  endfacet
  facet normal -0.875321507454 0.226363107562 0.427284508944
    outer loop
      vertex 0.456488460302 10.3819274902 3.92424082756
      vertex 0.449077427387 10.4057798386 3.94060611725
      vertex 0.439918458462 10.410941124 3.91493201256
    endloop
  endfacet
  facet normal -0.887402832508 0.237092465162 0.395352274179
    outer loop
      vertex 0.439918458462 10.410941124 3.91493201256
      vertex 0.449077427387 10.4057798386 3.94060611725
      vertex 0.433669030666 10.436750412 3.93457937241
    endloop
  endfacet
  facet normal -0.867834031582 0.335510700941 0.366465032101
    outer loop
      vertex 0.445162862539 10.4312467575 3.95829796791
      vertex 0.433669030666 10.436750412 3.93457937241
      vertex 0.449077427387 10.4057798386 3.94060611725
    endloop
  endfacet
  facet normal -0.823157608509 0.3991728127 0.403822541237
    outer loop
      vertex 0.445162862539 10.4312467575 3.95829796791
      vertex 0.449077427387 10.4057798386 3.94060611725
      vertex 0.462933957577 10.4020051956 3.96536183357
    endloop
  endfacet
  facet normal -0.787933886051 0.36546716094 0.495574384928
    outer loop
      vertex 0.456488460302 10.3819274902 3.92424082756
      vertex 0.462933957577 10.4020051956 3.96536183357
      vertex 0.449077427387 10.4057798386 3.94060611725
    endloop
  endfacet
  facet normal -0.868815720081 0.17566794157 0.462925493717
    outer loop
      vertex 0.457792639732 10.3651323318 3.88643026352
      vertex 0.456488460302 10.3819274902 3.92424082756
      vertex 0.448434263468 10.3864021301 3.89619731903
    endloop
  endfacet
  facet normal -0.799080371857 0.220837816596 0.5591968894
    outer loop
      vertex 0.456488460302 10.3819274902 3.92424082756
      vertex 0.457792639732 10.3651323318 3.88643026352
      vertex 0.476536512375 10.3560295105 3.93120360374
    endloop
  endfacet
  facet normal -0.921731352806 0.114025823772 0.370687812567
    outer loop
      vertex 0.424729794264 10.4432601929 3.91000986099
      vertex 0.41622787714 10.4518146515 3.86909651756
      vertex 0.432846814394 10.4166088104 3.88898468018
    endloop
  endfacet
  facet normal -0.939298987389 0.128682434559 0.318053841591
    outer loop
      vertex 0.424729794264 10.4432601929 3.91000986099
      vertex 0.414610356092 10.4715766907 3.90613222122
      vertex 0.41622787714 10.4518146515 3.86909651756
    endloop
  endfacet
  facet normal -0.951377570629 0.210021480918 0.225325852633
    outer loop
      vertex 0.409835726023 10.5022592545 3.91742277145
      vertex 0.40214791894 10.5151700974 3.89644908905
      vertex 0.414610356092 10.4715766907 3.90613222122
    endloop
  endfacet
  facet normal -0.95434319973 0.265258461237 0.137357026339
    outer loop
      vertex 0.40214791894 10.5151700974 3.89644908905
      vertex 0.409835726023 10.5022592545 3.91742277145
      vertex 0.407880455256 10.5357160568 3.92771244049
    endloop
  endfacet
  facet normal -0.934260725975 0.351807892323 0.0582077391446
    outer loop
      vertex 0.408686637878 10.5689287186 3.92932248116
      vertex 0.394961208105 10.5797529221 3.89466404915
      vertex 0.394447058439 10.5417194366 3.88700604439
    endloop
  endfacet
  facet normal -0.958502650261 0.281704396009 0.0437644980848
    outer loop
      vertex 0.387571722269 10.5628223419 3.86689090729
      vertex 0.394447058439 10.5417194366 3.88700604439
      vertex 0.394961208105 10.5797529221 3.89466404915
    endloop
  endfacet
  facet normal -0.900257527828 0.405781179667 -0.157727584243
    outer loop
      vertex 0.408686637878 10.5689287186 3.92932248116
      vertex 0.415731698275 10.6063222885 3.93041729927
      vertex 0.394961208105 10.5797529221 3.89466404915
    endloop
  endfacet
  facet normal -0.880301117897 -0.0359723567963 0.473049640656
    outer loop
      vertex 0.448947519064 10.3797340393 3.82870388031
      vertex 0.460819929838 10.3588342667 3.8129992485
      vertex 0.462248414755 10.3536481857 3.84624218941
    endloop
  endfacet
  facet normal -0.857588648796 -0.0431071147323 0.512526512146
    outer loop
      vertex 0.462248414755 10.3536481857 3.84624218941
      vertex 0.460819929838 10.3588342667 3.8129992485
      vertex 0.476518183947 10.3314943314 3.82575774193
    endloop
  endfacet
  facet normal -0.823665142059 0.0381327532232 0.565792918205
    outer loop
      vertex 0.462248414755 10.3536481857 3.84624218941
      vertex 0.476518183947 10.3314943314 3.82575774193
      vertex 0.482856035233 10.3244600296 3.85828518867
    endloop
  endfacet
  facet normal -0.75473344326 0.00519152684137 0.656011044979
    outer loop
      vertex 0.482856035233 10.3244600296 3.85828518867
      vertex 0.476518183947 10.3314943314 3.82575774193
      vertex 0.494626551867 10.310754776 3.83762717247
    endloop
  endfacet
  facet normal -0.734624087811 -0.0600807592273 0.675808906555
    outer loop
      vertex 0.493810981512 10.3139848709 3.81126713753
      vertex 0.494626551867 10.310754776 3.83762717247
      vertex 0.476518183947 10.3314943314 3.82575774193
    endloop
  endfacet
  facet normal -0.887876570225 -0.0651202946901 0.455449879169
    outer loop
      vertex 0.448947519064 10.3797340393 3.82870388031
      vertex 0.448380440474 10.3847370148 3.80144143105
      vertex 0.460819929838 10.3588342667 3.8129992485
    endloop
  endfacet
  facet normal -0.875568211079 -0.111232921481 0.470114409924
    outer loop
      vertex 0.46071639657 10.3656740189 3.78490710258
      vertex 0.460819929838 10.3588342667 3.8129992485
      vertex 0.448380440474 10.3847370148 3.80144143105
    endloop
  endfacet
  facet normal -0.889232397079 -0.0646183937788 0.452868849039
    outer loop
      vertex 0.436123609543 10.4062261581 3.81951022148
      vertex 0.448380440474 10.3847370148 3.80144143105
      vertex 0.448947519064 10.3797340393 3.82870388031
    endloop
  endfacet
  facet normal -0.884667396545 -0.0486696213484 0.463675439358
    outer loop
      vertex 0.436123609543 10.4062261581 3.81951022148
      vertex 0.427862495184 10.4239339828 3.8009660244
      vertex 0.448380440474 10.3847370148 3.80144143105
    endloop
  endfacet
  facet normal -0.859308481216 -0.153185397387 0.487978696823
    outer loop
      vertex 0.446750730276 10.3931589127 3.77980470657
      vertex 0.443096905947 10.4069051743 3.75651240349
      vertex 0.461796432734 10.3735256195 3.75794839859
    endloop
  endfacet
  facet normal -0.811406731606 0.00787239149213 0.584428906441
    outer loop
      vertex 0.504890024662 10.3001537323 3.86581969261
      vertex 0.511805951595 10.2900466919 3.82828259468
      vertex 0.523742675781 10.2739982605 3.86720991135
    endloop
  endfacet
  facet normal -0.411666870117 0.843475282192 -0.345079511404
    outer loop
      vertex 0.538492560387 10.5671854019 4.02571773529
      vertex 0.49208766222 10.5619630814 4.00520610809
      vertex 0.507257819176 10.5309667587 4.02529096603
    endloop
  endfacet
  facet normal -0.391009807587 0.860313117504 -0.327066779137
    outer loop
      vertex 0.538492560387 10.5671854019 4.02571773529
      vertex 0.507257819176 10.5309667587 4.02529096603
      vertex 0.537370145321 10.5239505768 4.04164457321
    endloop
  endfacet
  facet normal -0.398554176092 0.864851117134 -0.305265665054
    outer loop
      vertex 0.537370145321 10.5239505768 4.04164457321
      vertex 0.507257819176 10.5309667587 4.02529096603
      vertex 0.518275678158 10.5097646713 4.03785228729
    endloop
  endfacet
  facet normal -0.905995726585 0.359061539173 -0.224157512188
    outer loop
      vertex 0.399745225906 10.6119289398 3.89382433891
      vertex 0.407657623291 10.6448230743 3.89325404167
      vertex 0.388652265072 10.6239767075 3.85831308365
    endloop
  endfacet
  facet normal -0.946751594543 0.316244065762 -0.060424759984
    outer loop
      vertex 0.399745225906 10.6119289398 3.89382433891
      vertex 0.388652265072 10.6239767075 3.85831308365
      vertex 0.384726524353 10.5887479782 3.85329151154
    endloop
  endfacet
  facet normal -0.974345088005 0.210920512676 -0.0785126909614
    outer loop
      vertex 0.380953520536 10.6080722809 3.82866883278
      vertex 0.384726524353 10.5887479782 3.85329151154
      vertex 0.388652265072 10.6239767075 3.85831308365
    endloop
  endfacet
  facet normal -0.97432333231 0.181708976626 -0.132950931787
    outer loop
      vertex 0.380953520536 10.6080722809 3.82866883278
      vertex 0.388652265072 10.6239767075 3.85831308365
      vertex 0.384466379881 10.6390857697 3.82481360435
    endloop
  endfacet
  facet normal -0.909054636955 -0.0733855217695 0.410163640976
    outer loop
      vertex 0.400008231401 10.4782028198 3.81214642525
      vertex 0.391776800156 10.4999504089 3.79256391525
      vertex 0.410756140947 10.4628334045 3.76491355896
    endloop
  endfacet
  facet normal -0.428357064724 0.903341829777 -0.0219949036837
    outer loop
      vertex 0.495943903923 10.4808073044 4.02690458298
      vertex 0.527355253696 10.4883298874 4.04161643982
      vertex 0.504741728306 10.5016021729 4.03057003021
    endloop
  endfacet
  facet normal -0.532177984715 0.610402584076 -0.586681544781
    outer loop
      vertex 0.45518669486 10.6875514984 3.8998260498
      vertex 0.465177863836 10.6695108414 3.92587685585
      vertex 0.476727575064 10.6960887909 3.9104013443
    endloop
  endfacet
  facet normal -0.434544950724 0.619443237782 -0.653804838657
    outer loop
      vertex 0.429077535868 10.6688756943 3.90122246742
      vertex 0.465177863836 10.6695108414 3.92587685585
      vertex 0.45518669486 10.6875514984 3.8998260498
    endloop
  endfacet
  facet normal -0.887366354465 0.0407716967165 -0.459258794785
    outer loop
      vertex 0.384466379881 10.6390857697 3.82481360435
      vertex 0.40094062686 10.6716003418 3.81710672379
      vertex 0.388078391552 10.6480836868 3.80206394196
    endloop
  endfacet
  facet normal -0.603160262108 0.115799598396 -0.789169251919
    outer loop
      vertex 0.500334978104 10.7472047806 3.81942796707
      vertex 0.47486653924 10.7251491547 3.83708548546
      vertex 0.504151582718 10.7470979691 3.84004068375
    endloop
  endfacet
  facet normal -0.499148368835 -0.0431614853442 -0.865440905094
    outer loop
      vertex 0.469017475843 10.7247476578 3.79686021805
      vertex 0.508008420467 10.746588707 3.78388643265
      vertex 0.479233682156 10.7294988632 3.77397608757
    endloop
  endfacet
  facet normal -0.868042230606 -0.26474583149 -0.420014709234
    outer loop
      vertex 0.389977186918 10.632563591 3.73391842842
      vertex 0.382519215345 10.6353979111 3.76286792755
      vertex 0.400059849024 10.6619091034 3.74741578102
    endloop
  endfacet
  facet normal -0.812428474426 -0.371016025543 -0.449785590172
    outer loop
      vertex 0.400059849024 10.6619091034 3.74741578102
      vertex 0.409343808889 10.6585855484 3.72305798531
      vertex 0.389977186918 10.632563591 3.73391842842
    endloop
  endfacet
  facet normal -0.933046281338 -0.264269053936 -0.244103550911
    outer loop
      vertex 0.382519215345 10.6353979111 3.76286792755
      vertex 0.389977186918 10.632563591 3.73391842842
      vertex 0.378749638796 10.6037511826 3.746945858
    endloop
  endfacet
  facet normal -0.990516602993 -0.0313609577715 -0.133766189218
    outer loop
      vertex 0.378749638796 10.6037511826 3.746945858
      vertex 0.376887470484 10.5962791443 3.77388834953
      vertex 0.382519215345 10.6353979111 3.76286792755
    endloop
  endfacet
  facet normal -0.997778236866 -0.0627714842558 -0.0223229378462
    outer loop
      vertex 0.378749638796 10.6037511826 3.746945858
      vertex 0.377396762371 10.572974205 3.75750517845
      vertex 0.376887470484 10.5962791443 3.77388834953
    endloop
  endfacet
  facet normal -0.975888371468 -0.216026261449 0.0312180817127
    outer loop
      vertex 0.378749638796 10.6037511826 3.746945858
      vertex 0.382682681084 10.5813941956 3.73240947723
      vertex 0.377396762371 10.572974205 3.75750517845
    endloop
  endfacet
  facet normal -0.946833491325 -0.31911149621 -0.0409174971282
    outer loop
      vertex 0.378749638796 10.6037511826 3.746945858
      vertex 0.391173481941 10.5900659561 3.70832848549
      vertex 0.382682681084 10.5813941956 3.73240947723
    endloop
  endfacet
  facet normal -0.912351369858 -0.361573129892 -0.192041352391
    outer loop
      vertex 0.391173481941 10.5900659561 3.70832848549
      vertex 0.378749638796 10.6037511826 3.746945858
      vertex 0.389977186918 10.632563591 3.73391842842
    endloop
  endfacet
  facet normal -0.857444047928 -0.482814490795 -0.177988320589
    outer loop
      vertex 0.411944776773 10.6026802063 3.66871714592
      vertex 0.418290108442 10.58015728 3.64914536476
      vertex 0.401537895203 10.5680379868 3.67442822456
    endloop
  endfacet
  facet normal -0.824746131897 -0.564280807972 0.0371619164944
    outer loop
      vertex 0.422293156385 10.5458889008 3.64555120468
      vertex 0.401537895203 10.5680379868 3.67442822456
      vertex 0.418290108442 10.58015728 3.64914536476
    endloop
  endfacet
  facet normal -0.823926568031 -0.565491378307 0.0369392186403
    outer loop
      vertex 0.418290108442 10.58015728 3.64914536476
      vertex 0.431139022112 10.5775489807 3.63059473038
      vertex 0.422293156385 10.5458889008 3.64555120468
    endloop
  endfacet
  facet normal -0.780695855618 -0.575115501881 -0.244450718164
    outer loop
      vertex 0.431139022112 10.5775489807 3.63059473038
      vertex 0.418290108442 10.58015728 3.64914536476
      vertex 0.433512449265 10.6005935669 3.63716769218
    endloop
  endfacet
  facet normal -0.788701653481 -0.556458592415 -0.261349380016
    outer loop
      vertex 0.411944776773 10.6026802063 3.66871714592
      vertex 0.433512449265 10.6005935669 3.63716769218
      vertex 0.418290108442 10.58015728 3.64914536476
    endloop
  endfacet
  facet normal -0.634143531322 -0.48640987277 0.601055264473
    outer loop
      vertex 0.488227546215 10.3716506958 3.69486498833
      vertex 0.485071212053 10.3921661377 3.67362833023
      vertex 0.507841408253 10.3632564545 3.67966675758
    endloop
  endfacet
  facet normal -0.63225543499 -0.480091452599 0.608083248138
    outer loop
      vertex 0.509096384048 10.3450574875 3.7010641098
      vertex 0.488227546215 10.3716506958 3.69486498833
      vertex 0.507841408253 10.3632564545 3.67966675758
    endloop
  endfacet
  facet normal -0.695833444595 -0.441183924675 0.566720843315
    outer loop
      vertex 0.509096384048 10.3450574875 3.7010641098
      vertex 0.507841408253 10.3632564545 3.67966675758
      vertex 0.526297986507 10.3442678452 3.67494797707
    endloop
  endfacet
  facet normal -0.659358918667 -0.415347129107 0.62668377161
    outer loop
      vertex 0.509096384048 10.3450574875 3.7010641098
      vertex 0.526297986507 10.3442678452 3.67494797707
      vertex 0.540934383869 10.3198919296 3.68849253654
    endloop
  endfacet
  facet normal -0.459467232227 -0.306506633759 -0.8336327672
    outer loop
      vertex 0.595149576664 10.7873497009 3.75612568855
      vertex 0.516552805901 10.7208385468 3.69304919243
      vertex 0.495872944593 10.7278738022 3.74318408966
    endloop
  endfacet
  facet normal -0.456647455692 -0.305607020855 -0.835510313511
    outer loop
      vertex 0.495872944593 10.7278738022 3.74318408966
      vertex 0.516552805901 10.7208385468 3.69304919243
      vertex 0.474869549274 10.7022352219 3.70447421074
    endloop
  endfacet
  facet normal -0.493224263191 -0.278266608715 -0.824195086956
    outer loop
      vertex 0.495872944593 10.7278738022 3.74318408966
      vertex 0.474869549274 10.7022352219 3.70447421074
      vertex 0.453729301691 10.6967115402 3.72558403015
    endloop
  endfacet
  facet normal -0.480067372322 -0.306070178747 -0.822104811668
    outer loop
      vertex 0.453729301691 10.6967115402 3.72558403015
      vertex 0.457512319088 10.7128734589 3.7630610466
      vertex 0.495872944593 10.7278738022 3.74318408966
    endloop
  endfacet
  facet normal -0.586470961571 -0.403549849987 -0.702281534672
    outer loop
      vertex 0.456371277571 10.6769800186 3.68740582466
      vertex 0.453729301691 10.6967115402 3.72558403015
      vertex 0.474869549274 10.7022352219 3.70447421074
    endloop
  endfacet
  facet normal -0.572173953056 -0.421177715063 -0.70372313261
    outer loop
      vertex 0.456371277571 10.6769800186 3.68740582466
      vertex 0.474869549274 10.7022352219 3.70447421074
      vertex 0.479480981827 10.6872358322 3.67314815521
    endloop
  endfacet
  facet normal -0.595815420151 -0.534567177296 -0.599367916584
    outer loop
      vertex 0.456371277571 10.6769800186 3.68740582466
      vertex 0.479480981827 10.6872358322 3.67314815521
      vertex 0.468723863363 10.6555767059 3.64964103699
    endloop
  endfacet
  facet normal -0.556306183338 -0.565480411053 -0.608896791935
    outer loop
      vertex 0.507405698299 10.6874876022 3.64594769478
      vertex 0.468723863363 10.6555767059 3.64964103699
      vertex 0.479480981827 10.6872358322 3.67314815521
    endloop
  endfacet
  facet normal -0.450905203819 -0.455804616213 -0.767415583134
    outer loop
      vertex 0.507405698299 10.6874876022 3.64594769478
      vertex 0.479480981827 10.6872358322 3.67314815521
      vertex 0.516552805901 10.7208385468 3.69304919243
    endloop
  endfacet
  facet normal -0.463740676641 -0.437223225832 -0.770571529865
    outer loop
      vertex 0.516552805901 10.7208385468 3.69304919243
      vertex 0.479480981827 10.6872358322 3.67314815521
      vertex 0.474869549274 10.7022352219 3.70447421074
    endloop
  endfacet
  facet normal -0.778639495373 -0.567372620106 0.267971724272
    outer loop
      vertex 0.447993814945 10.5141143799 3.62528800964
      vertex 0.422293156385 10.5458889008 3.64555120468
      vertex 0.445245504379 10.5367250443 3.61838078499
    endloop
  endfacet
  facet normal -0.573307156563 -0.750434935093 0.328886508942
    outer loop
      vertex 0.447993814945 10.5141143799 3.62528800964
      vertex 0.478307425976 10.4900503159 3.61267590523
      vertex 0.451169222593 10.4922246933 3.63245534897
    endloop
  endfacet
  facet normal -0.469895839691 -0.790356755257 0.393108218908
    outer loop
      vertex 0.517119646072 10.4808158875 3.59395933151
      vertex 0.529195070267 10.4396848679 3.60723781586
      vertex 0.489383965731 10.4508552551 3.62535119057
    endloop
  endfacet
  facet normal -0.471336662769 -0.740861237049 0.478504270315
    outer loop
      vertex 0.489383965731 10.4508552551 3.62535119057
      vertex 0.529195070267 10.4396848679 3.60723781586
      vertex 0.50337344408 10.4122285843 3.64139866829
    endloop
  endfacet
  facet normal -0.536828696728 -0.692392349243 0.482086956501
    outer loop
      vertex 0.50337344408 10.4122285843 3.64139866829
      vertex 0.468951284885 10.4306993484 3.65522670746
      vertex 0.489383965731 10.4508552551 3.62535119057
    endloop
  endfacet
  facet normal -0.538610696793 -0.692328989506 0.480186551809
    outer loop
      vertex 0.468951284885 10.4306993484 3.65522670746
      vertex 0.461893200874 10.4504451752 3.64702224731
      vertex 0.489383965731 10.4508552551 3.62535119057
    endloop
  endfacet
  facet normal -0.561790108681 -0.720345377922 0.406810104847
    outer loop
      vertex 0.456180483103 10.4713163376 3.63969087601
      vertex 0.489383965731 10.4508552551 3.62535119057
      vertex 0.461893200874 10.4504451752 3.64702224731
    endloop
  endfacet
  facet normal -0.793671071529 -0.472478240728 0.383210808039
    outer loop
      vertex 0.456180483103 10.4713163376 3.63969087601
      vertex 0.461893200874 10.4504451752 3.64702224731
      vertex 0.438823372126 10.4597730637 3.67820930481
    endloop
  endfacet
  facet normal -0.791454553604 -0.472746878862 0.387440472841
    outer loop
      vertex 0.427696317434 10.5020427704 3.66219568253
      vertex 0.456180483103 10.4713163376 3.63969087601
      vertex 0.438823372126 10.4597730637 3.67820930481
    endloop
  endfacet
  facet normal -0.847246289253 -0.382968753576 0.36811503768
    outer loop
      vertex 0.438823372126 10.4597730637 3.67820930481
      vertex 0.413515359163 10.4924097061 3.70282864571
      vertex 0.427696317434 10.5020427704 3.66219568253
    endloop
  endfacet
  facet normal -0.846403896809 -0.383100628853 0.369911313057
    outer loop
      vertex 0.413515359163 10.4924097061 3.70282864571
      vertex 0.408075690269 10.5140628815 3.69393825531
      vertex 0.427696317434 10.5020427704 3.66219568253
    endloop
  endfacet
  facet normal -0.860210418701 -0.42499640584 0.281808644533
    outer loop
      vertex 0.40449437499 10.5380277634 3.68529677391
      vertex 0.427696317434 10.5020427704 3.66219568253
      vertex 0.408075690269 10.5140628815 3.69393825531
    endloop
  endfacet
  facet normal -0.908777236938 -0.330349832773 0.254937082529
    outer loop
      vertex 0.40449437499 10.5380277634 3.68529677391
      vertex 0.408075690269 10.5140628815 3.69393825531
      vertex 0.391485899687 10.5288524628 3.72816300392
    endloop
  endfacet
  facet normal -0.895038068295 -0.285961180925 0.342247068882
    outer loop
      vertex 0.413515359163 10.4924097061 3.70282864571
      vertex 0.391485899687 10.5288524628 3.72816300392
      vertex 0.408075690269 10.5140628815 3.69393825531
    endloop
  endfacet
  facet normal -0.774643838406 -0.436016708612 0.458057105541
    outer loop
      vertex 0.468951284885 10.4306993484 3.65522670746
      vertex 0.438823372126 10.4597730637 3.67820930481
      vertex 0.461893200874 10.4504451752 3.64702224731
    endloop
  endfacet
  facet normal -0.447236716747 -0.804425358772 0.390997618437
    outer loop
      vertex 0.529195070267 10.4396848679 3.60723781586
      vertex 0.517119646072 10.4808158875 3.59395933151
      vertex 0.542978107929 10.4635763168 3.58796238899
    endloop
  endfacet
  facet normal -0.808044552803 -0.416767418385 0.416375994682
    outer loop
      vertex 0.565853714943 10.336558342 3.64430093765
      vertex 0.574394822121 10.3265609741 3.63772845268
      vertex 0.568677186966 10.3112001419 3.66416072845
    endloop
  endfacet
  facet normal -0.633564949036 -0.772980451584 0.0331163369119
    outer loop
      vertex 0.565853714943 10.336558342 3.64430093765
      vertex 0.588132560253 10.3457975388 3.62564444542
      vertex 0.574394822121 10.3265609741 3.63772845268
    endloop
  endfacet
  facet normal -0.380213528872 0.337155014277 0.861257314682
    outer loop
      vertex 0.95775526762 9.91336727142 4.03400993347
      vertex 0.802638232708 10.0242834091 4.14241552353
      vertex 0.743047654629 10.0278139114 4.08423280716
    endloop
  endfacet
  facet normal -0.545385599136 -0.692471683025 -0.472268491983
    outer loop
      vertex 0.530598402023 10.6700687408 3.60489749908
      vertex 0.492561757565 10.6279764175 3.60614728928
      vertex 0.494115024805 10.6551151276 3.6234331131
    endloop
  endfacet
  facet normal -0.452674001455 -0.804193675518 -0.385173767805
    outer loop
      vertex 0.536189496517 10.6160154343 3.57586121559
      vertex 0.492561757565 10.6279764175 3.60614728928
      vertex 0.530598402023 10.6700687408 3.60489749908
    endloop
  endfacet
  facet normal -0.58901655674 -0.760106146336 -0.274405121803
    outer loop
      vertex 0.490860849619 10.5881319046 3.58941721916
      vertex 0.463068842888 10.592918396 3.61268162727
      vertex 0.493828833103 10.6053762436 3.59334301949
    endloop
  endfacet
  facet normal 0.841428220272 -0.526994049549 -0.119481615722
    outer loop
      vertex 1.38666319847 10.9313879013 3.58021306992
      vertex 1.489798069 10.8153305054 3.71857118607
      vertex 1.46837937832 10.7942676544 3.67959737778
    endloop
  endfacet
  facet normal 0.892172574997 -0.443206489086 0.0871553644538
    outer loop
      vertex 1.51683270931 10.6422204971 3.8070333004
      vertex 1.46837937832 10.7942676544 3.67959737778
      vertex 1.489798069 10.8153305054 3.71857118607
    endloop
  endfacet
  facet normal 0.876874685287 -0.469553112984 0.103008002043
    outer loop
      vertex 1.489798069 10.8153305054 3.71857118607
      vertex 1.53708469868 10.6480531693 3.84357357025
      vertex 1.51683270931 10.6422204971 3.8070333004
    endloop
  endfacet
  facet normal 0.861123323441 -0.435357689857 0.26254594326
    outer loop
      vertex 1.53708469868 10.6480531693 3.84357357025
      vertex 1.51857352257 10.4549779892 3.92339468002
      vertex 1.51683270931 10.6422204971 3.8070333004
    endloop
  endfacet
  facet normal 0.357460081577 -0.794719934464 0.49055325985
    outer loop
      vertex 1.26201415062 10.4300394058 3.8233897686
      vertex 1.51683270931 10.6422204971 3.8070333004
      vertex 1.51857352257 10.4549779892 3.92339468002
    endloop
  endfacet
  facet normal 0.389434337616 -0.756102144718 0.525975704193
    outer loop
      vertex 1.51683270931 10.6422204971 3.8070333004
      vertex 1.26201415062 10.4300394058 3.8233897686
      vertex 1.23806059361 10.5676813126 3.71530270576
    endloop
  endfacet
  facet normal 0.38906905055 -0.763294816017 0.515758037567
    outer loop
      vertex 1.23806059361 10.5676813126 3.71530270576
      vertex 1.46837937832 10.7942676544 3.67959737778
      vertex 1.51683270931 10.6422204971 3.8070333004
    endloop
  endfacet
  facet normal 0.387841641903 -0.764619529247 0.514719128609
    outer loop
      vertex 1.46837937832 10.7942676544 3.67959737778
      vertex 1.23806059361 10.5676813126 3.71530270576
      vertex 1.20337677002 10.7193193436 3.59563207626
    endloop
  endfacet
  facet normal 0.453727632761 -0.747077405453 0.485805094242
    outer loop
      vertex 0.897851645947 10.4209594727 3.60409116745
      vertex 1.20337677002 10.7193193436 3.59563207626
      vertex 1.23806059361 10.5676813126 3.71530270576
    endloop
  endfacet
  facet normal 0.390047281981 -0.892054140568 0.228259831667
    outer loop
      vertex 1.23806059361 10.5676813126 3.71530270576
      vertex 0.933424055576 10.2347583771 3.66729021072
      vertex 0.897851645947 10.4209594727 3.60409116745
    endloop
  endfacet
  facet normal 0.0615270100534 -0.948666334152 0.31023645401
    outer loop
      vertex 0.747123539448 10.1255893707 3.69090843201
      vertex 0.897851645947 10.4209594727 3.60409116745
      vertex 0.933424055576 10.2347583771 3.66729021072
    endloop
  endfacet
  facet normal -0.167069062591 -0.983284950256 -0.0723787173629
    outer loop
      vertex 0.933424055576 10.2347583771 3.66729021072
      vertex 0.9134349823 10.0160856247 3.65459012985
      vertex 0.747123539448 10.1255893707 3.69090843201
    endloop
  endfacet
  facet normal -0.542710602283 -0.53635340929 0.646366894245
    outer loop
      vertex 0.747123539448 10.1255893707 3.69090843201
      vertex 0.9134349823 10.0160856247 3.65459012985
      vertex 0.771233797073 9.98839473724 3.83184766769
    endloop
  endfacet
  facet normal -0.196488499641 -0.303290605545 0.932420015335
    outer loop
      vertex 0.771233797073 9.98839473724 3.83184766769
      vertex 0.9134349823 10.0160856247 3.65459012985
      vertex 0.925094604492 9.94014644623 3.8805000782
    endloop
  endfacet
  facet normal 0.232632339001 -0.971928179264 -0.0351822301745
    outer loop
      vertex 1.10079395771 10.2016000748 3.70615029335
      vertex 0.9134349823 10.0160856247 3.65459012985
      vertex 0.933424055576 10.2347583771 3.66729021072
    endloop
  endfacet
  facet normal 0.269668638706 -0.920677065849 -0.282192349434
    outer loop
      vertex 1.26201415062 10.4300394058 3.8233897686
      vertex 1.10079395771 10.2016000748 3.70615029335
      vertex 0.933424055576 10.2347583771 3.66729021072
    endloop
  endfacet
  facet normal 0.584262013435 -0.684567511082 0.435895889997
    outer loop
      vertex 0.933424055576 10.2347583771 3.66729021072
      vertex 1.23806059361 10.5676813126 3.71530270576
      vertex 1.26201415062 10.4300394058 3.8233897686
    endloop
  endfacet
  facet normal 0.218626871705 -0.974524199963 -0.0500483959913
    outer loop
      vertex 0.9134349823 10.0160856247 3.65459012985
      vertex 1.10079395771 10.2016000748 3.70615029335
      vertex 1.03263473511 10.0130167007 3.68117427826
    endloop
  endfacet
  facet normal 0.074004791677 -0.672703266144 0.736202120781
    outer loop
      vertex 1.42775118351 10.9387779236 3.5766453743
      vertex 1.489798069 10.8153305054 3.71857118607
      vertex 1.38666319847 10.9313879013 3.58021306992
    endloop
  endfacet
  facet normal 0.940158247948 0.196789577603 -0.278165996075
    outer loop
      vertex 1.44876015186 10.7789449692 4.10065221786
      vertex 1.47527706623 10.6550836563 4.14904785156
      vertex 1.46028399467 10.7601823807 4.07211780548
    endloop
  endfacet
  facet normal 0.916689991951 0.119487516582 -0.381316423416
    outer loop
      vertex 1.46028399467 10.7601823807 4.07211780548
      vertex 1.39986526966 10.9475460052 3.93771314621
      vertex 1.44876015186 10.7789449692 4.10065221786
    endloop
  endfacet
  facet normal -0.128864869475 0.824994921684 -0.550251960754
    outer loop
      vertex 1.46028399467 10.7601823807 4.07211780548
      vertex 1.43541717529 10.9557294846 3.93780851364
      vertex 1.39986526966 10.9475460052 3.93771314621
    endloop
  endfacet
  facet normal -0.190112471581 0.540395975113 -0.819652020931
    outer loop
      vertex 1.43541717529 10.9557294846 3.93780851364
      vertex 1.33955693245 11.0524606705 3.75736689568
      vertex 1.39986526966 10.9475460052 3.93771314621
    endloop
  endfacet
  facet normal -0.422391265631 0.592240810394 -0.686175227165
    outer loop
      vertex 1.33955693245 11.0524606705 3.75736689568
      vertex 1.43541717529 10.9557294846 3.93780851364
      vertex 1.38420116901 11.07239151 3.7661151886
    endloop
  endfacet
  facet normal -0.231047078967 -0.587619900703 -0.775448322296
    outer loop
      vertex 1.38420116901 11.07239151 3.7661151886
      vertex 1.3928745985 11.0025730133 3.67056894302
      vertex 1.33955693245 11.0524606705 3.75736689568
    endloop
  endfacet
  facet normal -0.213936716318 -0.588923990726 -0.779358446598
    outer loop
      vertex 1.38420116901 11.07239151 3.7661151886
      vertex 1.66111195087 11.0980768204 3.6995139122
      vertex 1.3928745985 11.0025730133 3.67056894302
    endloop
  endfacet
  facet normal -0.211003452539 -0.59739780426 -0.773688197136
    outer loop
      vertex 1.6997218132 11.0406093597 3.61145067215
      vertex 1.3928745985 11.0025730133 3.67056894302
      vertex 1.66111195087 11.0980768204 3.6995139122
    endloop
  endfacet
  facet normal -0.176938056946 -0.591112136841 -0.786943078041
    outer loop
      vertex 1.698746562 11.1137590408 3.7091255188
      vertex 1.6997218132 11.0406093597 3.61145067215
      vertex 1.66111195087 11.0980768204 3.6995139122
    endloop
  endfacet
  facet normal -0.175515845418 -0.593842923641 -0.785203635693
    outer loop
      vertex 1.66111195087 11.0980768204 3.6995139122
      vertex 1.63904702663 11.167470932 3.7977912426
      vertex 1.698746562 11.1137590408 3.7091255188
    endloop
  endfacet
  facet normal -0.171101674438 -0.592207431793 -0.787410020828
    outer loop
      vertex 1.66346204281 11.1790399551 3.80611848831
      vertex 1.698746562 11.1137590408 3.7091255188
      vertex 1.63904702663 11.167470932 3.7977912426
    endloop
  endfacet
  facet normal -0.197828099132 -0.594656348228 -0.779261112213
    outer loop
      vertex 1.63904702663 11.167470932 3.7977912426
      vertex 1.66111195087 11.0980768204 3.6995139122
      vertex 1.61249864101 11.1572847366 3.7932741642
    endloop
  endfacet
  facet normal -0.365286290646 0.654847204685 -0.661620020866
    outer loop
      vertex 1.61249864101 11.1572847366 3.7932741642
      vertex 1.65925383568 11.016705513 3.96138811111
      vertex 1.63904702663 11.167470932 3.7977912426
    endloop
  endfacet
  facet normal -0.365319311619 0.654843866825 -0.661605060101
    outer loop
      vertex 1.65925383568 11.016705513 3.96138811111
      vertex 1.61249864101 11.1572847366 3.7932741642
      vertex 1.64231133461 11.0112581253 3.95744013786
    endloop
  endfacet
  facet normal -0.353371173143 0.755777001381 -0.551298439503
    outer loop
      vertex 1.67971003056 10.8237247467 4.11172151566
      vertex 1.65925383568 11.016705513 3.96138811111
      vertex 1.64231133461 11.0112581253 3.95744013786
    endloop
  endfacet
  facet normal -0.310075521469 0.76359796524 -0.566366791725
    outer loop
      vertex 1.67971003056 10.8237247467 4.11172151566
      vertex 1.64231133461 11.0112581253 3.95744013786
      vertex 1.48718833923 10.7667770386 4.07578277588
    endloop
  endfacet
  facet normal -0.220951884985 0.815489590168 -0.534936487675
    outer loop
      vertex 1.48718833923 10.7667770386 4.07578277588
      vertex 1.64231133461 11.0112581253 3.95744013786
      vertex 1.43541717529 10.9557294846 3.93780851364
    endloop
  endfacet
  facet normal -0.240455895662 0.814111471176 -0.528586268425
    outer loop
      vertex 1.48718833923 10.7667770386 4.07578277588
      vertex 1.43541717529 10.9557294846 3.93780851364
      vertex 1.46028399467 10.7601823807 4.07211780548
    endloop
  endfacet
  facet normal -0.243622303009 0.798851013184 -0.549986600876
    outer loop
      vertex 1.47527706623 10.6550836563 4.14904785156
      vertex 1.48718833923 10.7667770386 4.07578277588
      vertex 1.46028399467 10.7601823807 4.07211780548
    endloop
  endfacet
  facet normal -0.260568976402 0.594572782516 -0.760649085045
    outer loop
      vertex 1.38420116901 11.07239151 3.7661151886
      vertex 1.43541717529 10.9557294846 3.93780851364
      vertex 1.64231133461 11.0112581253 3.95744013786
    endloop
  endfacet
  facet normal -0.329519182444 0.660205364227 -0.67494148016
    outer loop
      vertex 1.64231133461 11.0112581253 3.95744013786
      vertex 1.61249864101 11.1572847366 3.7932741642
      vertex 1.38420116901 11.07239151 3.7661151886
    endloop
  endfacet
  facet normal -0.215574637055 -0.598837554455 -0.771311342716
    outer loop
      vertex 1.38420116901 11.07239151 3.7661151886
      vertex 1.61249864101 11.1572847366 3.7932741642
      vertex 1.66111195087 11.0980768204 3.6995139122
    endloop
  endfacet
  facet normal 0.9940122962 -0.0714311003685 0.0826871097088
    outer loop
      vertex 1.33052349091 10.2371091843 3.8003411293
      vertex 1.3307621479 10.1472892761 3.90763664246
      vertex 1.32745552063 10.2176971436 3.78011965752
    endloop
  endfacet
  facet normal 0.471611469984 0.416828423738 -0.777069270611
    outer loop
      vertex 1.3497158289 10.1433639526 3.89350891113
      vertex 1.32745552063 10.2176971436 3.78011965752
      vertex 1.3307621479 10.1472892761 3.90763664246
    endloop
  endfacet
  facet normal 0.480128198862 0.432045608759 -0.763422191143
    outer loop
      vertex 1.3307621479 10.1472892761 3.90763664246
      vertex 1.36177718639 10.0582323074 4.03053283691
      vertex 1.3497158289 10.1433639526 3.89350891113
    endloop
  endfacet
  facet normal 0.321294426918 0.479185730219 -0.816793084145
    outer loop
      vertex 1.50453555584 10.1405687332 3.79446697235
      vertex 1.3497158289 10.1433639526 3.89350891113
      vertex 1.36177718639 10.0582323074 4.03053283691
    endloop
  endfacet
  facet normal 0.383898079395 0.502380251884 -0.774749219418
    outer loop
      vertex 1.36177718639 10.0582323074 4.03053283691
      vertex 1.53666043282 10.0457191467 3.91619086266
      vertex 1.50453555584 10.1405687332 3.79446697235
    endloop
  endfacet
  facet normal 0.52497959137 0.432597279549 -0.732977509499
    outer loop
      vertex 1.53666043282 10.0457191467 3.91619086266
      vertex 1.54358065128 10.1250257492 3.77341961861
      vertex 1.50453555584 10.1405687332 3.79446697235
    endloop
  endfacet
  facet normal 0.525905191898 0.43653139472 -0.729975402355
    outer loop
      vertex 1.52988064289 10.2042140961 3.65750432014
      vertex 1.50453555584 10.1405687332 3.79446697235
      vertex 1.54358065128 10.1250257492 3.77341961861
    endloop
  endfacet
  facet normal 0.501676619053 0.446761995554 -0.740759253502
    outer loop
      vertex 1.52988064289 10.2042140961 3.65750432014
      vertex 1.54358065128 10.1250257492 3.77341961861
      vertex 1.57506012917 10.1857481003 3.63738918304
    endloop
  endfacet
  facet normal -0.094016931951 -0.779584825039 -0.619199752808
    outer loop
      vertex 1.57506012917 10.1857481003 3.63738918304
      vertex 1.43811798096 10.0849208832 3.57382059097
      vertex 1.52988064289 10.2042140961 3.65750432014
    endloop
  endfacet
  facet normal -0.0978740826249 -0.77776402235 -0.620889484882
    outer loop
      vertex 1.39203155041 10.1027431488 3.59384727478
      vertex 1.52988064289 10.2042140961 3.65750432014
      vertex 1.43811798096 10.0849208832 3.57382059097
    endloop
  endfacet
  facet normal -0.19246545434 -0.861327826977 -0.470182359219
    outer loop
      vertex 1.43811798096 10.0849208832 3.57382059097
      vertex 1.40815722942 10.038977623 3.55543589592
      vertex 1.39203155041 10.1027431488 3.59384727478
    endloop
  endfacet
  facet normal -0.191972583532 -0.861359357834 -0.470326036215
    outer loop
      vertex 1.36633443832 10.0219068527 3.55543589592
      vertex 1.39203155041 10.1027431488 3.59384727478
      vertex 1.40815722942 10.038977623 3.55543589592
    endloop
  endfacet
  facet normal 0 -1 0
    outer loop
      vertex 1.40815722942 10.038977623 3.55543589592
      vertex 1.38137435913 9.90509128571 3.55543589592
      vertex 1.36633443832 10.0219068527 3.55543589592
    endloop
  endfacet
  facet normal 0 -1 0
    outer loop
      vertex 1.36633443832 10.0219068527 3.55543589592
      vertex 1.38137435913 9.90509128571 3.55543589592
      vertex 1.35235857964 9.92320823669 3.55543589592
    endloop
  endfacet
  facet normal 0 -1 0
    outer loop
      vertex 1.36633443832 10.0219068527 3.55543589592
      vertex 1.35235857964 9.92320823669 3.55543589592
      vertex 1.34133863449 9.93072128296 3.55543589592
    endloop
  endfacet
  facet normal 0 -1 0
    outer loop
      vertex 1.36633443832 10.0219068527 3.55543589592
      vertex 1.34133863449 9.93072128296 3.55543589592
      vertex 1.32885491848 10.0065813065 3.55543589592
    endloop
  endfacet
  facet normal -0.192353084683 -0.861239492893 -0.470390021801
    outer loop
      vertex 1.39203155041 10.1027431488 3.59384727478
      vertex 1.36633443832 10.0219068527 3.55543589592
      vertex 1.32885491848 10.0065813065 3.55543589592
    endloop
  endfacet
  facet normal -0.371812105179 -0.751794397831 -0.544574081898
    outer loop
      vertex 1.10285770893 9.99845790863 3.66132259369
      vertex 1.39203155041 10.1027431488 3.59384727478
      vertex 1.32885491848 10.0065813065 3.55543589592
    endloop
  endfacet
  facet normal -0.371812164783 -0.75179451704 -0.544573843479
    outer loop
      vertex 1.10285770893 9.99845790863 3.66132259369
      vertex 1.32885491848 10.0065813065 3.55543589592
      vertex 1.27466535568 9.96958255768 3.55543589592
    endloop
  endfacet
  facet normal -0.420011818409 -0.469746738672 0.776484429836
    outer loop
      vertex 1.32078754902 9.88303279877 3.65726208687
      vertex 1.10285770893 9.99845790863 3.66132259369
      vertex 1.27466535568 9.96958255768 3.55543589592
    endloop
  endfacet
  facet normal -0.42000284791 -0.469752132893 0.776486039162
    outer loop
      vertex 1.32078754902 9.88303279877 3.65726208687
      vertex 1.27466535568 9.96958255768 3.55543589592
      vertex 1.30426704884 9.95357131958 3.55543589592
    endloop
  endfacet
  facet normal -0.468454748392 -0.45047929883 0.760012209415
    outer loop
      vertex 1.32078754902 9.88303279877 3.65726208687
      vertex 1.30426704884 9.95357131958 3.55543589592
      vertex 1.34133863449 9.93072128296 3.55543589592
    endloop
  endfacet
  facet normal -0.503687024117 -0.447675138712 0.738841235638
    outer loop
      vertex 1.34133863449 9.93072128296 3.55543589592
      vertex 1.35235857964 9.92320823669 3.55543589592
      vertex 1.32078754902 9.88303279877 3.65726208687
    endloop
  endfacet
  facet normal -0.503690958023 -0.447675287724 0.738838434219
    outer loop
      vertex 1.36051464081 9.86834430695 3.63680720329
      vertex 1.32078754902 9.88303279877 3.65726208687
      vertex 1.35235857964 9.92320823669 3.55543589592
    endloop
  endfacet
  facet normal -0.470112740993 -0.460539370775 0.752925992012
    outer loop
      vertex 1.36051464081 9.86834430695 3.63680720329
      vertex 1.35235857964 9.92320823669 3.55543589592
      vertex 1.38137435913 9.90509128571 3.55543589592
    endloop
  endfacet
  facet normal -0.448102116585 -0.460826843977 0.766056835651
    outer loop
      vertex 1.38137435913 9.90509128571 3.55543589592
      vertex 1.40619444847 9.89057350159 3.55543589592
      vertex 1.36051464081 9.86834430695 3.63680720329
    endloop
  endfacet
  facet normal -0.448100447655 -0.460826277733 0.766058206558
    outer loop
      vertex 1.41696465015 9.84903526306 3.61401367188
      vertex 1.36051464081 9.86834430695 3.63680720329
      vertex 1.40619444847 9.89057350159 3.55543589592
    endloop
  endfacet
  facet normal -0.386771023273 -0.485044062138 0.78430891037
    outer loop
      vertex 1.41696465015 9.84903526306 3.61401367188
      vertex 1.40619444847 9.89057350159 3.55543589592
      vertex 1.47495663166 9.85666370392 3.55543589592
    endloop
  endfacet
  facet normal -0.395287364721 -0.49232506752 0.775476574898
    outer loop
      vertex 1.5630364418 9.79961776733 3.5745716095
      vertex 1.41696465015 9.84903526306 3.61401367188
      vertex 1.47495663166 9.85666370392 3.55543589592
    endloop
  endfacet
  facet normal -0.395281970501 -0.492336452007 0.775472104549
    outer loop
      vertex 1.5630364418 9.79961776733 3.5745716095
      vertex 1.47495663166 9.85666370392 3.55543589592
      vertex 1.56120336056 9.81270122528 3.55543613434
    endloop
  endfacet
  facet normal -0.340311825275 -0.508285105228 0.791096806526
    outer loop
      vertex 1.5630364418 9.79961776733 3.5745716095
      vertex 1.56120336056 9.81270122528 3.55543613434
      vertex 1.57388210297 9.80724716187 3.55543613434
    endloop
  endfacet
  facet normal -0.376325756311 -0.519220113754 0.767326176167
    outer loop
      vertex 1.5630364418 9.79961776733 3.5745716095
      vertex 1.57388210297 9.80724716187 3.55543613434
      vertex 1.63918089867 9.77522182465 3.55543613434
    endloop
  endfacet
  facet normal -0.373990923166 -0.465636461973 0.80206823349
    outer loop
      vertex 1.58622360229 9.72356700897 3.68694663048
      vertex 1.5630364418 9.79961776733 3.5745716095
      vertex 1.63918089867 9.77522182465 3.55543613434
    endloop
  endfacet
  facet normal -0.373999893665 -0.465638071299 0.802063107491
    outer loop
      vertex 1.58622360229 9.72356700897 3.68694663048
      vertex 1.63918089867 9.77522182465 3.55543613434
      vertex 1.66547966003 9.76295948029 3.55543613434
    endloop
  endfacet
  facet normal -0.32100212574 -0.444025367498 0.836539983749
    outer loop
      vertex 1.69272041321 9.70514678955 3.64465975761
      vertex 1.58622360229 9.72356700897 3.68694663048
      vertex 1.66547966003 9.76295948029 3.55543613434
    endloop
  endfacet
  facet normal -0.320972770452 -0.444037437439 0.836544811726
    outer loop
      vertex 1.69272041321 9.70514678955 3.64465975761
      vertex 1.66547966003 9.76295948029 3.55543613434
      vertex 1.67198371887 9.7604637146 3.55543613434
    endloop
  endfacet
  facet normal 0.67102265358 -0.497040808201 0.550162732601
    outer loop
      vertex 1.79002153873 9.77500629425 3.69869470596
      vertex 1.69272041321 9.70514678955 3.64465975761
      vertex 1.67198371887 9.7604637146 3.55543613434
    endloop
  endfacet
  facet normal 0.671008825302 -0.497026383877 0.550192594528
    outer loop
      vertex 1.79002153873 9.77500629425 3.69869470596
      vertex 1.67198371887 9.7604637146 3.55543613434
      vertex 1.67635345459 9.76579284668 3.55543613434
    endloop
  endfacet
  facet normal 0.703806996346 -0.527859091759 0.475416153669
    outer loop
      vertex 1.67635345459 9.76579284668 3.55543613434
      vertex 1.68657875061 9.7809305191 3.55543613434
      vertex 1.79002153873 9.77500629425 3.69869470596
    endloop
  endfacet
  facet normal 0.703805744648 -0.527858316898 0.475418776274
    outer loop
      vertex 1.76512134075 9.85580158234 3.59272551537
      vertex 1.79002153873 9.77500629425 3.69869470596
      vertex 1.68657875061 9.7809305191 3.55543613434
    endloop
  endfacet
  facet normal 0.570609509945 -0.795947015285 0.20217114687
    outer loop
      vertex 1.76512134075 9.85580158234 3.59272551537
      vertex 1.68657875061 9.7809305191 3.55543613434
      vertex 1.72952210903 9.90213394165 3.55543613434
    endloop
  endfacet
  facet normal 0.739648401737 -0.672447502613 -0.0271039903164
    outer loop
      vertex 1.75934863091 10.0457220078 3.59403085709
      vertex 1.76512134075 9.85580158234 3.59272551537
      vertex 1.72952210903 9.90213394165 3.55543613434
    endloop
  endfacet
  facet normal 0.739647865295 -0.67244809866 -0.027104254812
    outer loop
      vertex 1.75934863091 10.0457220078 3.59403085709
      vertex 1.72952210903 9.90213394165 3.55543613434
      vertex 1.72614789009 9.9942150116 3.55543613434
    endloop
  endfacet
  facet normal 0.305526971817 -0.845994055271 -0.436975181103
    outer loop
      vertex 1.75934863091 10.0457220078 3.59403085709
      vertex 1.72614789009 9.9942150116 3.55543613434
      vertex 1.69462299347 10.0162572861 3.55543613434
    endloop
  endfacet
  facet normal 0 -1 0
    outer loop
      vertex 1.72952210903 9.90213394165 3.55543613434
      vertex 1.69462299347 10.0162572861 3.55543613434
      vertex 1.72614789009 9.9942150116 3.55543613434
    endloop
  endfacet
  facet normal 0 -1 0
    outer loop
      vertex 1.56120336056 9.81270122528 3.55543613434
      vertex 1.69462299347 10.0162572861 3.55543613434
      vertex 1.72952210903 9.90213394165 3.55543613434
    endloop
  endfacet
  facet normal 0 -1 0
    outer loop
      vertex 1.56120336056 9.81270122528 3.55543613434
      vertex 1.72952210903 9.90213394165 3.55543613434
      vertex 1.57388210297 9.80724716187 3.55543613434
    endloop
  endfacet
  facet normal 0 -1 0
    outer loop
      vertex 1.57388210297 9.80724716187 3.55543613434
      vertex 1.72952210903 9.90213394165 3.55543613434
      vertex 1.63918089867 9.77522182465 3.55543613434
    endloop
  endfacet
  facet normal 0 -1 0
    outer loop
      vertex 1.63918089867 9.77522182465 3.55543613434
      vertex 1.72952210903 9.90213394165 3.55543613434
      vertex 1.68657875061 9.7809305191 3.55543613434
    endloop
  endfacet
  facet normal 0 -1 0
    outer loop
      vertex 1.63918089867 9.77522182465 3.55543613434
      vertex 1.68657875061 9.7809305191 3.55543613434
      vertex 1.66547966003 9.76295948029 3.55543613434
    endloop
  endfacet
  facet normal 0 -1 0
    outer loop
      vertex 1.66547966003 9.76295948029 3.55543613434
      vertex 1.68657875061 9.7809305191 3.55543613434
      vertex 1.67635345459 9.76579284668 3.55543613434
    endloop
  endfacet
  facet normal 0 -1 0
    outer loop
      vertex 1.66547966003 9.76295948029 3.55543613434
      vertex 1.67635345459 9.76579284668 3.55543613434
      vertex 1.67198371887 9.7604637146 3.55543613434
    endloop
  endfacet
  facet normal 0 -1 0
    outer loop
      vertex 1.66936552525 10.037815094 3.55543613434
      vertex 1.69462299347 10.0162572861 3.55543613434
      vertex 1.56120336056 9.81270122528 3.55543613434
    endloop
  endfacet
  facet normal 2.75384036286e-06 -1 1.32315699375e-06
    outer loop
      vertex 1.66936552525 10.037815094 3.55543613434
      vertex 1.56120336056 9.81270122528 3.55543613434
      vertex 1.47495663166 9.85666370392 3.55543589592
    endloop
  endfacet
  facet normal 2.36205480064e-07 -1 -1.37872939376e-06
    outer loop
      vertex 1.66936552525 10.037815094 3.55543613434
      vertex 1.47495663166 9.85666370392 3.55543589592
      vertex 1.49240100384 10.0681333542 3.55543613434
    endloop
  endfacet
  facet normal 0.0901084989309 -0.845720887184 -0.525962531567
    outer loop
      vertex 1.49240100384 10.0681333542 3.55543613434
      vertex 1.57506012917 10.1857481003 3.63738918304
      vertex 1.66936552525 10.037815094 3.55543613434
    endloop
  endfacet
  facet normal 0.0992847904563 -0.847790122032 -0.520955324173
    outer loop
      vertex 1.57506012917 10.1857481003 3.63738918304
      vertex 1.49240100384 10.0681333542 3.55543613434
      vertex 1.48589110374 10.0693740845 3.55543613434
    endloop
  endfacet
  facet normal -0.0968385860324 -0.777321755886 -0.621605336666
    outer loop
      vertex 1.43811798096 10.0849208832 3.57382059097
      vertex 1.57506012917 10.1857481003 3.63738918304
      vertex 1.48589110374 10.0693740845 3.55543613434
    endloop
  endfacet
  facet normal -0.0968144610524 -0.777292847633 -0.621645271778
    outer loop
      vertex 1.43811798096 10.0849208832 3.57382059097
      vertex 1.48589110374 10.0693740845 3.55543613434
      vertex 1.48069143295 10.0685634613 3.55543589592
    endloop
  endfacet
  facet normal -0.19162170589 -0.861728549004 -0.469792515039
    outer loop
      vertex 1.43811798096 10.0849208832 3.57382059097
      vertex 1.48069143295 10.0685634613 3.55543589592
      vertex 1.40815722942 10.038977623 3.55543589592
    endloop
  endfacet
  facet normal 0 -1 0
    outer loop
      vertex 1.48069143295 10.0685634613 3.55543589592
      vertex 1.40619444847 9.89057350159 3.55543589592
      vertex 1.40815722942 10.038977623 3.55543589592
    endloop
  endfacet
  facet normal 0 -1 0
    outer loop
      vertex 1.40815722942 10.038977623 3.55543589592
      vertex 1.40619444847 9.89057350159 3.55543589592
      vertex 1.38137435913 9.90509128571 3.55543589592
    endloop
  endfacet
  facet normal 2.4868415494e-05 -1 1.04085247585e-05
    outer loop
      vertex 1.49240100384 10.0681333542 3.55543613434
      vertex 1.40619444847 9.89057350159 3.55543589592
      vertex 1.48069143295 10.0685634613 3.55543589592
    endloop
  endfacet
  facet normal 3.12866613967e-05 -1 -0.000164163633599
    outer loop
      vertex 1.49240100384 10.0681333542 3.55543613434
      vertex 1.48069143295 10.0685634613 3.55543589592
      vertex 1.48589110374 10.0693740845 3.55543613434
    endloop
  endfacet
  facet normal 6.62557454234e-07 -1 -1.34355911996e-06
    outer loop
      vertex 1.49240100384 10.0681333542 3.55543613434
      vertex 1.47495663166 9.85666370392 3.55543589592
      vertex 1.40619444847 9.89057350159 3.55543589592
    endloop
  endfacet
  facet normal 0.77227640152 -0.634676516056 -0.0278361104429
    outer loop
      vertex 1.76512134075 9.85580158234 3.59272551537
      vertex 1.75934863091 10.0457220078 3.59403085709
      vertex 1.81125879288 9.96939563751 3.6538476944
    endloop
  endfacet
  facet normal 0.927997469902 -0.306333243847 0.212086498737
    outer loop
      vertex 1.82354438305 9.89433574677 3.74303197861
      vertex 1.76512134075 9.85580158234 3.59272551537
      vertex 1.81125879288 9.96939563751 3.6538476944
    endloop
  endfacet
  facet normal 0.667116761208 0.423753410578 -0.612689375877
    outer loop
      vertex 1.81125879288 9.96939563751 3.6538476944
      vertex 1.74022316933 9.94365119934 3.80290126801
      vertex 1.82354438305 9.89433574677 3.74303197861
    endloop
  endfacet
  facet normal 0.31269043684 0.824156820774 0.472218394279
    outer loop
      vertex 1.67338705063 9.81969738007 3.75723719597
      vertex 1.82354438305 9.89433574677 3.74303197861
      vertex 1.74022316933 9.94365119934 3.80290126801
    endloop
  endfacet
  facet normal 0.208469197154 0.875919997692 0.435091614723
    outer loop
      vertex 1.52781057358 9.87770175934 3.82069659233
      vertex 1.67338705063 9.81969738007 3.75723719597
      vertex 1.74022316933 9.94365119934 3.80290126801
    endloop
  endfacet
  facet normal 0.213832229376 0.864151954651 0.45554047823
    outer loop
      vertex 1.74022316933 9.94365119934 3.80290126801
      vertex 1.61598515511 10.0158147812 3.87168478966
      vertex 1.52781057358 9.87770175934 3.82069659233
    endloop
  endfacet
  facet normal 0.297726213932 0.818054974079 0.492082446814
    outer loop
      vertex 1.61598515511 10.0158147812 3.87168478966
      vertex 1.48020040989 9.89313411713 3.84730696678
      vertex 1.52781057358 9.87770175934 3.82069659233
    endloop
  endfacet
  facet normal 0.180411309004 0.714688360691 0.67577534914
    outer loop
      vertex 1.38424742222 9.77835464478 3.76299834251
      vertex 1.52781057358 9.87770175934 3.82069659233
      vertex 1.48020040989 9.89313411713 3.84730696678
    endloop
  endfacet
  facet normal 0.179217293859 0.715422272682 0.675316333771
    outer loop
      vertex 1.48020040989 9.89313411713 3.84730696678
      vertex 1.35443735123 9.78841686249 3.77996397018
      vertex 1.38424742222 9.77835464478 3.76299834251
    endloop
  endfacet
  facet normal -0.501170516014 -0.437968790531 0.746331989765
    outer loop
      vertex 1.36051464081 9.86834430695 3.63680720329
      vertex 1.38424742222 9.77835464478 3.76299834251
      vertex 1.35443735123 9.78841686249 3.77996397018
    endloop
  endfacet
  facet normal -0.501392364502 -0.4379132092 0.746215581894
    outer loop
      vertex 1.35443735123 9.78841686249 3.77996397018
      vertex 1.32078754902 9.88303279877 3.65726208687
      vertex 1.36051464081 9.86834430695 3.63680720329
    endloop
  endfacet
  facet normal -0.448228746653 -0.461604773998 0.76551425457
    outer loop
      vertex 1.38424742222 9.77835464478 3.76299834251
      vertex 1.36051464081 9.86834430695 3.63680720329
      vertex 1.41696465015 9.84903526306 3.61401367188
    endloop
  endfacet
  facet normal -0.470236390829 -0.460453808308 0.752901077271
    outer loop
      vertex 1.41696465015 9.84903526306 3.61401367188
      vertex 1.43594789505 9.76190090179 3.73710274696
      vertex 1.38424742222 9.77835464478 3.76299834251
    endloop
  endfacet
  facet normal 0.159364491701 0.736128211021 0.657813191414
    outer loop
      vertex 1.52781057358 9.87770175934 3.82069659233
      vertex 1.38424742222 9.77835464478 3.76299834251
      vertex 1.43594789505 9.76190090179 3.73710274696
    endloop
  endfacet
  facet normal 0.0871690437198 0.773629724979 0.62761336565
    outer loop
      vertex 1.43594789505 9.76190090179 3.73710274696
      vertex 1.67338705063 9.81969738007 3.75723719597
      vertex 1.52781057358 9.87770175934 3.82069659233
    endloop
  endfacet
  facet normal 0.0911988839507 0.762653827667 0.640345156193
    outer loop
      vertex 1.67338705063 9.81969738007 3.75723719597
      vertex 1.43594789505 9.76190090179 3.73710274696
      vertex 1.58622360229 9.72356700897 3.68694663048
    endloop
  endfacet
  facet normal 0.167745277286 0.717122495174 0.67645907402
    outer loop
      vertex 1.69272041321 9.70514678955 3.64465975761
      vertex 1.67338705063 9.81969738007 3.75723719597
      vertex 1.58622360229 9.72356700897 3.68694663048
    endloop
  endfacet
  facet normal 0.096226900816 0.717983901501 0.689376175404
    outer loop
      vertex 1.69272041321 9.70514678955 3.64465975761
      vertex 1.79002153873 9.77500629425 3.69869470596
      vertex 1.67338705063 9.81969738007 3.75723719597
    endloop
  endfacet
  facet normal 0.282595664263 0.87054926157 0.402844458818
    outer loop
      vertex 1.82354438305 9.89433574677 3.74303197861
      vertex 1.67338705063 9.81969738007 3.75723719597
      vertex 1.79002153873 9.77500629425 3.69869470596
    endloop
  endfacet
  facet normal 0.934427380562 -0.327061086893 0.140983998775
    outer loop
      vertex 1.76512134075 9.85580158234 3.59272551537
      vertex 1.82354438305 9.89433574677 3.74303197861
      vertex 1.79002153873 9.77500629425 3.69869470596
    endloop
  endfacet
  facet normal -0.362197250128 -0.470005005598 0.804927587509
    outer loop
      vertex 1.5630364418 9.79961776733 3.5745716095
      vertex 1.58622360229 9.72356700897 3.68694663048
      vertex 1.43594789505 9.76190090179 3.73710274696
    endloop
  endfacet
  facet normal -0.395146459341 -0.489382952452 0.777408242226
    outer loop
      vertex 1.41696465015 9.84903526306 3.61401367188
      vertex 1.5630364418 9.79961776733 3.5745716095
      vertex 1.43594789505 9.76190090179 3.73710274696
    endloop
  endfacet
  facet normal 0.617547929287 0.413440912962 -0.669104754925
    outer loop
      vertex 1.72099351883 10.0277061462 3.69559168816
      vertex 1.61598515511 10.0158147812 3.87168478966
      vertex 1.74022316933 9.94365119934 3.80290126801
    endloop
  endfacet
  facet normal 0.621144592762 0.411245912313 -0.667125344276
    outer loop
      vertex 1.81125879288 9.96939563751 3.6538476944
      vertex 1.72099351883 10.0277061462 3.69559168816
      vertex 1.74022316933 9.94365119934 3.80290126801
    endloop
  endfacet
  facet normal 0.617781281471 0.357545346022 -0.700362503529
    outer loop
      vertex 1.75934863091 10.0457220078 3.59403085709
      vertex 1.72099351883 10.0277061462 3.69559168816
      vertex 1.81125879288 9.96939563751 3.6538476944
    endloop
  endfacet
  facet normal 0 -1 0
    outer loop
      vertex 1.32885491848 10.0065813065 3.55543589592
      vertex 1.34133863449 9.93072128296 3.55543589592
      vertex 1.30426704884 9.95357131958 3.55543589592
    endloop
  endfacet
  facet normal 0 -1 0
    outer loop
      vertex 1.32885491848 10.0065813065 3.55543589592
      vertex 1.30426704884 9.95357131958 3.55543589592
      vertex 1.27466535568 9.96958255768 3.55543589592
    endloop
  endfacet
  facet normal -0.376436531544 -0.728307306767 -0.572594046593
    outer loop
      vertex 1.39203155041 10.1027431488 3.59384727478
      vertex 1.10285770893 9.99845790863 3.66132259369
      vertex 1.23161923885 10.126115799 3.6951341629
    endloop
  endfacet
  facet normal -0.309938013554 -0.650799632072 -0.693107664585
    outer loop
      vertex 1.23161923885 10.126115799 3.6951341629
      vertex 1.48475909233 10.2226648331 3.67740416527
      vertex 1.39203155041 10.1027431488 3.59384727478
    endloop
  endfacet
  facet normal -0.0927360653877 -0.781880795956 -0.616492092609
    outer loop
      vertex 1.52988064289 10.2042140961 3.65750432014
      vertex 1.39203155041 10.1027431488 3.59384727478
      vertex 1.48475909233 10.2226648331 3.67740416527
    endloop
  endfacet
  facet normal 0.499179244041 0.439412206411 -0.746817886829
    outer loop
      vertex 1.50453555584 10.1405687332 3.79446697235
      vertex 1.52988064289 10.2042140961 3.65750432014
      vertex 1.48475909233 10.2226648331 3.67740416527
    endloop
  endfacet
  facet normal 0.282218843699 0.518420219421 -0.807213127613
    outer loop
      vertex 1.34637844563 10.2146959305 3.76514387131
      vertex 1.50453555584 10.1405687332 3.79446697235
      vertex 1.48475909233 10.2226648331 3.67740416527
    endloop
  endfacet
  facet normal -0.343404352665 -0.467636793852 -0.814487099648
    outer loop
      vertex 1.48475909233 10.2226648331 3.67740416527
      vertex 1.23161923885 10.126115799 3.6951341629
      vertex 1.34637844563 10.2146959305 3.76514387131
    endloop
  endfacet
  facet normal -0.313843369484 -0.503813445568 -0.804782152176
    outer loop
      vertex 1.20804953575 10.1274490356 3.71194767952
      vertex 1.34637844563 10.2146959305 3.76514387131
      vertex 1.23161923885 10.126115799 3.6951341629
    endloop
  endfacet
  facet normal -0.435272306204 -0.658862531185 -0.613545536995
    outer loop
      vertex 1.10285770893 9.99845790863 3.66132259369
      vertex 1.20804953575 10.1274490356 3.71194767952
      vertex 1.23161923885 10.126115799 3.6951341629
    endloop
  endfacet
  facet normal -0.295552194118 -0.532407164574 -0.793215930462
    outer loop
      vertex 1.34637844563 10.2146959305 3.76514387131
      vertex 1.20804953575 10.1274490356 3.71194767952
      vertex 1.32745552063 10.2176971436 3.78011965752
    endloop
  endfacet
  facet normal 0.458418786526 0.422556191683 -0.781855762005
    outer loop
      vertex 1.32745552063 10.2176971436 3.78011965752
      vertex 1.3497158289 10.1433639526 3.89350891113
      vertex 1.34637844563 10.2146959305 3.76514387131
    endloop
  endfacet
  facet normal 0.306914150715 0.456184983253 -0.835283756256
    outer loop
      vertex 1.50453555584 10.1405687332 3.79446697235
      vertex 1.34637844563 10.2146959305 3.76514387131
      vertex 1.3497158289 10.1433639526 3.89350891113
    endloop
  endfacet
  facet normal -0.442381471395 0.576326966286 -0.687128722668
    outer loop
      vertex 1.68022823334 11.0251073837 3.96931838989
      vertex 2.02694010735 11.0773220062 4.17319631577
      vertex 1.94134247303 11.1334037781 4.0406293869
    endloop
  endfacet
  facet normal 0.656443417072 -0.10801718384 -0.746601819992
    outer loop
      vertex 2.07874751091 11.0174846649 4.07444858551
      vertex 1.94134247303 11.1334037781 4.0406293869
      vertex 2.02694010735 11.0773220062 4.17319631577
    endloop
  endfacet
  facet normal 0.910755932331 0.318701982498 -0.26258841157
    outer loop
      vertex 2.04427051544 10.9598150253 4.22048997879
      vertex 2.07874751091 11.0174846649 4.07444858551
      vertex 2.02694010735 11.0773220062 4.17319631577
    endloop
  endfacet
  facet normal 0.870827436447 0.344185501337 -0.350992739201
    outer loop
      vertex 2.07874751091 11.0174846649 4.07444858551
      vertex 2.04427051544 10.9598150253 4.22048997879
      vertex 2.08810520172 10.9146432877 4.15564775467
    endloop
  endfacet
  facet normal 0.99230992794 -0.123564377427 0.0072693801485
    outer loop
      vertex 2.07518553734 10.8515033722 4.05560874939
      vertex 2.07874751091 11.0174846649 4.07444858551
      vertex 2.08810520172 10.9146432877 4.15564775467
    endloop
  endfacet
  facet normal 0.941384017467 -0.258425891399 -0.216822832823
    outer loop
      vertex 2.08810520172 10.9146432877 4.15564775467
      vertex 2.11502075195 10.7405509949 4.10762786865
      vertex 2.07518553734 10.8515033722 4.05560874939
    endloop
  endfacet
  facet normal 0.6380828619 -0.759428083897 0.126961708069
    outer loop
      vertex 2.07518553734 10.8515033722 4.05560874939
      vertex 2.11502075195 10.7405509949 4.10762786865
      vertex 1.87025809288 10.7268409729 3.90426683426
    endloop
  endfacet
  facet normal 0.690629303455 -0.585696876049 0.424252688885
    outer loop
      vertex 2.06922245026 10.949174881 3.97782826424
      vertex 2.07518553734 10.8515033722 4.05560874939
      vertex 1.87025809288 10.7268409729 3.90426683426
    endloop
  endfacet
  facet normal 0.64150851965 -0.683706820011 0.347867488861
    outer loop
      vertex 1.81707024574 10.9150686264 3.75859212875
      vertex 2.06922245026 10.949174881 3.97782826424
      vertex 1.87025809288 10.7268409729 3.90426683426
    endloop
  endfacet
  facet normal 0.660478413105 -0.744556605816 0.096972733736
    outer loop
      vertex 1.97683799267 11.0296421051 3.88539600372
      vertex 2.06922245026 10.949174881 3.97782826424
      vertex 1.81707024574 10.9150686264 3.75859212875
    endloop
  endfacet
  facet normal 0.730215907097 -0.525059700012 0.437146484852
    outer loop
      vertex 1.94742083549 11.0903377533 3.79395103455
      vertex 1.97683799267 11.0296421051 3.88539600372
      vertex 1.81707024574 10.9150686264 3.75859212875
    endloop
  endfacet
  facet normal 0.959798932076 -0.276429951191 -0.0487077571452
    outer loop
      vertex 1.97152376175 11.174571991 3.89248180389
      vertex 1.97683799267 11.0296421051 3.88539600372
      vertex 1.94742083549 11.0903377533 3.79395103455
    endloop
  endfacet
  facet normal 0.988382399082 -0.14567053318 -0.0433629788458
    outer loop
      vertex 1.97683799267 11.0296421051 3.88539600372
      vertex 1.97152376175 11.174571991 3.89248180389
      vertex 1.98598849773 11.0884885788 3.96500039101
    endloop
  endfacet
  facet normal 0.797196745872 -0.415452688932 -0.438037008047
    outer loop
      vertex 2.06922245026 10.949174881 3.97782826424
      vertex 1.97683799267 11.0296421051 3.88539600372
      vertex 1.98598849773 11.0884885788 3.96500039101
    endloop
  endfacet
  facet normal 0.804668784142 -0.393592864275 -0.444514095783
    outer loop
      vertex 1.98598849773 11.0884885788 3.96500039101
      vertex 2.07874751091 11.0174846649 4.07444858551
      vertex 2.06922245026 10.949174881 3.97782826424
    endloop
  endfacet
  facet normal 0.995851516724 -0.0903113484383 0.0111197829247
    outer loop
      vertex 2.07874751091 11.0174846649 4.07444858551
      vertex 2.07518553734 10.8515033722 4.05560874939
      vertex 2.06922245026 10.949174881 3.97782826424
    endloop
  endfacet
  facet normal 0.652571856976 -0.0632072985172 -0.755085945129
    outer loop
      vertex 1.94134247303 11.1334037781 4.0406293869
      vertex 2.07874751091 11.0174846649 4.07444858551
      vertex 1.98598849773 11.0884885788 3.96500039101
    endloop
  endfacet
  facet normal 0.875857830048 0.286368787289 -0.38841471076
    outer loop
      vertex 1.97152376175 11.174571991 3.89248180389
      vertex 1.94134247303 11.1334037781 4.0406293869
      vertex 1.98598849773 11.0884885788 3.96500039101
    endloop
  endfacet
  facet normal 0.91448700428 -0.331014513969 -0.232686311007
    outer loop
      vertex 2.11502075195 10.7405509949 4.10762786865
      vertex 2.08810520172 10.9146432877 4.15564775467
      vertex 2.14582180977 10.8234405518 4.25098896027
    endloop
  endfacet
  facet normal 0.785850048065 0.106933832169 -0.609101712704
    outer loop
      vertex 2.04427051544 10.9598150253 4.22048997879
      vertex 2.14582180977 10.8234405518 4.25098896027
      vertex 2.08810520172 10.9146432877 4.15564775467
    endloop
  endfacet
  facet normal 0.161801144481 0.464229345322 0.870810806751
    outer loop
      vertex 1.83770477772 10.5683364868 4.13885688782
      vertex 1.88469719887 10.5134935379 4.01960229874
      vertex 1.91825938225 10.524851799 4.0292096138
    endloop
  endfacet
  facet normal 0.166283279657 0.466669112444 0.868659794331
    outer loop
      vertex 2.12135100365 10.6427230835 4.17624998093
      vertex 1.83770477772 10.5683364868 4.13885688782
      vertex 1.91825938225 10.524851799 4.0292096138
    endloop
  endfacet
  facet normal 0.166992783546 0.463931530714 0.869989037514
    outer loop
      vertex 2.13860583305 10.7076263428 4.29174947739
      vertex 1.83770477772 10.5683364868 4.13885688782
      vertex 2.12135100365 10.6427230835 4.17624998093
    endloop
  endfacet
  facet normal -0.794964015484 -0.146726861596 0.588645398617
    outer loop
      vertex -1.86026012897 9.69406795502 3.85138249397
      vertex -1.82697844505 9.69290828705 3.67571544647
      vertex -1.77347350121 9.58376979828 3.82367181778
    endloop
  endfacet
  facet normal -0.79496383667 -0.146530270576 0.588694632053
    outer loop
      vertex -1.77347350121 9.58376979828 3.82367181778
      vertex -1.83198225498 9.62544822693 3.97365093231
      vertex -1.86026012897 9.69406795502 3.85138249397
    endloop
  endfacet
  facet normal -0.795075774193 -0.146433115005 0.588567614555
    outer loop
      vertex -1.86026012897 9.69406795502 3.85138249397
      vertex -1.83198225498 9.62544822693 3.97365093231
      vertex -1.9469486475 9.77838134766 3.98318338394
    endloop
  endfacet
  facet normal -0.794818103313 -0.145967081189 0.589031219482
    outer loop
      vertex -1.9469486475 9.77838134766 3.98318338394
      vertex -1.92192471027 9.78984069824 3.80067825317
      vertex -1.86026012897 9.69406795502 3.85138249397
    endloop
  endfacet
  facet normal -0.794553399086 -0.146645277739 0.589219868183
    outer loop
      vertex -1.92192471027 9.78984069824 3.80067825317
      vertex -1.82697844505 9.69290828705 3.67571544647
      vertex -1.86026012897 9.69406795502 3.85138249397
    endloop
  endfacet
  facet normal -0.321498900652 -0.720697283745 -0.614193737507
    outer loop
      vertex -1.92192471027 9.78984069824 3.80067825317
      vertex -1.75042355061 9.91690731049 3.83246088028
      vertex -1.82697844505 9.69290828705 3.67571544647
    endloop
  endfacet
  facet normal -0.322459965944 -0.720252871513 -0.614211201668
    outer loop
      vertex -1.75042355061 9.91690731049 3.83246088028
      vertex -1.65545535088 9.8199672699 3.70727586746
      vertex -1.82697844505 9.69290828705 3.67571544647
    endloop
  endfacet
  facet normal 0.135528817773 -0.98879057169 -0.0626514330506
    outer loop
      vertex -1.54643499851 9.67124652863 3.71279549599
      vertex -1.82697844505 9.69290828705 3.67571544647
      vertex -1.65545535088 9.8199672699 3.70727586746
    endloop
  endfacet
  facet normal 0.136188387871 -0.988668859005 -0.0631394460797
    outer loop
      vertex -1.65545535088 9.8199672699 3.70727586746
      vertex -1.43824231625 9.75140380859 3.73281812668
      vertex -1.54643499851 9.67124652863 3.71279549599
    endloop
  endfacet
  facet normal 0.514435470104 -0.678037345409 0.524996697903
    outer loop
      vertex -1.3787728548 9.63807678223 3.86568593979
      vertex -1.54643499851 9.67124652863 3.71279549599
      vertex -1.43824231625 9.75140380859 3.73281812668
    endloop
  endfacet
  facet normal 0.513996958733 -0.678118228912 0.525321602821
    outer loop
      vertex -1.33012902737 9.83149242401 3.75272297859
      vertex -1.3787728548 9.63807678223 3.86568593979
      vertex -1.43824231625 9.75140380859 3.73281812668
    endloop
  endfacet
  facet normal 0.135921552777 -0.988761425018 -0.0622587502003
    outer loop
      vertex -1.54734146595 9.90005588531 3.72718071938
      vertex -1.33012902737 9.83149242401 3.75272297859
      vertex -1.43824231625 9.75140380859 3.73281812668
    endloop
  endfacet
  facet normal 0.135921210051 -0.988761484623 -0.06225848943
    outer loop
      vertex -1.43824231625 9.75140380859 3.73281812668
      vertex -1.65545535088 9.8199672699 3.70727586746
      vertex -1.54734146595 9.90005588531 3.72718071938
    endloop
  endfacet
  facet normal -0.322414904833 -0.720244050026 -0.614245176315
    outer loop
      vertex -1.64231002331 9.99699497223 3.85236597061
      vertex -1.54734146595 9.90005588531 3.72718071938
      vertex -1.65545535088 9.8199672699 3.70727586746
    endloop
  endfacet
  facet normal -0.322413891554 -0.720244348049 -0.614245355129
    outer loop
      vertex -1.65545535088 9.8199672699 3.70727586746
      vertex -1.75042355061 9.91690731049 3.83246088028
      vertex -1.64231002331 9.99699497223 3.85236597061
    endloop
  endfacet
  facet normal -0.591345489025 -0.0304522998631 -0.805843114853
    outer loop
      vertex -1.77552616596 9.90537834167 4.01484823227
      vertex -1.64231002331 9.99699497223 3.85236597061
      vertex -1.75042355061 9.91690731049 3.83246088028
    endloop
  endfacet
  facet normal -0.59136646986 -0.0304561648518 -0.805827617645
    outer loop
      vertex -1.75042355061 9.91690731049 3.83246088028
      vertex -1.9469486475 9.77838134766 3.98318338394
      vertex -1.77552616596 9.90537834167 4.01484823227
    endloop
  endfacet
  facet normal -0.514433681965 0.677717030048 -0.525411844254
    outer loop
      vertex -1.8875797987 9.66499233246 4.11615514755
      vertex -1.77552616596 9.90537834167 4.01484823227
      vertex -1.9469486475 9.77838134766 3.98318338394
    endloop
  endfacet
  facet normal -0.795036554337 -0.146874442697 0.588510632515
    outer loop
      vertex -1.8875797987 9.66499233246 4.11615514755
      vertex -1.9469486475 9.77838134766 3.98318338394
      vertex -1.83198225498 9.62544822693 3.97365093231
    endloop
  endfacet
  facet normal -0.79485231638 -0.146723017097 0.588797211647
    outer loop
      vertex -1.8875797987 9.66499233246 4.11615514755
      vertex -1.83198225498 9.62544822693 3.97365093231
      vertex -1.7784589529 9.51633453369 4.12157058716
    endloop
  endfacet
  facet normal -0.13558678329 0.988728046417 0.0635062158108
    outer loop
      vertex -1.7784589529 9.51633453369 4.12157058716
      vertex -1.60703670979 9.64333057404 4.15323543549
      vertex -1.8875797987 9.66499233246 4.11615514755
    endloop
  endfacet
  facet normal -0.135528877378 0.988790690899 0.0626492351294
    outer loop
      vertex -1.60703670979 9.64333057404 4.15323543549
      vertex -1.71605670452 9.79205131531 4.14771556854
      vertex -1.8875797987 9.66499233246 4.11615514755
    endloop
  endfacet
  facet normal -0.513944149017 0.678130209446 -0.525357782841
    outer loop
      vertex -1.77552616596 9.90537834167 4.01484823227
      vertex -1.8875797987 9.66499233246 4.11615514755
      vertex -1.71605670452 9.79205131531 4.14771556854
    endloop
  endfacet
  facet normal -0.51399821043 0.67812025547 -0.525317728519
    outer loop
      vertex -1.77552616596 9.90537834167 4.01484823227
      vertex -1.71605670452 9.79205131531 4.14771556854
      vertex -1.60794341564 9.87213897705 4.16762065887
    endloop
  endfacet
  facet normal -0.513995289803 0.678118288517 -0.525323212147
    outer loop
      vertex -1.60794341564 9.87213897705 4.16762065887
      vertex -1.66741275787 9.98546600342 4.03475284576
      vertex -1.77552616596 9.90537834167 4.01484823227
    endloop
  endfacet
  facet normal -0.591343581676 -0.0304498523474 -0.805844664574
    outer loop
      vertex -1.64231002331 9.99699497223 3.85236597061
      vertex -1.77552616596 9.90537834167 4.01484823227
      vertex -1.66741275787 9.98546600342 4.03475284576
    endloop
  endfacet
  facet normal -0.591345310211 -0.0304501783103 -0.805843353271
    outer loop
      vertex -1.64231002331 9.99699497223 3.85236597061
      vertex -1.66741275787 9.98546600342 4.03475284576
      vertex -1.55929911137 10.0655546188 4.05465745926
    endloop
  endfacet
  facet normal -0.591344773769 -0.030450552702 -0.805843770504
    outer loop
      vertex -1.55929911137 10.0655546188 4.05465745926
      vertex -1.53419625759 10.0770835876 3.87227082253
      vertex -1.64231002331 9.99699497223 3.85236597061
    endloop
  endfacet
  facet normal -0.322414904833 -0.720244050026 -0.614245176315
    outer loop
      vertex -1.54734146595 9.90005588531 3.72718071938
      vertex -1.64231002331 9.99699497223 3.85236597061
      vertex -1.53419625759 10.0770835876 3.87227082253
    endloop
  endfacet
  facet normal -0.322411179543 -0.720245182514 -0.614245772362
    outer loop
      vertex -1.53419625759 10.0770835876 3.87227082253
      vertex -1.43922817707 9.98014354706 3.74708580971
      vertex -1.54734146595 9.90005588531 3.72718071938
    endloop
  endfacet
  facet normal 0.135922417045 -0.988761126995 -0.0622616149485
    outer loop
      vertex -1.33012902737 9.83149242401 3.75272297859
      vertex -1.54734146595 9.90005588531 3.72718071938
      vertex -1.43922817707 9.98014354706 3.74708580971
    endloop
  endfacet
  facet normal 0.135912194848 -0.988763034344 -0.0622540339828
    outer loop
      vertex -1.33012902737 9.83149242401 3.75272297859
      vertex -1.43922817707 9.98014354706 3.74708580971
      vertex -1.24036061764 9.89799022675 3.7692489624
    endloop
  endfacet
  facet normal 0.513989269733 -0.67812037468 0.525326371193
    outer loop
      vertex -1.18089103699 9.78466320038 3.90211677551
      vertex -1.33012902737 9.83149242401 3.75272297859
      vertex -1.24036061764 9.89799022675 3.7692489624
    endloop
  endfacet
  facet normal 0.749508798122 -0.590575218201 0.299094319344
    outer loop
      vertex -1.18089103699 9.78466320038 3.90211677551
      vertex -1.24036061764 9.89799022675 3.7692489624
      vertex -1.17038035393 9.97053432465 3.82132267952
    endloop
  endfacet
  facet normal 0.75034224987 -0.589687645435 0.29875561595
    outer loop
      vertex -1.17038035393 9.97053432465 3.82132267952
      vertex -1.12098038197 9.8763256073 3.93191051483
      vertex -1.18089103699 9.78466320038 3.90211677551
    endloop
  endfacet
  facet normal 0.82278752327 0.0776528567076 0.563019275665
    outer loop
      vertex -1.12098038197 9.8763256073 3.93191051483
      vertex -1.20599389076 9.77313423157 4.08450365067
      vertex -1.18089103699 9.78466320038 3.90211677551
    endloop
  endfacet
  facet normal 0.591341853142 0.0304473508149 0.805845975876
    outer loop
      vertex -1.29576218128 9.70663642883 4.06797790527
      vertex -1.18089103699 9.78466320038 3.90211677551
      vertex -1.20599389076 9.77313423157 4.08450365067
    endloop
  endfacet
  facet normal 0.322192102671 0.720542490482 0.61401206255
    outer loop
      vertex -1.20599389076 9.77313423157 4.08450365067
      vertex -1.39062952995 9.80363845825 4.19305849075
      vertex -1.29576218128 9.70663642883 4.06797790527
    endloop
  endfacet
  facet normal 0.322189331055 0.720541954041 0.614014089108
    outer loop
      vertex -1.39062952995 9.80363845825 4.19305849075
      vertex -1.40387582779 9.62654781342 4.04807281494
      vertex -1.29576218128 9.70663642883 4.06797790527
    endloop
  endfacet
  facet normal 0.591345250607 0.0304506476969 0.805843353271
    outer loop
      vertex -1.27065932751 9.71816539764 3.8855907917
      vertex -1.29576218128 9.70663642883 4.06797790527
      vertex -1.40387582779 9.62654781342 4.04807281494
    endloop
  endfacet
  facet normal 0.591345727444 0.0304512102157 0.805842995644
    outer loop
      vertex -1.27065932751 9.71816539764 3.8855907917
      vertex -1.40387582779 9.62654781342 4.04807281494
      vertex -1.3787728548 9.63807678223 3.86568593979
    endloop
  endfacet
  facet normal 0.513996362686 -0.67811858654 0.525321662426
    outer loop
      vertex -1.27065932751 9.71816539764 3.8855907917
      vertex -1.3787728548 9.63807678223 3.86568593979
      vertex -1.33012902737 9.83149242401 3.75272297859
    endloop
  endfacet
  facet normal 0.513988614082 -0.678120017052 0.525327444077
    outer loop
      vertex -1.33012902737 9.83149242401 3.75272297859
      vertex -1.18089103699 9.78466320038 3.90211677551
      vertex -1.27065932751 9.71816539764 3.8855907917
    endloop
  endfacet
  facet normal 0.591344892979 0.0304505825043 0.805843651295
    outer loop
      vertex -1.18089103699 9.78466320038 3.90211677551
      vertex -1.29576218128 9.70663642883 4.06797790527
      vertex -1.27065932751 9.71816539764 3.8855907917
    endloop
  endfacet
  facet normal 0.591346204281 0.0304513033479 0.805842638016
    outer loop
      vertex -1.3787728548 9.63807678223 3.86568593979
      vertex -1.40387582779 9.62654781342 4.04807281494
      vertex -1.51198923588 9.546459198 4.02816820145
    endloop
  endfacet
  facet normal 0.591372847557 0.0304848942906 0.805821835995
    outer loop
      vertex -1.3787728548 9.63807678223 3.86568593979
      vertex -1.51198923588 9.546459198 4.02816820145
      vertex -1.48696553707 9.55791950226 3.84566354752
    endloop
  endfacet
  facet normal 0.514436423779 -0.67803800106 0.524994909763
    outer loop
      vertex -1.54643499851 9.67124652863 3.71279549599
      vertex -1.3787728548 9.63807678223 3.86568593979
      vertex -1.48696553707 9.55791950226 3.84566354752
    endloop
  endfacet
  facet normal 0.51394456625 -0.67812871933 0.525359332561
    outer loop
      vertex -1.48696553707 9.55791950226 3.84566354752
      vertex -1.65848875046 9.43086051941 3.81410336494
      vertex -1.54643499851 9.67124652863 3.71279549599
    endloop
  endfacet
  facet normal 0.51394456625 -0.67812871933 0.525359332561
    outer loop
      vertex -1.54643499851 9.67124652863 3.71279549599
      vertex -1.65848875046 9.43086051941 3.81410336494
      vertex -1.71795809269 9.54418849945 3.68123531342
    endloop
  endfacet
  facet normal 0.135528683662 -0.988790690899 -0.0626493617892
    outer loop
      vertex -1.82697844505 9.69290828705 3.67571544647
      vertex -1.54643499851 9.67124652863 3.71279549599
      vertex -1.71795809269 9.54418849945 3.68123531342
    endloop
  endfacet
  facet normal -0.795217752457 -0.146435752511 0.588375151157
    outer loop
      vertex -1.71795809269 9.54418849945 3.68123531342
      vertex -1.77347350121 9.58376979828 3.82367181778
      vertex -1.82697844505 9.69290828705 3.67571544647
    endloop
  endfacet
  facet normal -0.795018553734 -0.14627198875 0.588684976101
    outer loop
      vertex -1.71795809269 9.54418849945 3.68123531342
      vertex -1.65848875046 9.43086051941 3.81410336494
      vertex -1.77347350121 9.58376979828 3.82367181778
    endloop
  endfacet
  facet normal -0.795008599758 -0.146384581923 0.588670432568
    outer loop
      vertex -1.74518179893 9.51516151428 3.94592356682
      vertex -1.77347350121 9.58376979828 3.82367181778
      vertex -1.65848875046 9.43086051941 3.81410336494
    endloop
  endfacet
  facet normal -0.794776022434 -0.145964100957 0.589088737965
    outer loop
      vertex -1.65848875046 9.43086051941 3.81410336494
      vertex -1.68351233006 9.41940116882 3.99660778046
      vertex -1.74518179893 9.51516151428 3.94592356682
    endloop
  endfacet
  facet normal -0.794530332088 -0.146593689919 0.589263796806
    outer loop
      vertex -1.68351233006 9.41940116882 3.99660778046
      vertex -1.7784589529 9.51633453369 4.12157058716
      vertex -1.74518179893 9.51516151428 3.94592356682
    endloop
  endfacet
  facet normal -0.79490083456 -0.146667346358 0.588745594025
    outer loop
      vertex -1.74518179893 9.51516151428 3.94592356682
      vertex -1.7784589529 9.51633453369 4.12157058716
      vertex -1.83198225498 9.62544822693 3.97365093231
    endloop
  endfacet
  facet normal -0.794900596142 -0.146478295326 0.588792920113
    outer loop
      vertex -1.77347350121 9.58376979828 3.82367181778
      vertex -1.74518179893 9.51516151428 3.94592356682
      vertex -1.83198225498 9.62544822693 3.97365093231
    endloop
  endfacet
  facet normal 0.32174757123 0.720745384693 0.614006996155
    outer loop
      vertex -1.68351233006 9.41940116882 3.99660778046
      vertex -1.60703670979 9.64333057404 4.15323543549
      vertex -1.7784589529 9.51633453369 4.12157058716
    endloop
  endfacet
  facet normal 0.322270840406 0.72050344944 0.614016473293
    outer loop
      vertex -1.60703670979 9.64333057404 4.15323543549
      vertex -1.68351233006 9.41940116882 3.99660778046
      vertex -1.51198923588 9.546459198 4.02816820145
    endloop
  endfacet
  facet normal 0.322225540876 0.72049510479 0.614050090313
    outer loop
      vertex -1.40387582779 9.62654781342 4.04807281494
      vertex -1.60703670979 9.64333057404 4.15323543549
      vertex -1.51198923588 9.546459198 4.02816820145
    endloop
  endfacet
  facet normal 0.322264403105 0.720555603504 0.613958716393
    outer loop
      vertex -1.49874305725 9.72354984283 4.17315387726
      vertex -1.60703670979 9.64333057404 4.15323543549
      vertex -1.40387582779 9.62654781342 4.04807281494
    endloop
  endfacet
  facet normal 0.322189748287 0.720541834831 0.614014029503
    outer loop
      vertex -1.40387582779 9.62654781342 4.04807281494
      vertex -1.39062952995 9.80363845825 4.19305849075
      vertex -1.49874305725 9.72354984283 4.17315387726
    endloop
  endfacet
  facet normal -0.13553404808 0.988781273365 0.0627865344286
    outer loop
      vertex -1.60794341564 9.87213897705 4.16762065887
      vertex -1.49874305725 9.72354984283 4.17315387726
      vertex -1.39062952995 9.80363845825 4.19305849075
    endloop
  endfacet
  facet normal -0.135533988476 0.988781273365 0.0627863630652
    outer loop
      vertex -1.39062952995 9.80363845825 4.19305849075
      vertex -1.49982964993 9.95222759247 4.18752574921
      vertex -1.60794341564 9.87213897705 4.16762065887
    endloop
  endfacet
  facet normal -0.513996183872 0.678118109703 -0.525322496891
    outer loop
      vertex -1.55929911137 10.0655546188 4.05465745926
      vertex -1.60794341564 9.87213897705 4.16762065887
      vertex -1.49982964993 9.95222759247 4.18752574921
    endloop
  endfacet
  facet normal -0.514519095421 0.678021609783 -0.524935007095
    outer loop
      vertex -1.40998220444 10.0187950134 4.20416927338
      vertex -1.55929911137 10.0655546188 4.05465745926
      vertex -1.49982964993 9.95222759247 4.18752574921
    endloop
  endfacet
  facet normal -0.135911360383 0.988667905331 0.0637487620115
    outer loop
      vertex -1.49982964993 9.95222759247 4.18752574921
      vertex -1.30086135864 9.87013721466 4.20958471298
      vertex -1.40998220444 10.0187950134 4.20416927338
    endloop
  endfacet
  facet normal 0.138151556253 0.980870366096 -0.137140154839
    outer loop
      vertex -1.30086135864 9.87013721466 4.20958471298
      vertex -1.31145596504 10.0710630417 4.18298435211
      vertex -1.40998220444 10.0187950134 4.20416927338
    endloop
  endfacet
  facet normal -0.21903988719 0.688081264496 -0.691784441471
    outer loop
      vertex -1.40998220444 10.0187950134 4.20416927338
      vertex -1.31145596504 10.0710630417 4.18298435211
      vertex -1.4694519043 10.1321220398 4.07130098343
    endloop
  endfacet
  facet normal -0.514519870281 0.678022027016 -0.524933755398
    outer loop
      vertex -1.55929911137 10.0655546188 4.05465745926
      vertex -1.40998220444 10.0187950134 4.20416927338
      vertex -1.4694519043 10.1321220398 4.07130098343
    endloop
  endfacet
  facet normal -0.591379404068 -0.0304875299335 -0.805816948414
    outer loop
      vertex -1.4694519043 10.1321220398 4.07130098343
      vertex -1.44442784786 10.1435813904 3.88879656792
      vertex -1.55929911137 10.0655546188 4.05465745926
    endloop
  endfacet
  facet normal -0.591344296932 -0.0304504688829 -0.805844068527
    outer loop
      vertex -1.55929911137 10.0655546188 4.05465745926
      vertex -1.44442784786 10.1435813904 3.88879656792
      vertex -1.53419625759 10.0770835876 3.87227082253
    endloop
  endfacet
  facet normal -0.322420448065 -0.720246911049 -0.614238917828
    outer loop
      vertex -1.44442784786 10.1435813904 3.88879656792
      vertex -1.43922817707 9.98014354706 3.74708580971
      vertex -1.53419625759 10.0770835876 3.87227082253
    endloop
  endfacet
  facet normal -0.321756988764 -0.720407128334 -0.614398956299
    outer loop
      vertex -1.43922817707 9.98014354706 3.74708580971
      vertex -1.44442784786 10.1435813904 3.88879656792
      vertex -1.34938049316 10.046710968 3.76372909546
    endloop
  endfacet
  facet normal 0.136297643185 -0.98864877224 -0.0632179155946
    outer loop
      vertex -1.24036061764 9.89799022675 3.7692489624
      vertex -1.43922817707 9.98014354706 3.74708580971
      vertex -1.34938049316 10.046710968 3.76372909546
    endloop
  endfacet
  facet normal 0.392864227295 -0.883476853371 -0.255198717117
    outer loop
      vertex -1.34938049316 10.046710968 3.76372909546
      vertex -1.17038035393 9.97053432465 3.82132267952
      vertex -1.24036061764 9.89799022675 3.7692489624
    endloop
  endfacet
  facet normal 0.392979115248 -0.883311569691 -0.255593568087
    outer loop
      vertex -1.17038035393 9.97053432465 3.82132267952
      vertex -1.34938049316 10.046710968 3.76372909546
      vertex -1.26110970974 10.0942659378 3.81676054001
    endloop
  endfacet
  facet normal 0.684795081615 -0.546571910381 -0.481990516186
    outer loop
      vertex -1.17038035393 9.97053432465 3.82132267952
      vertex -1.26110970974 10.0942659378 3.81676054001
      vertex -1.17860484123 10.0624437332 3.89206814766
    endloop
  endfacet
  facet normal 0.945349812508 -0.211970880628 -0.247754096985
    outer loop
      vertex -1.12389206886 9.95824432373 4.01428699493
      vertex -1.17038035393 9.97053432465 3.82132267952
      vertex -1.17860484123 10.0624437332 3.89206814766
    endloop
  endfacet
  facet normal 0.927504301071 -0.110841408372 -0.357001364231
    outer loop
      vertex -1.12389206886 9.95824432373 4.01428699493
      vertex -1.17860484123 10.0624437332 3.89206814766
      vertex -1.16847681999 10.074467659 4.01554393768
    endloop
  endfacet
  facet normal 0.857604622841 0.398874402046 -0.324674457312
    outer loop
      vertex -1.21116650105 10.0473737717 4.12938308716
      vertex -1.12389206886 9.95824432373 4.01428699493
      vertex -1.16847681999 10.074467659 4.01554393768
    endloop
  endfacet
  facet normal 0.552988350391 0.383424520493 -0.73972260952
    outer loop
      vertex -1.26597177982 10.1517009735 4.00715065002
      vertex -1.21116650105 10.0473737717 4.12938308716
      vertex -1.16847681999 10.074467659 4.01554393768
    endloop
  endfacet
  facet normal 0.62263739109 -0.126270368695 -0.772255420685
    outer loop
      vertex -1.17860484123 10.0624437332 3.89206814766
      vertex -1.26597177982 10.1517009735 4.00715065002
      vertex -1.16847681999 10.074467659 4.01554393768
    endloop
  endfacet
  facet normal 0.527694165707 -0.232949212193 -0.816868126392
    outer loop
      vertex -1.26110970974 10.0942659378 3.81676054001
      vertex -1.26597177982 10.1517009735 4.00715065002
      vertex -1.17860484123 10.0624437332 3.89206814766
    endloop
  endfacet
  facet normal 0.527347683907 -0.233019500971 -0.817071795464
    outer loop
      vertex -1.26597177982 10.1517009735 4.00715065002
      vertex -1.26110970974 10.0942659378 3.81676054001
      vertex -1.34012103081 10.1749105453 3.92072463036
    endloop
  endfacet
  facet normal 0.200583666563 0.0898839905858 -0.975544512272
    outer loop
      vertex -1.34012103081 10.1749105453 3.92072463036
      vertex -1.36095690727 10.1652097702 4.07250022888
      vertex -1.26597177982 10.1517009735 4.00715065002
    endloop
  endfacet
  facet normal 0.430476725101 0.465889275074 -0.773069858551
    outer loop
      vertex -1.31145596504 10.0710630417 4.18298435211
      vertex -1.26597177982 10.1517009735 4.00715065002
      vertex -1.36095690727 10.1652097702 4.07250022888
    endloop
  endfacet
  facet normal -0.218695417047 0.687804162502 -0.69216889143
    outer loop
      vertex -1.4694519043 10.1321220398 4.07130098343
      vertex -1.31145596504 10.0710630417 4.18298435211
      vertex -1.36095690727 10.1652097702 4.07250022888
    endloop
  endfacet
  facet normal -0.291854947805 0.020027987659 -0.956252872944
    outer loop
      vertex -1.36095690727 10.1652097702 4.07250022888
      vertex -1.44442784786 10.1435813904 3.88879656792
      vertex -1.4694519043 10.1321220398 4.07130098343
    endloop
  endfacet
  facet normal -0.2934268713 0.0208008382469 -0.95575517416
    outer loop
      vertex -1.44442784786 10.1435813904 3.88879656792
      vertex -1.36095690727 10.1652097702 4.07250022888
      vertex -1.34012103081 10.1749105453 3.92072463036
    endloop
  endfacet
  facet normal -0.0395421050489 -0.631023347378 -0.774755418301
    outer loop
      vertex -1.26110970974 10.0942659378 3.81676054001
      vertex -1.44442784786 10.1435813904 3.88879656792
      vertex -1.34012103081 10.1749105453 3.92072463036
    endloop
  endfacet
  facet normal -0.0390774160624 -0.630274236202 -0.775388479233
    outer loop
      vertex -1.44442784786 10.1435813904 3.88879656792
      vertex -1.26110970974 10.0942659378 3.81676054001
      vertex -1.34938049316 10.046710968 3.76372909546
    endloop
  endfacet
  facet normal 0.431477248669 0.465891569853 -0.77251046896
    outer loop
      vertex -1.26597177982 10.1517009735 4.00715065002
      vertex -1.31145596504 10.0710630417 4.18298435211
      vertex -1.21116650105 10.0473737717 4.12938308716
    endloop
  endfacet
  facet normal 0.503749847412 0.766228020191 -0.398911952972
    outer loop
      vertex -1.31145596504 10.0710630417 4.18298435211
      vertex -1.2206479311 9.94740009308 4.18766450882
      vertex -1.21116650105 10.0473737717 4.12938308716
    endloop
  endfacet
  facet normal 0.849588751793 0.486740857363 -0.203180447221
    outer loop
      vertex -1.14171516895 9.86668777466 4.08358192444
      vertex -1.21116650105 10.0473737717 4.12938308716
      vertex -1.2206479311 9.94740009308 4.18766450882
    endloop
  endfacet
  facet normal 0.568251848221 0.728150010109 0.383258908987
    outer loop
      vertex -1.2206479311 9.94740009308 4.18766450882
      vertex -1.20599389076 9.77313423157 4.08450365067
      vertex -1.14171516895 9.86668777466 4.08358192444
    endloop
  endfacet
  facet normal 0.822137176991 0.0765463635325 0.564119756222
    outer loop
      vertex -1.20599389076 9.77313423157 4.08450365067
      vertex -1.12098038197 9.8763256073 3.93191051483
      vertex -1.14171516895 9.86668777466 4.08358192444
    endloop
  endfacet
  facet normal 0.987132370472 0.128939956427 0.094573892653
    outer loop
      vertex -1.14171516895 9.86668777466 4.08358192444
      vertex -1.12098038197 9.8763256073 3.93191051483
      vertex -1.12389206886 9.95824432373 4.01428699493
    endloop
  endfacet
  facet normal 0.849524617195 0.486877530813 -0.2031211555
    outer loop
      vertex -1.21116650105 10.0473737717 4.12938308716
      vertex -1.14171516895 9.86668777466 4.08358192444
      vertex -1.12389206886 9.95824432373 4.01428699493
    endloop
  endfacet
  facet normal 0.945557057858 -0.212077066302 -0.246870785952
    outer loop
      vertex -1.17038035393 9.97053432465 3.82132267952
      vertex -1.12389206886 9.95824432373 4.01428699493
      vertex -1.12098038197 9.8763256073 3.93191051483
    endloop
  endfacet
  facet normal 0.568185031414 0.728187501431 0.383286714554
    outer loop
      vertex -1.20599389076 9.77313423157 4.08450365067
      vertex -1.2206479311 9.94740009308 4.18766450882
      vertex -1.30086135864 9.87013721466 4.20958471298
    endloop
  endfacet
  facet normal 0.322194546461 0.720545351505 0.614007413387
    outer loop
      vertex -1.39062952995 9.80363845825 4.19305849075
      vertex -1.20599389076 9.77313423157 4.08450365067
      vertex -1.30086135864 9.87013721466 4.20958471298
    endloop
  endfacet
  facet normal -0.135524004698 0.988783121109 0.0627789571881
    outer loop
      vertex -1.30086135864 9.87013721466 4.20958471298
      vertex -1.49982964993 9.95222759247 4.18752574921
      vertex -1.39062952995 9.80363845825 4.19305849075
    endloop
  endfacet
  facet normal 0.136096924543 0.981167256832 -0.137071117759
    outer loop
      vertex -1.31145596504 10.0710630417 4.18298435211
      vertex -1.30086135864 9.87013721466 4.20958471298
      vertex -1.2206479311 9.94740009308 4.18766450882
    endloop
  endfacet
  facet normal -0.513996183872 0.678118109703 -0.525322496891
    outer loop
      vertex -1.60794341564 9.87213897705 4.16762065887
      vertex -1.55929911137 10.0655546188 4.05465745926
      vertex -1.66741275787 9.98546600342 4.03475284576
    endloop
  endfacet
  facet normal -0.135537579656 0.988780617714 0.062789157033
    outer loop
      vertex -1.49874305725 9.72354984283 4.17315387726
      vertex -1.60794341564 9.87213897705 4.16762065887
      vertex -1.71605670452 9.79205131531 4.14771556854
    endloop
  endfacet
  facet normal -0.135485455394 0.988798677921 0.0626171082258
    outer loop
      vertex -1.71605670452 9.79205131531 4.14771556854
      vertex -1.60703670979 9.64333057404 4.15323543549
      vertex -1.49874305725 9.72354984283 4.17315387726
    endloop
  endfacet
  facet normal 0.591337740421 0.0304784402251 0.805847883224
    outer loop
      vertex -1.51198923588 9.546459198 4.02816820145
      vertex -1.68351233006 9.41940116882 3.99660778046
      vertex -1.48696553707 9.55791950226 3.84566354752
    endloop
  endfacet
  facet normal 0.591337740421 0.0304784402251 0.805847883224
    outer loop
      vertex -1.48696553707 9.55791950226 3.84566354752
      vertex -1.68351233006 9.41940116882 3.99660778046
      vertex -1.65848875046 9.43086051941 3.81410336494
    endloop
  endfacet
  facet normal -0.591381669044 -0.0304873753339 -0.805815279484
    outer loop
      vertex -1.9469486475 9.77838134766 3.98318338394
      vertex -1.75042355061 9.91690731049 3.83246088028
      vertex -1.92192471027 9.78984069824 3.80067825317
    endloop
  endfacet
  facet normal 0.998310208321 -0.0239632520825 -0.0529381595552
    outer loop
      vertex -0.915250957012 9.70935249329 4.14725160599
      vertex -0.911869525909 9.62586688995 4.10368728638
      vertex -0.919748365879 9.73771762848 4.02255058289
    endloop
  endfacet
  facet normal 0.994540274143 -0.0122974859551 -0.103626281023
    outer loop
      vertex -0.919748365879 9.73771762848 4.02255058289
      vertex -0.93318092823 9.87898731232 4.12663888931
      vertex -0.915250957012 9.70935249329 4.14725160599
    endloop
  endfacet
  facet normal 0.994454681873 0.000440131785581 -0.105164989829
    outer loop
      vertex -0.935037374496 9.89564609528 4.3407330513
      vertex -0.915250957012 9.70935249329 4.14725160599
      vertex -0.93318092823 9.87898731232 4.12663888931
    endloop
  endfacet
  facet normal 0.994108557701 0.000186288409168 -0.108388781548
    outer loop
      vertex -0.935037374496 9.89564609528 4.3407330513
      vertex -0.93318092823 9.87898731232 4.12663888931
      vertex -0.941073775291 9.95119953156 4.23074865341
    endloop
  endfacet
  facet normal 0.993281304836 0.00390391121618 -0.115659020841
    outer loop
      vertex -0.950037002563 10.025812149 4.30078458786
      vertex -0.935037374496 9.89564609528 4.3407330513
      vertex -0.941073775291 9.95119953156 4.23074865341
    endloop
  endfacet
  facet normal 0.993844211102 0.00961190741509 -0.110368743539
    outer loop
      vertex -0.950037002563 10.025812149 4.30078458786
      vertex -0.941073775291 9.95119953156 4.23074865341
      vertex -0.946248948574 10.0042695999 4.15646934509
    endloop
  endfacet
  facet normal 0.994932413101 0.0112001951784 -0.0999200418591
    outer loop
      vertex -0.946248948574 10.0042695999 4.15646934509
      vertex -0.95715123415 10.1102027893 4.179874897
      vertex -0.950037002563 10.025812149 4.30078458786
    endloop
  endfacet
  facet normal 0.996003270149 0.00368323666044 -0.0892405211926
    outer loop
      vertex -0.962535262108 10.1634693146 4.3452091217
      vertex -0.950037002563 10.025812149 4.30078458786
      vertex -0.95715123415 10.1102027893 4.179874897
    endloop
  endfacet
  facet normal 0.994886517525 -0.000141386306495 -0.100998878479
    outer loop
      vertex -0.968617975712 10.2231178284 4.15260028839
      vertex -0.962535262108 10.1634693146 4.3452091217
      vertex -0.95715123415 10.1102027893 4.179874897
    endloop
  endfacet
  facet normal 0.994809985161 0.00283785816282 -0.101710736752
    outer loop
      vertex -0.962801516056 10.1690406799 4.05181360245
      vertex -0.968617975712 10.2231178284 4.15260028839
      vertex -0.95715123415 10.1102027893 4.179874897
    endloop
  endfacet
  facet normal 0.994527935982 0.00408190023154 -0.104391351342
    outer loop
      vertex -0.95715123415 10.1102027893 4.179874897
      vertex -0.952726244926 10.0721187592 4.07574129105
      vertex -0.962801516056 10.1690406799 4.05181360245
    endloop
  endfacet
  facet normal 0.994514763355 0.00452059321105 -0.104498289526
    outer loop
      vertex -0.953851163387 10.0875644684 3.96616053581
      vertex -0.962801516056 10.1690406799 4.05181360245
      vertex -0.952726244926 10.0721187592 4.07574129105
    endloop
  endfacet
  facet normal 0.994752347469 0.00419783266261 -0.102225825191
    outer loop
      vertex -0.943585574627 9.98507595062 4.02935647964
      vertex -0.953851163387 10.0875644684 3.96616053581
      vertex -0.952726244926 10.0721187592 4.07574129105
    endloop
  endfacet
  facet normal 0.994817018509 0.0055133542046 -0.101531580091
    outer loop
      vertex -0.952726244926 10.0721187592 4.07574129105
      vertex -0.946248948574 10.0042695999 4.15646934509
      vertex -0.943585574627 9.98507595062 4.02935647964
    endloop
  endfacet
  facet normal 0.994720578194 0.00536812935024 -0.102479994297
    outer loop
      vertex -0.943585574627 9.98507595062 4.02935647964
      vertex -0.946248948574 10.0042695999 4.15646934509
      vertex -0.93318092823 9.87898731232 4.12663888931
    endloop
  endfacet
  facet normal 0.99490571022 0.00346222613007 -0.10075044632
    outer loop
      vertex -0.9315969944 9.86896324158 3.96319198608
      vertex -0.943585574627 9.98507595062 4.02935647964
      vertex -0.93318092823 9.87898731232 4.12663888931
    endloop
  endfacet
  facet normal 0.995776951313 0.00402468116954 -0.0917176008224
    outer loop
      vertex -0.919748365879 9.73771762848 4.02255058289
      vertex -0.9315969944 9.86896324158 3.96319198608
      vertex -0.93318092823 9.87898731232 4.12663888931
    endloop
  endfacet
  facet normal 0.995103359222 0.0167472306639 -0.0974108800292
    outer loop
      vertex -0.919748365879 9.73771762848 4.02255058289
      vertex -0.914980530739 9.71390151978 3.87778353691
      vertex -0.9315969944 9.86896324158 3.96319198608
    endloop
  endfacet
  facet normal 0.994635045528 0.0060170814395 -0.103270888329
    outer loop
      vertex -0.9315969944 9.86896324158 3.96319198608
      vertex -0.914980530739 9.71390151978 3.87778353691
      vertex -0.934213161469 9.90174770355 3.83296370506
    endloop
  endfacet
  facet normal 0.994866430759 0.00545325223356 -0.10104971379
    outer loop
      vertex -0.943984150887 9.99461650848 3.89467000961
      vertex -0.9315969944 9.86896324158 3.96319198608
      vertex -0.934213161469 9.90174770355 3.83296370506
    endloop
  endfacet
  facet normal 0.994791448116 0.00424808543175 -0.101842589676
    outer loop
      vertex -0.943984150887 9.99461650848 3.89467000961
      vertex -0.934213161469 9.90174770355 3.83296370506
      vertex -0.946239173412 10.0230093002 3.74204754829
    endloop
  endfacet
  facet normal 0.994707345963 0.00440030451864 -0.102654151618
    outer loop
      vertex -0.943984150887 9.99461650848 3.89467000961
      vertex -0.946239173412 10.0230093002 3.74204754829
      vertex -0.954314053059 10.0970153809 3.8409216404
    endloop
  endfacet
  facet normal 0.994727194309 0.00405675638467 -0.102475829422
    outer loop
      vertex -0.954314053059 10.0970153809 3.8409216404
      vertex -0.953851163387 10.0875644684 3.96616053581
      vertex -0.943984150887 9.99461650848 3.89467000961
    endloop
  endfacet
  facet normal 0.994745373726 0.00430183066055 -0.102289259434
    outer loop
      vertex -0.943585574627 9.98507595062 4.02935647964
      vertex -0.943984150887 9.99461650848 3.89467000961
      vertex -0.953851163387 10.0875644684 3.96616053581
    endloop
  endfacet
  facet normal 0.994943022728 0.00416418537498 -0.1003543064
    outer loop
      vertex -0.943585574627 9.98507595062 4.02935647964
      vertex -0.9315969944 9.86896324158 3.96319198608
      vertex -0.943984150887 9.99461650848 3.89467000961
    endloop
  endfacet
  facet normal 0.994562983513 0.00417639035732 -0.104053080082
    outer loop
      vertex -0.954314053059 10.0970153809 3.8409216404
      vertex -0.965513646603 10.2012338638 3.91143417358
      vertex -0.953851163387 10.0875644684 3.96616053581
    endloop
  endfacet
  facet normal 0.994534194469 0.00470625609159 -0.104305237532
    outer loop
      vertex -0.965513646603 10.2012338638 3.91143417358
      vertex -0.962801516056 10.1690406799 4.05181360245
      vertex -0.953851163387 10.0875644684 3.96616053581
    endloop
  endfacet
  facet normal 0.993875443935 0.00610240967944 -0.110337652266
    outer loop
      vertex -0.962801516056 10.1690406799 4.05181360245
      vertex -0.965513646603 10.2012338638 3.91143417358
      vertex -0.978739500046 10.3138132095 4.02993583679
    endloop
  endfacet
  facet normal 0.994014382362 -0.00124898389913 -0.109241999686
    outer loop
      vertex -0.978739500046 10.3138132095 4.02993583679
      vertex -0.968617975712 10.2231178284 4.15260028839
      vertex -0.962801516056 10.1690406799 4.05181360245
    endloop
  endfacet
  facet normal 0.995066642761 -0.00906085036695 -0.0987939685583
    outer loop
      vertex -0.978739500046 10.3138132095 4.02993583679
      vertex -0.981773018837 10.3561096191 4.15796613693
      vertex -0.968617975712 10.2231178284 4.15260028839
    endloop
  endfacet
  facet normal 0.995139300823 -0.000931546615902 -0.0984731465578
    outer loop
      vertex -0.962535262108 10.1634693146 4.3452091217
      vertex -0.968617975712 10.2231178284 4.15260028839
      vertex -0.981773018837 10.3561096191 4.15796613693
    endloop
  endfacet
  facet normal -0.109446890652 0.718213140965 -0.687161743641
    outer loop
      vertex -1.18372452259 10.32791996 4.15416193008
      vertex -0.962535262108 10.1634693146 4.3452091217
      vertex -0.981773018837 10.3561096191 4.15796613693
    endloop
  endfacet
  facet normal -0.0783451125026 0.894285678864 -0.440585047007
    outer loop
      vertex -0.981773018837 10.3561096191 4.15796613693
      vertex -1.11762702465 10.4199781418 4.11459875107
      vertex -1.18372452259 10.32791996 4.15416193008
    endloop
  endfacet
  facet normal -0.810405254364 0.0091414693743 -0.585798382759
    outer loop
      vertex -1.11762702465 10.4199781418 4.11459875107
      vertex -1.18349635601 10.3323411942 3.89104318619
      vertex -1.18372452259 10.32791996 4.15416193008
    endloop
  endfacet
  facet normal -0.196169599891 0.0163056682795 -0.980434417725
    outer loop
      vertex -1.18372452259 10.32791996 4.15416193008
      vertex -1.18349635601 10.3323411942 3.89104318619
      vertex -1.26027655602 10.3126621246 4.15063762665
    endloop
  endfacet
  facet normal -0.168135091662 0.715260207653 -0.678331315517
    outer loop
      vertex -1.26027655602 10.3126621246 4.15063762665
      vertex -1.16495394707 10.1396722794 4.33710289001
      vertex -1.18372452259 10.32791996 4.15416193008
    endloop
  endfacet
  facet normal -0.109542034566 0.71826428175 -0.687093138695
    outer loop
      vertex -1.18372452259 10.32791996 4.15416193008
      vertex -1.16495394707 10.1396722794 4.33710289001
      vertex -0.962535262108 10.1634693146 4.3452091217
    endloop
  endfacet
  facet normal -0.121494859457 0.474674075842 -0.871735930443
    outer loop
      vertex -0.962535262108 10.1634693146 4.3452091217
      vertex -1.16495394707 10.1396722794 4.33710289001
      vertex -1.08622348309 10.1051006317 4.42074584961
    endloop
  endfacet
  facet normal -0.134012565017 0.45916134119 -0.87818646431
    outer loop
      vertex -0.962535262108 10.1634693146 4.3452091217
      vertex -1.08622348309 10.1051006317 4.42074584961
      vertex -0.963618338108 10.1197023392 4.42860126495
    endloop
  endfacet
  facet normal 0.995938122272 0.0516448989511 -0.0737566053867
    outer loop
      vertex -0.962535262108 10.1634693146 4.3452091217
      vertex -0.963618338108 10.1197023392 4.42860126495
      vertex -0.950037002563 10.025812149 4.30078458786
    endloop
  endfacet
  facet normal 0.994375050068 0.0313390269876 -0.101173602045
    outer loop
      vertex -0.944775998592 9.93545532227 4.42555809021
      vertex -0.950037002563 10.025812149 4.30078458786
      vertex -0.963618338108 10.1197023392 4.42860126495
    endloop
  endfacet
  facet normal -0.0619136989117 0.997820794582 0.0228122659028
    outer loop
      vertex -0.963618338108 10.1197023392 4.42860126495
      vertex -1.06775987148 9.92508792877 4.4176902771
      vertex -0.944775998592 9.93545532227 4.42555809021
    endloop
  endfacet
  facet normal 0.0485984534025 0.428912937641 0.902037620544
    outer loop
      vertex -1.06775987148 9.92508792877 4.4176902771
      vertex -0.935037374496 9.89564609528 4.3407330513
      vertex -0.944775998592 9.93545532227 4.42555809021
    endloop
  endfacet
  facet normal 0.990090847015 0.0525562092662 -0.130222946405
    outer loop
      vertex -0.935037374496 9.89564609528 4.3407330513
      vertex -0.950037002563 10.025812149 4.30078458786
      vertex -0.944775998592 9.93545532227 4.42555809021
    endloop
  endfacet
  facet normal 0.0601762235165 0.445517778397 0.893248438835
    outer loop
      vertex -0.935037374496 9.89564609528 4.3407330513
      vertex -1.06775987148 9.92508792877 4.4176902771
      vertex -1.13815689087 9.87798023224 4.33274841309
    endloop
  endfacet
  facet normal 0.0351357609034 0.695032656193 0.71811914444
    outer loop
      vertex -0.915250957012 9.70935249329 4.14725160599
      vertex -0.935037374496 9.89564609528 4.3407330513
      vertex -1.13815689087 9.87798023224 4.33274841309
    endloop
  endfacet
  facet normal 0.0343221202493 0.69453138113 0.718643307686
    outer loop
      vertex -1.13815689087 9.87798023224 4.33274841309
      vertex -1.11876869202 9.69606304169 4.14355707169
      vertex -0.915250957012 9.70935249329 4.14725160599
    endloop
  endfacet
  facet normal 0.0151534220204 0.879093766212 0.476407885551
    outer loop
      vertex -0.915250957012 9.70935249329 4.14725160599
      vertex -1.11876869202 9.69606304169 4.14355707169
      vertex -1.03559613228 9.6207075119 4.10128641129
    endloop
  endfacet
  facet normal 0.00208035507239 0.886591911316 0.462547808886
    outer loop
      vertex -0.915250957012 9.70935249329 4.14725160599
      vertex -1.03559613228 9.6207075119 4.10128641129
      vertex -0.911869525909 9.62586688995 4.10368728638
    endloop
  endfacet
  facet normal 0.0419839657843 -0.0169971380383 0.998973667622
    outer loop
      vertex -0.91170591116 9.62902450562 3.9184949398
      vertex -0.911869525909 9.62586688995 4.10368728638
      vertex -1.03559613228 9.6207075119 4.10128641129
    endloop
  endfacet
  facet normal 0.0411671213806 -0.0175518784672 0.998998105526
    outer loop
      vertex -0.91170591116 9.62902450562 3.9184949398
      vertex -1.03559613228 9.6207075119 4.10128641129
      vertex -1.03527665138 9.62389755249 3.92048287392
    endloop
  endfacet
  facet normal 0.00343414233066 -0.901690542698 0.43236836791
    outer loop
      vertex -1.03527665138 9.62389755249 3.92048287392
      vertex -0.914980530739 9.71390151978 3.87778353691
      vertex -0.91170591116 9.62902450562 3.9184949398
    endloop
  endfacet
  facet normal 0.998429954052 0.0246037915349 -0.0503220930696
    outer loop
      vertex -0.914980530739 9.71390151978 3.87778353691
      vertex -0.919748365879 9.73771762848 4.02255058289
      vertex -0.91170591116 9.62902450562 3.9184949398
    endloop
  endfacet
  facet normal 0.997417867184 0.00210550730117 -0.0717855393887
    outer loop
      vertex -0.91170591116 9.62902450562 3.9184949398
      vertex -0.919748365879 9.73771762848 4.02255058289
      vertex -0.911869525909 9.62586688995 4.10368728638
    endloop
  endfacet
  facet normal 0.0178664289415 -0.893878996372 0.447952181101
    outer loop
      vertex -0.914980530739 9.71390151978 3.87778353691
      vertex -1.03527665138 9.62389755249 3.92048287392
      vertex -1.11854100227 9.70048332214 3.88043904305
    endloop
  endfacet
  facet normal 0.0364122241735 -0.718480050564 0.694593787193
    outer loop
      vertex -1.13731145859 9.88873195648 3.6974978447
      vertex -0.914980530739 9.71390151978 3.87778353691
      vertex -1.11854100227 9.70048332214 3.88043904305
    endloop
  endfacet
  facet normal -0.0214986745268 -0.715905487537 0.697866141796
    outer loop
      vertex -1.11854100227 9.70048332214 3.88043904305
      vertex -1.21495163441 9.88370513916 3.7047290802
      vertex -1.13731145859 9.88873195648 3.6974978447
    endloop
  endfacet
  facet normal -0.0931874290109 -0.995623826981 -0.00702455965802
    outer loop
      vertex -1.21495163441 9.88370513916 3.7047290802
      vertex -1.16410839558 10.1504240036 3.70185208321
      vertex -1.13731145859 9.88873195648 3.6974978447
    endloop
  endfacet
  facet normal -0.703104019165 -0.708533585072 0.0602072700858
    outer loop
      vertex -1.13731145859 9.88873195648 3.6974978447
      vertex -1.16410839558 10.1504240036 3.70185208321
      vertex -1.08546686172 10.1187734604 3.6265027523
    endloop
  endfacet
  facet normal -0.703499674797 -0.708158135414 0.0600022263825
    outer loop
      vertex -1.13731145859 9.88873195648 3.6974978447
      vertex -1.08546686172 10.1187734604 3.6265027523
      vertex -1.06705749035 9.93890953064 3.62345433235
    endloop
  endfacet
  facet normal 0.0566837787628 -0.522682130337 0.850641131401
    outer loop
      vertex -0.934218347073 9.90653991699 3.69053983688
      vertex -1.13731145859 9.88873195648 3.6974978447
      vertex -1.06705749035 9.93890953064 3.62345433235
    endloop
  endfacet
  facet normal 0.0670058429241 -0.538092315197 0.840218365192
    outer loop
      vertex -1.06705749035 9.93890953064 3.62345433235
      vertex -0.938481748104 9.95113277435 3.62037873268
      vertex -0.934218347073 9.90653991699 3.69053983688
    endloop
  endfacet
  facet normal 0.994877099991 0.00375250773504 -0.101022168994
    outer loop
      vertex -0.938481748104 9.95113277435 3.62037873268
      vertex -0.946239173412 10.0230093002 3.74204754829
      vertex -0.934218347073 9.90653991699 3.69053983688
    endloop
  endfacet
  facet normal 0.994861364365 0.00336876790971 -0.101190254092
    outer loop
      vertex -0.934218347073 9.90653991699 3.69053983688
      vertex -0.946239173412 10.0230093002 3.74204754829
      vertex -0.934213161469 9.90174770355 3.83296370506
    endloop
  endfacet
  facet normal 0.994710803032 0.00341817946173 -0.102658554912
    outer loop
      vertex -0.934218347073 9.90653991699 3.69053983688
      vertex -0.934213161469 9.90174770355 3.83296370506
      vertex -0.914980530739 9.71390151978 3.87778353691
    endloop
  endfacet
  facet normal 0.0363010652363 -0.71841442585 0.694667458534
    outer loop
      vertex -0.914980530739 9.71390151978 3.87778353691
      vertex -1.13731145859 9.88873195648 3.6974978447
      vertex -0.934218347073 9.90653991699 3.69053983688
    endloop
  endfacet
  facet normal 0.995079338551 0.00498630059883 -0.0989555045962
    outer loop
      vertex -0.938481748104 9.95113277435 3.62037873268
      vertex -0.95659506321 10.1331224442 3.62345290184
      vertex -0.946239173412 10.0230093002 3.74204754829
    endloop
  endfacet
  facet normal 0.994375169277 0.0109799066558 -0.105344563723
    outer loop
      vertex -0.95659506321 10.1331224442 3.62345290184
      vertex -0.961770176888 10.1745119095 3.69502258301
      vertex -0.946239173412 10.0230093002 3.74204754829
    endloop
  endfacet
  facet normal 0.994652450085 0.00398571137339 -0.103202059865
    outer loop
      vertex -0.961770176888 10.1745119095 3.69502258301
      vertex -0.954314053059 10.0970153809 3.8409216404
      vertex -0.946239173412 10.0230093002 3.74204754829
    endloop
  endfacet
  facet normal 0.994575858116 0.00437206868082 -0.103922069073
    outer loop
      vertex -0.961770176888 10.1745119095 3.69502258301
      vertex -0.965513646603 10.2012338638 3.91143417358
      vertex -0.954314053059 10.0970153809 3.8409216404
    endloop
  endfacet
  facet normal 0.995004653931 0.00489981006831 -0.0997081249952
    outer loop
      vertex -0.961770176888 10.1745119095 3.69502258301
      vertex -0.981380820274 10.3606977463 3.88859033585
      vertex -0.965513646603 10.2012338638 3.91143417358
    endloop
  endfacet
  facet normal 0.994761407375 0.0149542409927 -0.101124256849
    outer loop
      vertex -0.981380820274 10.3606977463 3.88859033585
      vertex -0.978739500046 10.3138132095 4.02993583679
      vertex -0.965513646603 10.2012338638 3.91143417358
    endloop
  endfacet
  facet normal 0.988006532192 0.0316675119102 -0.151129961014
    outer loop
      vertex -0.978739500046 10.3138132095 4.02993583679
      vertex -0.981380820274 10.3606977463 3.88859033585
      vertex -0.995387136936 10.4431581497 3.93204593658
    endloop
  endfacet
  facet normal 0.991515040398 0.0030917681288 -0.129955098033
    outer loop
      vertex -0.978739500046 10.3138132095 4.02993583679
      vertex -0.995387136936 10.4431581497 3.93204593658
      vertex -0.995550811291 10.4400005341 4.11723852158
    endloop
  endfacet
  facet normal 0.988390445709 -0.0260326061398 -0.149688497186
    outer loop
      vertex -0.995550811291 10.4400005341 4.11723852158
      vertex -0.981773018837 10.3561096191 4.15796613693
      vertex -0.978739500046 10.3138132095 4.02993583679
    endloop
  endfacet
  facet normal -0.0889033600688 0.901686549187 -0.423151999712
    outer loop
      vertex -1.11762702465 10.4199781418 4.11459875107
      vertex -0.981773018837 10.3561096191 4.15796613693
      vertex -0.995550811291 10.4400005341 4.11723852158
    endloop
  endfacet
  facet normal -0.162184894085 0.016677102074 -0.986619472504
    outer loop
      vertex -0.995387136936 10.4431581497 3.93204593658
      vertex -1.11762702465 10.4199781418 4.11459875107
      vertex -0.995550811291 10.4400005341 4.11723852158
    endloop
  endfacet
  facet normal -0.16312584281 0.0160286892205 -0.986475050449
    outer loop
      vertex -1.11762702465 10.4199781418 4.11459875107
      vertex -0.995387136936 10.4431581497 3.93204593658
      vertex -1.11745905876 10.4229431152 3.93382453918
    endloop
  endfacet
  facet normal -0.810074746609 0.00886328611523 -0.5862596035
    outer loop
      vertex -1.18349635601 10.3323411942 3.89104318619
      vertex -1.11762702465 10.4199781418 4.11459875107
      vertex -1.11745905876 10.4229431152 3.93382453918
    endloop
  endfacet
  facet normal -0.0767331197858 -0.878838300705 -0.470909029245
    outer loop
      vertex -1.11745905876 10.4229431152 3.93382453918
      vertex -0.981380820274 10.3606977463 3.88859033585
      vertex -1.18349635601 10.3323411942 3.89104318619
    endloop
  endfacet
  facet normal -0.108182288706 -0.694833278656 -0.710987508297
    outer loop
      vertex -0.961770176888 10.1745119095 3.69502258301
      vertex -1.18349635601 10.3323411942 3.89104318619
      vertex -0.981380820274 10.3606977463 3.88859033585
    endloop
  endfacet
  facet normal -0.108101405203 -0.694787621498 -0.711044430733
    outer loop
      vertex -1.18349635601 10.3323411942 3.89104318619
      vertex -0.961770176888 10.1745119095 3.69502258301
      vertex -1.16410839558 10.1504240036 3.70185208321
    endloop
  endfacet
  facet normal -0.16531445086 -0.692328989506 -0.702390015125
    outer loop
      vertex -1.18349635601 10.3323411942 3.89104318619
      vertex -1.16410839558 10.1504240036 3.70185208321
      vertex -1.26000714302 10.3169927597 3.89374065399
    endloop
  endfacet
  facet normal -0.19611042738 0.0163240414113 -0.980445921421
    outer loop
      vertex -1.26000714302 10.3169927597 3.89374065399
      vertex -1.26027655602 10.3126621246 4.15063762665
      vertex -1.18349635601 10.3323411942 3.89104318619
    endloop
  endfacet
  facet normal -0.714865863323 0.0110380612314 -0.699174463749
    outer loop
      vertex -1.31806826591 10.2572994232 3.9146053791
      vertex -1.26027655602 10.3126621246 4.15063762665
      vertex -1.26000714302 10.3169927597 3.89374065399
    endloop
  endfacet
  facet normal -0.690979719162 -0.53638458252 -0.48460149765
    outer loop
      vertex -1.26000714302 10.3169927597 3.89374065399
      vertex -1.30251336098 10.1100730896 3.76155424118
      vertex -1.31806826591 10.2572994232 3.9146053791
    endloop
  endfacet
  facet normal -0.994767427444 -0.0028609437868 0.102125287056
    outer loop
      vertex -1.31806826591 10.2572994232 3.9146053791
      vertex -1.30251336098 10.1100730896 3.76155424118
      vertex -1.2919229269 9.99976062775 4.01693534851
    endloop
  endfacet
  facet normal -0.994736373425 -0.00357318320312 0.102405130863
    outer loop
      vertex -1.31846022606 10.2536725998 4.12769556046
      vertex -1.31806826591 10.2572994232 3.9146053791
      vertex -1.2919229269 9.99976062775 4.01693534851
    endloop
  endfacet
  facet normal -0.994712173939 -0.00298713822849 0.102658249438
    outer loop
      vertex -1.30318403244 10.1013422012 4.27582454681
      vertex -1.31846022606 10.2536725998 4.12769556046
      vertex -1.2919229269 9.99976062775 4.01693534851
    endloop
  endfacet
  facet normal -0.994785249233 -0.0032724707853 0.101939149201
    outer loop
      vertex -1.28145456314 9.88940811157 4.27222442627
      vertex -1.30318403244 10.1013422012 4.27582454681
      vertex -1.2919229269 9.99976062775 4.01693534851
    endloop
  endfacet
  facet normal -0.994802296162 -0.00320071307942 0.101774767041
    outer loop
      vertex -1.26589989662 9.74218177795 4.11917352676
      vertex -1.28145456314 9.88940811157 4.27222442627
      vertex -1.2919229269 9.99976062775 4.01693534851
    endloop
  endfacet
  facet normal -0.994786381721 -0.00356636475772 0.101918287575
    outer loop
      vertex -1.26550745964 9.74580860138 3.90608334541
      vertex -1.26589989662 9.74218177795 4.11917352676
      vertex -1.2919229269 9.99976062775 4.01693534851
    endloop
  endfacet
  facet normal -0.99474799633 -0.00263533042744 0.102320700884
    outer loop
      vertex -1.28078389168 9.89813899994 3.75795412064
      vertex -1.26550745964 9.74580860138 3.90608334541
      vertex -1.2919229269 9.99976062775 4.01693534851
    endloop
  endfacet
  facet normal -0.994785904884 -0.00278339278884 0.101947523654
    outer loop
      vertex -1.30251336098 10.1100730896 3.76155424118
      vertex -1.28078389168 9.89813899994 3.75795412064
      vertex -1.2919229269 9.99976062775 4.01693534851
    endloop
  endfacet
  facet normal -0.634476661682 -0.77119410038 0.0519519969821
    outer loop
      vertex -1.28078389168 9.89813899994 3.75795412064
      vertex -1.30251336098 10.1100730896 3.76155424118
      vertex -1.24113166332 10.1392307281 3.70909023285
    endloop
  endfacet
  facet normal -0.634720444679 -0.770998835564 0.0518723241985
    outer loop
      vertex -1.24113166332 10.1392307281 3.70909023285
      vertex -1.21495163441 9.88370513916 3.7047290802
      vertex -1.28078389168 9.89813899994 3.75795412064
    endloop
  endfacet
  facet normal -0.579276800156 -0.554452061653 0.597512543201
    outer loop
      vertex -1.19658052921 9.70003890991 3.88346624374
      vertex -1.28078389168 9.89813899994 3.75795412064
      vertex -1.21495163441 9.88370513916 3.7047290802
    endloop
  endfacet
  facet normal -0.0237652827054 -0.715267300606 0.698446810246
    outer loop
      vertex -1.21495163441 9.88370513916 3.7047290802
      vertex -1.11854100227 9.70048332214 3.88043904305
      vertex -1.19658052921 9.70003890991 3.88346624374
    endloop
  endfacet
  facet normal 0.00503754569218 -0.0170139335096 0.999842584133
    outer loop
      vertex -1.11854100227 9.70048332214 3.88043904305
      vertex -1.19697153568 9.69566631317 4.14027070999
      vertex -1.19658052921 9.70003890991 3.88346624374
    endloop
  endfacet
  facet normal -0.556528449059 -0.01498938445 0.830693304539
    outer loop
      vertex -1.19697153568 9.69566631317 4.14027070999
      vertex -1.26550745964 9.74580860138 3.90608334541
      vertex -1.19658052921 9.70003890991 3.88346624374
    endloop
  endfacet
  facet normal -0.578862667084 -0.554821789265 0.597570776939
    outer loop
      vertex -1.28078389168 9.89813899994 3.75795412064
      vertex -1.19658052921 9.70003890991 3.88346624374
      vertex -1.26550745964 9.74580860138 3.90608334541
    endloop
  endfacet
  facet normal -0.556119501591 -0.0151670072228 0.830963969231
    outer loop
      vertex -1.26550745964 9.74580860138 3.90608334541
      vertex -1.19697153568 9.69566631317 4.14027070999
      vertex -1.26589989662 9.74218177795 4.11917352676
    endloop
  endfacet
  facet normal -0.579159021378 0.533856391907 0.61609429121
    outer loop
      vertex -1.21567070484 9.8733215332 4.32500696182
      vertex -1.26589989662 9.74218177795 4.11917352676
      vertex -1.19697153568 9.69566631317 4.14027070999
    endloop
  endfacet
  facet normal -0.0254072118551 0.691596925259 0.72183662653
    outer loop
      vertex -1.11876869202 9.69606304169 4.14355707169
      vertex -1.21567070484 9.8733215332 4.32500696182
      vertex -1.19697153568 9.69566631317 4.14027070999
    endloop
  endfacet
  facet normal 0.00577134313062 -0.0167924314737 0.999842345715
    outer loop
      vertex -1.19697153568 9.69566631317 4.14027070999
      vertex -1.11854100227 9.70048332214 3.88043904305
      vertex -1.11876869202 9.69606304169 4.14355707169
    endloop
  endfacet
  facet normal -0.674979150295 -0.0129778468981 0.737722635269
    outer loop
      vertex -1.11854100227 9.70048332214 3.88043904305
      vertex -1.03559613228 9.6207075119 4.10128641129
      vertex -1.11876869202 9.69606304169 4.14355707169
    endloop
  endfacet
  facet normal -0.673187494278 -0.0142330937088 0.739334821701
    outer loop
      vertex -1.03559613228 9.6207075119 4.10128641129
      vertex -1.11854100227 9.70048332214 3.88043904305
      vertex -1.03527665138 9.62389755249 3.92048287392
    endloop
  endfacet
  facet normal -0.0256785023957 0.691517293453 0.721903383732
    outer loop
      vertex -1.21567070484 9.8733215332 4.32500696182
      vertex -1.11876869202 9.69606304169 4.14355707169
      vertex -1.13815689087 9.87798023224 4.33274841309
    endloop
  endfacet
  facet normal -0.0977581962943 0.994855582714 0.0265655107796
    outer loop
      vertex -1.13815689087 9.87798023224 4.33274841309
      vertex -1.16495394707 10.1396722794 4.33710289001
      vertex -1.21567070484 9.8733215332 4.32500696182
    endloop
  endfacet
  facet normal -0.0973412394524 0.994894266129 0.0266466643661
    outer loop
      vertex -1.21567070484 9.8733215332 4.32500696182
      vertex -1.16495394707 10.1396722794 4.33710289001
      vertex -1.24197304249 10.1288070679 4.32927656174
    endloop
  endfacet
  facet normal -0.635581672192 0.768056035042 0.0782682299614
    outer loop
      vertex -1.30318403244 10.1013422012 4.27582454681
      vertex -1.21567070484 9.8733215332 4.32500696182
      vertex -1.24197304249 10.1288070679 4.32927656174
    endloop
  endfacet
  facet normal -0.69115960598 0.551507353783 -0.467052489519
    outer loop
      vertex -1.26027655602 10.3126621246 4.15063762665
      vertex -1.30318403244 10.1013422012 4.27582454681
      vertex -1.24197304249 10.1288070679 4.32927656174
    endloop
  endfacet
  facet normal -0.16837130487 0.715293765068 -0.678237378597
    outer loop
      vertex -1.16495394707 10.1396722794 4.33710289001
      vertex -1.26027655602 10.3126621246 4.15063762665
      vertex -1.24197304249 10.1288070679 4.32927656174
    endloop
  endfacet
  facet normal -0.691055715084 0.551605939865 -0.467089802027
    outer loop
      vertex -1.30318403244 10.1013422012 4.27582454681
      vertex -1.26027655602 10.3126621246 4.15063762665
      vertex -1.31846022606 10.2536725998 4.12769556046
    endloop
  endfacet
  facet normal -0.713968932629 0.0106020271778 -0.70009714365
    outer loop
      vertex -1.26027655602 10.3126621246 4.15063762665
      vertex -1.31806826591 10.2572994232 3.9146053791
      vertex -1.31846022606 10.2536725998 4.12769556046
    endloop
  endfacet
  facet normal -0.63546615839 0.768158316612 0.0782018452883
    outer loop
      vertex -1.21567070484 9.8733215332 4.32500696182
      vertex -1.30318403244 10.1013422012 4.27582454681
      vertex -1.28145456314 9.88940811157 4.27222442627
    endloop
  endfacet
  facet normal -0.57904368639 0.53388273716 0.61617988348
    outer loop
      vertex -1.26589989662 9.74218177795 4.11917352676
      vertex -1.21567070484 9.8733215332 4.32500696182
      vertex -1.28145456314 9.88940811157 4.27222442627
    endloop
  endfacet
  facet normal -0.742752015591 0.663876712322 0.0871043801308
    outer loop
      vertex -1.06775987148 9.92508792877 4.4176902771
      vertex -1.16495394707 10.1396722794 4.33710289001
      vertex -1.13815689087 9.87798023224 4.33274841309
    endloop
  endfacet
  facet normal -0.743167579174 0.663361251354 0.0874861553311
    outer loop
      vertex -1.16495394707 10.1396722794 4.33710289001
      vertex -1.06775987148 9.92508792877 4.4176902771
      vertex -1.08622348309 10.1051006317 4.42074584961
    endloop
  endfacet
  facet normal -0.0611705295742 0.997857391834 0.0232120007277
    outer loop
      vertex -1.06775987148 9.92508792877 4.4176902771
      vertex -0.963618338108 10.1197023392 4.42860126495
      vertex -1.08622348309 10.1051006317 4.42074584961
    endloop
  endfacet
  facet normal -0.0946070998907 -0.995487928391 -0.00729664927348
    outer loop
      vertex -1.16410839558 10.1504240036 3.70185208321
      vertex -1.21495163441 9.88370513916 3.7047290802
      vertex -1.24113166332 10.1392307281 3.70909023285
    endloop
  endfacet
  facet normal -0.167058289051 -0.692605435848 -0.701704502106
    outer loop
      vertex -1.26000714302 10.3169927597 3.89374065399
      vertex -1.16410839558 10.1504240036 3.70185208321
      vertex -1.24113166332 10.1392307281 3.70909023285
    endloop
  endfacet
  facet normal -0.689806878567 -0.537478864193 -0.485059678555
    outer loop
      vertex -1.26000714302 10.3169927597 3.89374065399
      vertex -1.24113166332 10.1392307281 3.70909023285
      vertex -1.30251336098 10.1100730896 3.76155424118
    endloop
  endfacet
  facet normal -0.119411818683 -0.487850308418 -0.864721298218
    outer loop
      vertex -0.961770176888 10.1745119095 3.69502258301
      vertex -1.08546686172 10.1187734604 3.6265027523
      vertex -1.16410839558 10.1504240036 3.70185208321
    endloop
  endfacet
  facet normal -0.107366926968 -0.5035379529 -0.85727584362
    outer loop
      vertex -1.08546686172 10.1187734604 3.6265027523
      vertex -0.961770176888 10.1745119095 3.69502258301
      vertex -0.95659506321 10.1331224442 3.62345290184
    endloop
  endfacet
  facet normal -0.0252548903227 -0.99957793951 -0.0143566112965
    outer loop
      vertex -0.95659506321 10.1331224442 3.62345290184
      vertex -1.06705749035 9.93890953064 3.62345433235
      vertex -1.08546686172 10.1187734604 3.6265027523
    endloop
  endfacet
  facet normal -0.0252768993378 -0.999577224255 -0.0143691292033
    outer loop
      vertex -1.06705749035 9.93890953064 3.62345433235
      vertex -0.95659506321 10.1331224442 3.62345290184
      vertex -0.938481748104 9.95113277435 3.62037873268
    endloop
  endfacet
  facet normal -0.0878918990493 -0.887328624725 -0.452684134245
    outer loop
      vertex -0.981380820274 10.3606977463 3.88859033585
      vertex -1.11745905876 10.4229431152 3.93382453918
      vertex -0.995387136936 10.4431581497 3.93204593658
    endloop
  endfacet
  facet normal 0.994696259499 0.00412586145103 -0.102773249149
    outer loop
      vertex -0.941073775291 9.95119953156 4.23074865341
      vertex -0.93318092823 9.87898731232 4.12663888931
      vertex -0.946248948574 10.0042695999 4.15646934509
    endloop
  endfacet
  facet normal 0.99484962225 0.00525343604386 -0.101225435734
    outer loop
      vertex -0.952726244926 10.0721187592 4.07574129105
      vertex -0.95715123415 10.1102027893 4.179874897
      vertex -0.946248948574 10.0042695999 4.15646934509
    endloop
  endfacet
  facet normal -0.261309653521 0.941416025162 -0.213197380304
    outer loop
      vertex -2.0286886692 9.44262218475 4.4032998085
      vertex -1.90436840057 9.65417575836 4.38989782333
      vertex -2.18099570274 9.6311044693 4.31833934784
    endloop
  endfacet
  facet normal -0.54357790947 0.83707088232 0.0619305968285
    outer loop
      vertex -2.0286886692 9.44262218475 4.4032998085
      vertex -2.18099570274 9.6311044693 4.31833934784
      vertex -2.2238445282 9.36058425903 4.27049922943
    endloop
  endfacet
  facet normal -0.381736546755 0.822021067142 0.422561943531
    outer loop
      vertex -2.0286886692 9.44262218475 4.4032998085
      vertex -2.2238445282 9.36058425903 4.27049922943
      vertex -1.97386932373 9.21638965607 4.31246137619
    endloop
  endfacet
  facet normal -0.00379857048392 0.927662491798 0.373400360346
    outer loop
      vertex -2.0286886692 9.44262218475 4.4032998085
      vertex -1.97386932373 9.21638965607 4.31246137619
      vertex -1.77648115158 9.39778518677 4.38628482819
    endloop
  endfacet
  facet normal 0.0710824802518 0.997240781784 -0.0214021932334
    outer loop
      vertex -2.0286886692 9.44262218475 4.4032998085
      vertex -1.77648115158 9.39778518677 4.38628482819
      vertex -1.90436840057 9.65417575836 4.38989782333
    endloop
  endfacet
  facet normal 0.348740190268 0.923297703266 -0.160939767957
    outer loop
      vertex -1.77648115158 9.39778518677 4.38628482819
      vertex -1.63247025013 9.62027740479 4.29310750961
      vertex -1.90436840057 9.65417575836 4.38989782333
    endloop
  endfacet
  facet normal 0.348206996918 0.81750869751 -0.458728045225
    outer loop
      vertex -1.90436840057 9.65417575836 4.38989782333
      vertex -1.63247025013 9.62027740479 4.29310750961
      vertex -1.78379654884 9.82112312317 4.24486303329
    endloop
  endfacet
  facet normal 0.0239718072116 0.763201057911 -0.645716249943
    outer loop
      vertex -1.90436840057 9.65417575836 4.38989782333
      vertex -1.78379654884 9.82112312317 4.24486303329
      vertex -2.03690576553 9.85366535187 4.22527980804
    endloop
  endfacet
  facet normal -0.255118399858 0.822136163712 -0.508927047253
    outer loop
      vertex -1.90436840057 9.65417575836 4.38989782333
      vertex -2.03690576553 9.85366535187 4.22527980804
      vertex -2.18099570274 9.6311044693 4.31833934784
    endloop
  endfacet
  facet normal -0.494850724936 0.639890253544 -0.587931334972
    outer loop
      vertex -2.18099570274 9.6311044693 4.31833934784
      vertex -2.03690576553 9.85366535187 4.22527980804
      vertex -2.25408840179 9.78199672699 4.12317419052
    endloop
  endfacet
  facet normal -0.780617713928 0.538129925728 -0.317887037992
    outer loop
      vertex -2.18099570274 9.6311044693 4.31833934784
      vertex -2.25408840179 9.78199672699 4.12317419052
      vertex -2.35638189316 9.56007385254 4.10588121414
    endloop
  endfacet
  facet normal -0.772810161114 0.634555459023 -0.0101920096204
    outer loop
      vertex -2.18099570274 9.6311044693 4.31833934784
      vertex -2.35638189316 9.56007385254 4.10588121414
      vertex -2.2238445282 9.36058425903 4.27049922943
    endloop
  endfacet
  facet normal -0.873474597931 0.432637214661 0.223309502006
    outer loop
      vertex -2.2238445282 9.36058425903 4.27049922943
      vertex -2.35638189316 9.56007385254 4.10588121414
      vertex -2.32719111443 9.32166099548 4.04175710678
    endloop
  endfacet
  facet normal -0.705565035343 0.416353225708 0.57343518734
    outer loop
      vertex -2.2238445282 9.36058425903 4.27049922943
      vertex -2.32719111443 9.32166099548 4.04175710678
      vertex -2.14943504333 9.14522743225 4.09998989105
    endloop
  endfacet
  facet normal -0.471692353487 0.604699134827 0.641751766205
    outer loop
      vertex -2.2238445282 9.36058425903 4.27049922943
      vertex -2.14943504333 9.14522743225 4.09998989105
      vertex -1.97386932373 9.21638965607 4.31246137619
    endloop
  endfacet
  facet normal -0.257657170296 0.491519063711 0.831878483295
    outer loop
      vertex -1.97386932373 9.21638965607 4.31246137619
      vertex -2.14943504333 9.14522743225 4.09998989105
      vertex -1.90195953846 9.07629299164 4.11304855347
    endloop
  endfacet
  facet normal 0.114115953445 0.598328053951 0.793083250523
    outer loop
      vertex -1.97386932373 9.21638965607 4.31246137619
      vertex -1.90195953846 9.07629299164 4.11304855347
      vertex -1.7019712925 9.18249034882 4.21567153931
    endloop
  endfacet
  facet normal 0.215092822909 0.800265073776 0.559741795063
    outer loop
      vertex -1.97386932373 9.21638965607 4.31246137619
      vertex -1.7019712925 9.18249034882 4.21567153931
      vertex -1.77648115158 9.39778518677 4.38628482819
    endloop
  endfacet
  facet normal 0.502619683743 0.753745615482 0.423368573189
    outer loop
      vertex -1.77648115158 9.39778518677 4.38628482819
      vertex -1.7019712925 9.18249034882 4.21567153931
      vertex -1.56600153446 9.384973526 4.23873472214
    endloop
  endfacet
  facet normal 0.572679102421 0.819316446781 0.0275537203997
    outer loop
      vertex -1.77648115158 9.39778518677 4.38628482819
      vertex -1.56600153446 9.384973526 4.23873472214
      vertex -1.63247025013 9.62027740479 4.29310750961
    endloop
  endfacet
  facet normal 0.824868321419 0.555557549 -0.104633033276
    outer loop
      vertex -1.4689399004 9.54230594635 4.06499004364
      vertex -1.63247025013 9.62027740479 4.29310750961
      vertex -1.56600153446 9.384973526 4.23873472214
    endloop
  endfacet
  facet normal 0.92169880867 0.329409629107 0.204843014479
    outer loop
      vertex -1.56600153446 9.384973526 4.23873472214
      vertex -1.51198208332 9.27185058594 4.01724100113
      vertex -1.4689399004 9.54230594635 4.06499004364
    endloop
  endfacet
  facet normal 0.986409306526 0.0279298759997 0.161915436387
    outer loop
      vertex -1.51198208332 9.27185058594 4.01724100113
      vertex -1.47633862495 9.4502696991 3.79273724556
      vertex -1.4689399004 9.54230594635 4.06499004364
    endloop
  endfacet
  facet normal 0.987159669399 -0.0745793730021 -0.141257569194
    outer loop
      vertex -1.4689399004 9.54230594635 4.06499004364
      vertex -1.47633862495 9.4502696991 3.79273724556
      vertex -1.50560879707 9.6886138916 3.85674381256
    endloop
  endfacet
  facet normal 0.884963870049 0.153135195374 -0.43975970149
    outer loop
      vertex -1.50560879707 9.6886138916 3.85674381256
      vertex -1.59702026844 9.79876232147 4.06869459152
      vertex -1.4689399004 9.54230594635 4.06499004364
    endloop
  endfacet
  facet normal 0.805083990097 0.441888451576 -0.395694732666
    outer loop
      vertex -1.59702026844 9.79876232147 4.06869459152
      vertex -1.63247025013 9.62027740479 4.29310750961
      vertex -1.4689399004 9.54230594635 4.06499004364
    endloop
  endfacet
  facet normal 0.594099164009 0.556101679802 -0.58120316267
    outer loop
      vertex -1.59702026844 9.79876232147 4.06869459152
      vertex -1.78379654884 9.82112312317 4.24486303329
      vertex -1.63247025013 9.62027740479 4.29310750961
    endloop
  endfacet
  facet normal 0.425051748753 0.344396412373 -0.837091445923
    outer loop
      vertex -1.78379654884 9.82112312317 4.24486303329
      vertex -1.59702026844 9.79876232147 4.06869459152
      vertex -1.8469953537 9.94295692444 4.02673244476
    endloop
  endfacet
  facet normal 0.0768186599016 0.469132810831 -0.879780292511
    outer loop
      vertex -1.8469953537 9.94295692444 4.02673244476
      vertex -2.03690576553 9.85366535187 4.22527980804
      vertex -1.78379654884 9.82112312317 4.24486303329
    endloop
  endfacet
  facet normal -0.151436835527 0.281304121017 -0.947594285011
    outer loop
      vertex -2.12344288826 9.92001628876 3.95518708229
      vertex -2.03690576553 9.85366535187 4.22527980804
      vertex -1.8469953537 9.94295692444 4.02673244476
    endloop
  endfacet
  facet normal -0.0803419053555 -0.00915697962046 -0.996725320816
    outer loop
      vertex -1.93084025383 9.93398189545 3.78545165062
      vertex -2.12344288826 9.92001628876 3.95518708229
      vertex -1.8469953537 9.94295692444 4.02673244476
    endloop
  endfacet
  facet normal 0.272797316313 -0.130254179239 -0.953213214874
    outer loop
      vertex -1.8469953537 9.94295692444 4.02673244476
      vertex -1.6834654808 9.86498451233 3.79861474037
      vertex -1.93084025383 9.93398189545 3.78545165062
    endloop
  endfacet
  facet normal 0.258165568113 -0.491239607334 -0.831885933876
    outer loop
      vertex -1.85885119438 9.79395484924 3.58615660667
      vertex -1.93084025383 9.93398189545 3.78545165062
      vertex -1.6834654808 9.86498451233 3.79861474037
    endloop
  endfacet
  facet normal 0.471856147051 -0.604194462299 -0.642106533051
    outer loop
      vertex -1.85885119438 9.79395484924 3.58615660667
      vertex -1.6834654808 9.86498451233 3.79861474037
      vertex -1.6089553833 9.64969062805 3.62800121307
    endloop
  endfacet
  facet normal 0.381658375263 -0.821990787983 -0.422691434622
    outer loop
      vertex -1.85885119438 9.79395484924 3.58615660667
      vertex -1.6089553833 9.64969062805 3.62800121307
      vertex -1.84036242962 9.71751880646 3.55543589592
    endloop
  endfacet
  facet normal 0.00386965973303 -0.92753058672 -0.373727202415
    outer loop
      vertex -1.85885119438 9.79395484924 3.58615660667
      vertex -1.84036242962 9.71751880646 3.55543589592
      vertex -1.94089460373 9.71855926514 3.5554356575
    endloop
  endfacet
  facet normal -0.214544162154 -0.80048763752 -0.55963408947
    outer loop
      vertex -2.13092064857 9.82791137695 3.68281579018
      vertex -1.85885119438 9.79395484924 3.58615660667
      vertex -1.94089460373 9.71855926514 3.5554356575
    endloop
  endfacet
  facet normal -0.214544028044 -0.800487577915 -0.559634208679
    outer loop
      vertex -2.13092064857 9.82791137695 3.68281579018
      vertex -1.94089460373 9.71855926514 3.5554356575
      vertex -2.07521820068 9.66706466675 3.5554356575
    endloop
  endfacet
  facet normal -0.503145754337 -0.75377291441 -0.422694653273
    outer loop
      vertex -2.07521820068 9.66706466675 3.5554356575
      vertex -2.11789941788 9.61625957489 3.5554356575
      vertex -2.13092064857 9.82791137695 3.68281579018
    endloop
  endfacet
  facet normal -0.5031504035 -0.753770709038 -0.422693043947
    outer loop
      vertex -2.26671934128 9.62537097931 3.65988373756
      vertex -2.13092064857 9.82791137695 3.68281579018
      vertex -2.11789941788 9.61625957489 3.5554356575
    endloop
  endfacet
  facet normal -0.573102474213 -0.819006741047 -0.0279559083283
    outer loop
      vertex -2.11789941788 9.61625957489 3.5554356575
      vertex -2.12311768532 9.50928592682 3.5554356575
      vertex -2.26671934128 9.62537097931 3.65988373756
    endloop
  endfacet
  facet normal -0.573102414608 -0.819006741047 -0.0279559791088
    outer loop
      vertex -2.20032930374 9.38999652863 3.60539293289
      vertex -2.26671934128 9.62537097931 3.65988373756
      vertex -2.12311768532 9.50928592682 3.5554356575
    endloop
  endfacet
  facet normal -0.348740756512 -0.923297345638 0.160940811038
    outer loop
      vertex -2.20032930374 9.38999652863 3.60539293289
      vertex -2.12311768532 9.50928592682 3.5554356575
      vertex -2.05999279022 9.37250041962 3.55543589592
    endloop
  endfacet
  facet normal -0.348203092813 -0.817472338676 0.458795785904
    outer loop
      vertex -2.04909491539 9.18927955627 3.65362429619
      vertex -2.20032930374 9.38999652863 3.60539293289
      vertex -2.05999279022 9.37250041962 3.55543589592
    endloop
  endfacet
  facet normal -0.348201364279 -0.817472934723 0.45879599452
    outer loop
      vertex -2.04909491539 9.18927955627 3.65362429619
      vertex -2.05999279022 9.37250041962 3.55543589592
      vertex -1.96739840508 9.30222702026 3.55543589592
    endloop
  endfacet
  facet normal -0.0237734969705 -0.762929916382 0.646043896675
    outer loop
      vertex -1.79581511021 9.15667819977 3.67333889008
      vertex -2.04909491539 9.18927955627 3.65362429619
      vertex -1.96739840508 9.30222702026 3.55543589592
    endloop
  endfacet
  facet normal -0.023771090433 -0.762931406498 0.64604228735
    outer loop
      vertex -1.79581511021 9.15667819977 3.67333889008
      vertex -1.96739840508 9.30222702026 3.55543589592
      vertex -1.89072966576 9.29940509796 3.55543613434
    endloop
  endfacet
  facet normal 0.255088806152 -0.821905016899 0.50931507349
    outer loop
      vertex -1.89072966576 9.29940509796 3.55543613434
      vertex -1.74738693237 9.3711977005 3.55543613434
      vertex -1.79581511021 9.15667819977 3.67333889008
    endloop
  endfacet
  facet normal 0.255091041327 -0.821904242039 0.509315192699
    outer loop
      vertex -1.65180385113 9.37917041779 3.5801615715
      vertex -1.79581511021 9.15667819977 3.67333889008
      vertex -1.74738693237 9.3711977005 3.55543613434
    endloop
  endfacet
  facet normal 0.261308848858 -0.941416740417 0.213195368648
    outer loop
      vertex -1.65180385113 9.37917041779 3.5801615715
      vertex -1.74738693237 9.3711977005 3.55543613434
      vertex -1.69612932205 9.43402385712 3.55543613434
    endloop
  endfacet
  facet normal 0.543576061726 -0.837072014809 -0.0619315169752
    outer loop
      vertex -1.6089553833 9.64969062805 3.62800121307
      vertex -1.65180385113 9.37917041779 3.5801615715
      vertex -1.69612932205 9.43402385712 3.55543613434
    endloop
  endfacet
  facet normal 0.543577313423 -0.837071239948 -0.0619307681918
    outer loop
      vertex -1.6089553833 9.64969062805 3.62800121307
      vertex -1.69612932205 9.43402385712 3.55543613434
      vertex -1.71559357643 9.60486316681 3.55543589592
    endloop
  endfacet
  facet normal 0.381658703089 -0.821989238262 -0.422694146633
    outer loop
      vertex -1.71559357643 9.60486316681 3.55543589592
      vertex -1.84036242962 9.71751880646 3.55543589592
      vertex -1.6089553833 9.64969062805 3.62800121307
    endloop
  endfacet
  facet normal 2.97523638437e-06 -1 -3.29512999997e-06
    outer loop
      vertex -1.84036242962 9.71751880646 3.55543589592
      vertex -1.71559357643 9.60486316681 3.55543589592
      vertex -1.94089460373 9.71855926514 3.5554356575
    endloop
  endfacet
  facet normal 9.29279849515e-07 -1 7.59141528306e-07
    outer loop
      vertex -1.94089460373 9.71855926514 3.5554356575
      vertex -1.71559357643 9.60486316681 3.55543589592
      vertex -1.74738693237 9.3711977005 3.55543613434
    endloop
  endfacet
  facet normal 9.42721214869e-07 -1 7.51653658426e-07
    outer loop
      vertex -1.94089460373 9.71855926514 3.5554356575
      vertex -1.74738693237 9.3711977005 3.55543613434
      vertex -2.05999279022 9.37250041962 3.55543589592
    endloop
  endfacet
  facet normal 8.11281267943e-07 -1 7.06417779384e-07
    outer loop
      vertex -1.94089460373 9.71855926514 3.5554356575
      vertex -2.05999279022 9.37250041962 3.55543589592
      vertex -2.12311768532 9.50928592682 3.5554356575
    endloop
  endfacet
  facet normal 0 -1 0
    outer loop
      vertex -1.94089460373 9.71855926514 3.5554356575
      vertex -2.12311768532 9.50928592682 3.5554356575
      vertex -2.07521820068 9.66706466675 3.5554356575
    endloop
  endfacet
  facet normal 0 -1 0
    outer loop
      vertex -2.07521820068 9.66706466675 3.5554356575
      vertex -2.12311768532 9.50928592682 3.5554356575
      vertex -2.11789941788 9.61625957489 3.5554356575
    endloop
  endfacet
  facet normal 9.38048401622e-07 -1 1.87292494047e-06
    outer loop
      vertex -2.05999279022 9.37250041962 3.55543589592
      vertex -1.74738693237 9.3711977005 3.55543613434
      vertex -1.89072966576 9.29940509796 3.55543613434
    endloop
  endfacet
  facet normal 4.05310720453e-06 -1 -5.3404423852e-06
    outer loop
      vertex -2.05999279022 9.37250041962 3.55543589592
      vertex -1.89072966576 9.29940509796 3.55543613434
      vertex -1.96739840508 9.30222702026 3.55543589592
    endloop
  endfacet
  facet normal 9.30699741275e-07 -1 7.59334739087e-07
    outer loop
      vertex -1.74738693237 9.3711977005 3.55543613434
      vertex -1.71559357643 9.60486316681 3.55543589592
      vertex -1.69612932205 9.43402385712 3.55543613434
    endloop
  endfacet
  facet normal 0.772844910622 -0.634512960911 0.0102041130885
    outer loop
      vertex -1.6089553833 9.64969062805 3.62800121307
      vertex -1.47633862495 9.4502696991 3.79273724556
      vertex -1.65180385113 9.37917041779 3.5801615715
    endloop
  endfacet
  facet normal 0.780674934387 -0.538091123104 0.317812174559
    outer loop
      vertex -1.65180385113 9.37917041779 3.5801615715
      vertex -1.47633862495 9.4502696991 3.79273724556
      vertex -1.57871115208 9.2282781601 3.77532720566
    endloop
  endfacet
  facet normal 0.494578450918 -0.639929354191 0.588117837906
    outer loop
      vertex -1.65180385113 9.37917041779 3.5801615715
      vertex -1.57871115208 9.2282781601 3.77532720566
      vertex -1.79581511021 9.15667819977 3.67333889008
    endloop
  endfacet
  facet normal 0.435794174671 -0.343688845634 0.831842184067
    outer loop
      vertex -1.70944857597 9.09038543701 3.94330072403
      vertex -1.79581511021 9.15667819977 3.67333889008
      vertex -1.57871115208 9.2282781601 3.77532720566
    endloop
  endfacet
  facet normal 0.687390625477 -0.0592283047736 0.723868906498
    outer loop
      vertex -1.57871115208 9.2282781601 3.77532720566
      vertex -1.51198208332 9.27185058594 4.01724100113
      vertex -1.70944857597 9.09038543701 3.94330072403
    endloop
  endfacet
  facet normal 0.606758713722 0.239636838436 0.757903754711
    outer loop
      vertex -1.51198208332 9.27185058594 4.01724100113
      vertex -1.7019712925 9.18249034882 4.21567153931
      vertex -1.70944857597 9.09038543701 3.94330072403
    endloop
  endfacet
  facet normal 0.325732767582 0.294833689928 0.898315787315
    outer loop
      vertex -1.70944857597 9.09038543701 3.94330072403
      vertex -1.7019712925 9.18249034882 4.21567153931
      vertex -1.90195953846 9.07629299164 4.11304855347
    endloop
  endfacet
  facet normal 0.0810239985585 0.00914449896663 0.99667018652
    outer loop
      vertex -1.90195953846 9.07629299164 4.11304855347
      vertex -1.98590528965 9.06725597382 3.87187290192
      vertex -1.70944857597 9.09038543701 3.94330072403
    endloop
  endfacet
  facet normal 0.151950031519 -0.281286627054 0.94751727581
    outer loop
      vertex -1.98590528965 9.06725597382 3.87187290192
      vertex -1.79581511021 9.15667819977 3.67333889008
      vertex -1.70944857597 9.09038543701 3.94330072403
    endloop
  endfacet
  facet normal -0.0766653195024 -0.469570040703 0.879560351372
    outer loop
      vertex -1.98590528965 9.06725597382 3.87187290192
      vertex -2.04909491539 9.18927955627 3.65362429619
      vertex -1.79581511021 9.15667819977 3.67333889008
    endloop
  endfacet
  facet normal -0.425326526165 -0.344723910093 0.836817085743
    outer loop
      vertex -2.04909491539 9.18927955627 3.65362429619
      vertex -1.98590528965 9.06725597382 3.87187290192
      vertex -2.23587179184 9.21164035797 3.82979297638
    endloop
  endfacet
  facet normal -0.594080269337 -0.556078255177 0.581244885921
    outer loop
      vertex -2.23587179184 9.21164035797 3.82979297638
      vertex -2.20032930374 9.38999652863 3.60539293289
      vertex -2.04909491539 9.18927955627 3.65362429619
    endloop
  endfacet
  facet normal -0.805105924606 -0.441941529512 0.395590811968
    outer loop
      vertex -2.36385965347 9.46796798706 3.83351063728
      vertex -2.20032930374 9.38999652863 3.60539293289
      vertex -2.23587179184 9.21164035797 3.82979297638
    endloop
  endfacet
  facet normal -0.885014891624 -0.153069168329 0.43968001008
    outer loop
      vertex -2.32719111443 9.32166099548 4.04175710678
      vertex -2.36385965347 9.46796798706 3.83351063728
      vertex -2.23587179184 9.21164035797 3.82979297638
    endloop
  endfacet
  facet normal -0.712541699409 0.0560386516154 0.699388325214
    outer loop
      vertex -2.23587179184 9.21164035797 3.82979297638
      vertex -2.14943504333 9.14522743225 4.09998989105
      vertex -2.32719111443 9.32166099548 4.04175710678
    endloop
  endfacet
  facet normal -0.492299497128 -0.0560135915875 0.868621706963
    outer loop
      vertex -1.98590528965 9.06725597382 3.87187290192
      vertex -2.14943504333 9.14522743225 4.09998989105
      vertex -2.23587179184 9.21164035797 3.82979297638
    endloop
  endfacet
  facet normal -0.272425889969 0.130543395877 0.953279912472
    outer loop
      vertex -1.98590528965 9.06725597382 3.87187290192
      vertex -1.90195953846 9.07629299164 4.11304855347
      vertex -2.14943504333 9.14522743225 4.09998989105
    endloop
  endfacet
  facet normal -0.987184166908 0.0747772008181 0.140981405973
    outer loop
      vertex -2.36385965347 9.46796798706 3.83351063728
      vertex -2.32719111443 9.32166099548 4.04175710678
      vertex -2.35638189316 9.56007385254 4.10588121414
    endloop
  endfacet
  facet normal -0.986452519894 -0.0276015456766 -0.161708191037
    outer loop
      vertex -2.36385965347 9.46796798706 3.83351063728
      vertex -2.35638189316 9.56007385254 4.10588121414
      vertex -2.32083106041 9.73861980438 3.88136363029
    endloop
  endfacet
  facet normal -0.921531260014 -0.329884499311 -0.204832524061
    outer loop
      vertex -2.26671934128 9.62537097931 3.65988373756
      vertex -2.36385965347 9.46796798706 3.83351063728
      vertex -2.32083106041 9.73861980438 3.88136363029
    endloop
  endfacet
  facet normal -0.718410074711 -0.447737962008 -0.532369911671
    outer loop
      vertex -2.32083106041 9.73861980438 3.88136363029
      vertex -2.13092064857 9.82791137695 3.68281579018
      vertex -2.26671934128 9.62537097931 3.65988373756
    endloop
  endfacet
  facet normal -0.606835305691 -0.239613354206 -0.757849812508
    outer loop
      vertex -2.12344288826 9.92001628876 3.95518708229
      vertex -2.13092064857 9.82791137695 3.68281579018
      vertex -2.32083106041 9.73861980438 3.88136363029
    endloop
  endfacet
  facet normal -0.687494575977 0.0599347427487 -0.723711967468
    outer loop
      vertex -2.25408840179 9.78199672699 4.12317419052
      vertex -2.12344288826 9.92001628876 3.95518708229
      vertex -2.32083106041 9.73861980438 3.88136363029
    endloop
  endfacet
  facet normal -0.899093449116 0.17628261447 -0.400693595409
    outer loop
      vertex -2.32083106041 9.73861980438 3.88136363029
      vertex -2.35638189316 9.56007385254 4.10588121414
      vertex -2.25408840179 9.78199672699 4.12317419052
    endloop
  endfacet
  facet normal -0.436132669449 0.344008505344 -0.831532597542
    outer loop
      vertex -2.12344288826 9.92001628876 3.95518708229
      vertex -2.25408840179 9.78199672699 4.12317419052
      vertex -2.03690576553 9.85366535187 4.22527980804
    endloop
  endfacet
  facet normal -0.325058579445 -0.294921875 -0.898531019688
    outer loop
      vertex -2.12344288826 9.92001628876 3.95518708229
      vertex -1.93084025383 9.93398189545 3.78545165062
      vertex -2.13092064857 9.82791137695 3.68281579018
    endloop
  endfacet
  facet normal -0.113570071757 -0.598315775394 -0.79317086935
    outer loop
      vertex -1.85885119438 9.79395484924 3.58615660667
      vertex -2.13092064857 9.82791137695 3.68281579018
      vertex -1.93084025383 9.93398189545 3.78545165062
    endloop
  endfacet
  facet normal -0.824822902679 -0.555745303631 0.103992007673
    outer loop
      vertex -2.36385965347 9.46796798706 3.83351063728
      vertex -2.26671934128 9.62537097931 3.65988373756
      vertex -2.20032930374 9.38999652863 3.60539293289
    endloop
  endfacet
  facet normal 0.718045353889 0.44740998745 0.533137142658
    outer loop
      vertex -1.51198208332 9.27185058594 4.01724100113
      vertex -1.56600153446 9.384973526 4.23873472214
      vertex -1.7019712925 9.18249034882 4.21567153931
    endloop
  endfacet
  facet normal 0.899117946625 -0.175812333822 0.400845229626
    outer loop
      vertex -1.51198208332 9.27185058594 4.01724100113
      vertex -1.57871115208 9.2282781601 3.77532720566
      vertex -1.47633862495 9.4502696991 3.79273724556
    endloop
  endfacet
  facet normal 0.873435974121 -0.432643413544 -0.223448574543
    outer loop
      vertex -1.6089553833 9.64969062805 3.62800121307
      vertex -1.50560879707 9.6886138916 3.85674381256
      vertex -1.47633862495 9.4502696991 3.79273724556
    endloop
  endfacet
  facet normal 0.705199122429 -0.416274160147 -0.573942482471
    outer loop
      vertex -1.6089553833 9.64969062805 3.62800121307
      vertex -1.6834654808 9.86498451233 3.79861474037
      vertex -1.50560879707 9.6886138916 3.85674381256
    endloop
  endfacet
  facet normal 0.712249696255 -0.0564187020063 -0.699655115604
    outer loop
      vertex -1.59702026844 9.79876232147 4.06869459152
      vertex -1.50560879707 9.6886138916 3.85674381256
      vertex -1.6834654808 9.86498451233 3.79861474037
    endloop
  endfacet
  facet normal 0.491870880127 0.0556145235896 -0.868890106678
    outer loop
      vertex -1.59702026844 9.79876232147 4.06869459152
      vertex -1.6834654808 9.86498451233 3.79861474037
      vertex -1.8469953537 9.94295692444 4.02673244476
    endloop
  endfacet
  facet normal -0.408309012651 0.895676672459 -0.176201745868
    outer loop
      vertex -1.28463542461 9.98683071136 4.89128875732
      vertex -2.60184788704 10.1667499542 4.25542116165
      vertex -1.99154686928 9.35405826569 4.6935133934
    endloop
  endfacet
  facet normal -0.154902160168 0.97894692421 0.132921844721
    outer loop
      vertex -1.99154686928 9.35405826569 4.6935133934
      vertex -1.19743692875 9.88530254364 4.89130067825
      vertex -1.28463542461 9.98683071136 4.89128875732
    endloop
  endfacet
  facet normal 0.278887480497 0.929944455624 -0.239635363221
    outer loop
      vertex -1.17778801918 9.98542690277 4.8596072197
      vertex -1.28463542461 9.98683071136 4.89128875732
      vertex -1.19743692875 9.88530254364 4.89130067825
    endloop
  endfacet
  facet normal 0.682390391827 0.724724113941 -0.095489487052
    outer loop
      vertex -1.19743692875 9.88530254364 4.89130067825
      vertex -0.710330963135 9.5111322403 4.48194885254
      vertex -1.17778801918 9.98542690277 4.8596072197
    endloop
  endfacet
  facet normal 0.760474562645 0.146913439035 -0.63253057003
    outer loop
      vertex -0.710330963135 9.5111322403 4.48194885254
      vertex -1.15115654469 10.0118894577 4.60782146454
      vertex -1.17778801918 9.98542690277 4.8596072197
    endloop
  endfacet
  facet normal 0.761976480484 0.146882802248 -0.63072758913
    outer loop
      vertex -1.60351538658 10.6383180618 4.26456165314
      vertex -1.17778801918 9.98542690277 4.8596072197
      vertex -1.15115654469 10.0118894577 4.60782146454
    endloop
  endfacet
  facet normal 0.802882790565 -0.517264485359 -0.296338826418
    outer loop
      vertex -1.20364069939 9.98274707794 4.5096616745
      vertex -1.60351538658 10.6383180618 4.26456165314
      vertex -1.15115654469 10.0118894577 4.60782146454
    endloop
  endfacet
  facet normal 0.448738008738 -0.46626830101 -0.762383162975
    outer loop
      vertex -1.15115654469 10.0118894577 4.60782146454
      vertex -0.764508008957 9.61226177216 4.32651185989
      vertex -1.20364069939 9.98274707794 4.5096616745
    endloop
  endfacet
  facet normal 0.449691206217 -0.464737385511 -0.762756168842
    outer loop
      vertex -1.20364069939 9.98274707794 4.5096616745
      vertex -0.764508008957 9.61226177216 4.32651185989
      vertex -0.834272623062 9.6043806076 4.24607229233
    endloop
  endfacet
  facet normal -0.193238243461 -0.883452117443 -0.426815360785
    outer loop
      vertex -1.20364069939 9.98274707794 4.5096616745
      vertex -0.834272623062 9.6043806076 4.24607229233
      vertex -0.943845033646 9.44378471375 4.19245147705
    endloop
  endfacet
  facet normal -0.152240872383 -0.882100522518 -0.445781797171
    outer loop
      vertex -0.943845033646 9.44378471375 4.19245147705
      vertex -1.88936769962 9.36893749237 4.31781339645
      vertex -1.20364069939 9.98274707794 4.5096616745
    endloop
  endfacet
  facet normal 0.422136127949 -0.885337591171 0.194880664349
    outer loop
      vertex -2.29238462448 9.91356277466 4.00576877594
      vertex -1.20364069939 9.98274707794 4.5096616745
      vertex -1.88936769962 9.36893749237 4.31781339645
    endloop
  endfacet
  facet normal -0.231787621975 -0.760120928288 0.6070343256
    outer loop
      vertex -1.88936769962 9.36893749237 4.31781339645
      vertex -2.40967082977 9.91670894623 4.03902053833
      vertex -2.29238462448 9.91356277466 4.00576877594
    endloop
  endfacet
  facet normal 0.00375899951905 0.10734141618 0.994215130806
    outer loop
      vertex -2.40967082977 9.91670894623 4.03902053833
      vertex -2.23414778709 9.87200927734 3.6188583374
      vertex -2.29238462448 9.91356277466 4.00576877594
    endloop
  endfacet
  facet normal -0.1797285676 0.0782609656453 0.980598211288
    outer loop
      vertex -2.29238462448 9.91356277466 4.00576877594
      vertex -2.23414778709 9.87200927734 3.6188583374
      vertex -2.13528323174 9.85753250122 3.66450071335
    endloop
  endfacet
  facet normal 0.556637704372 0.377727866173 0.739916265011
    outer loop
      vertex -2.13528323174 9.85753250122 3.66450071335
      vertex -1.46636545658 10.4562959671 3.85164642334
      vertex -2.29238462448 9.91356277466 4.00576877594
    endloop
  endfacet
  facet normal 0.556637585163 0.377728998661 0.739915788174
    outer loop
      vertex -1.60055541992 10.5328350067 4.19932413101
      vertex -2.29238462448 9.91356277466 4.00576877594
      vertex -1.46636545658 10.4562959671 3.85164642334
    endloop
  endfacet
  facet normal 0.932775080204 0.360453426838 0.00199421192519
    outer loop
      vertex -1.45988464355 10.565071106 3.83547711372
      vertex -1.60055541992 10.5328350067 4.19932413101
      vertex -1.46636545658 10.4562959671 3.85164642334
    endloop
  endfacet
  facet normal 0.953122138977 -0.285836309195 0.099276304245
    outer loop
      vertex -1.45988464355 10.565071106 3.83547711372
      vertex -1.46636545658 10.4562959671 3.85164642334
      vertex -1.49367702007 10.5156745911 3.73995232582
    endloop
  endfacet
  facet normal 0.820526838303 -0.463352739811 -0.334723711014
    outer loop
      vertex -1.49367702007 10.5156745911 3.73995232582
      vertex -1.57749676704 10.7275371552 3.74456858635
      vertex -1.45988464355 10.565071106 3.83547711372
    endloop
  endfacet
  facet normal 0.760506570339 0.146587878466 -0.632567584515
    outer loop
      vertex -1.60351538658 10.6383180618 4.26456165314
      vertex -1.45988464355 10.565071106 3.83547711372
      vertex -1.57749676704 10.7275371552 3.74456858635
    endloop
  endfacet
  facet normal 0.760216116905 0.146631494164 -0.632906496525
    outer loop
      vertex -1.57749676704 10.7275371552 3.74456858635
      vertex -1.82055044174 10.8660488129 4.40683031082
      vertex -1.60351538658 10.6383180618 4.26456165314
    endloop
  endfacet
  facet normal 0.760651409626 0.149031579494 -0.631821990013
    outer loop
      vertex -1.17778801918 9.98542690277 4.8596072197
      vertex -1.60351538658 10.6383180618 4.26456165314
      vertex -1.82055044174 10.8660488129 4.40683031082
    endloop
  endfacet
  facet normal 0.239258408546 0.781371176243 -0.576380491257
    outer loop
      vertex -1.17778801918 9.98542690277 4.8596072197
      vertex -1.82055044174 10.8660488129 4.40683031082
      vertex -1.28463542461 9.98683071136 4.89128875732
    endloop
  endfacet
  facet normal 0.152560338378 0.823339641094 -0.546660006046
    outer loop
      vertex -1.28463542461 9.98683071136 4.89128875732
      vertex -1.82055044174 10.8660488129 4.40683031082
      vertex -1.88399875164 10.8093137741 4.45625638962
    endloop
  endfacet
  facet normal -0.408309012651 0.895676672459 -0.17620177567
    outer loop
      vertex -2.60184788704 10.1667499542 4.25542116165
      vertex -1.28463542461 9.98683071136 4.89128875732
      vertex -1.88399875164 10.8093137741 4.45625638962
    endloop
  endfacet
  facet normal -0.66333258152 0.444225430489 -0.602207303047
    outer loop
      vertex -1.90777730942 10.8641786575 4.34637212753
      vertex -2.60184788704 10.1667499542 4.25542116165
      vertex -1.88399875164 10.8093137741 4.45625638962
    endloop
  endfacet
  facet normal -0.348580867052 0.477986842394 -0.806238174438
    outer loop
      vertex -1.90777730942 10.8641786575 4.34637212753
      vertex -1.88399875164 10.8093137741 4.45625638962
      vertex -1.82055044174 10.8660488129 4.40683031082
    endloop
  endfacet
  facet normal 0.0965815111995 -0.169678464532 -0.980755448341
    outer loop
      vertex -1.57749676704 10.7275371552 3.74456858635
      vertex -1.90777730942 10.8641786575 4.34637212753
      vertex -1.82055044174 10.8660488129 4.40683031082
    endloop
  endfacet
  facet normal 0.197604462504 -0.112653143704 -0.973787307739
    outer loop
      vertex -1.67345190048 10.7411231995 3.69369745255
      vertex -1.90777730942 10.8641786575 4.34637212753
      vertex -1.57749676704 10.7275371552 3.74456858635
    endloop
  endfacet
  facet normal 0.387973606586 -0.530519783497 -0.753674447536
    outer loop
      vertex -1.67345190048 10.7411231995 3.69369745255
      vertex -1.57749676704 10.7275371552 3.74456858635
      vertex -1.61128985882 10.6776676178 3.64900946617
    endloop
  endfacet
  facet normal -0.163422495127 -0.87484395504 -0.456005632877
    outer loop
      vertex -1.61128985882 10.6776676178 3.64900946617
      vertex -1.94575321674 10.378282547 3.5554356575
      vertex -1.67345190048 10.7411231995 3.69369745255
    endloop
  endfacet
  facet normal -0.163424313068 -0.87484306097 -0.456006646156
    outer loop
      vertex -2.09074759483 10.3263196945 3.5554356575
      vertex -1.67345190048 10.7411231995 3.69369745255
      vertex -1.94575321674 10.378282547 3.5554356575
    endloop
  endfacet
  facet normal 0 -1 -0
    outer loop
      vertex -2.01520323753 10.2266378403 3.5554356575
      vertex -2.09074759483 10.3263196945 3.5554356575
      vertex -1.94575321674 10.378282547 3.5554356575
    endloop
  endfacet
  facet normal 0.420412749052 -0.886668801308 0.192539647222
    outer loop
      vertex -2.01520323753 10.2266378403 3.5554356575
      vertex -1.94575321674 10.378282547 3.5554356575
      vertex -1.49367702007 10.5156745911 3.73995232582
    endloop
  endfacet
  facet normal 0.420413047075 -0.886668503284 0.192540347576
    outer loop
      vertex -1.49367702007 10.5156745911 3.73995232582
      vertex -2.15319943428 9.92532157898 3.5554356575
      vertex -2.01520323753 10.2266378403 3.5554356575
    endloop
  endfacet
  facet normal 0 -1 0
    outer loop
      vertex -2.31701636314 9.98357200623 3.5554356575
      vertex -2.01520323753 10.2266378403 3.5554356575
      vertex -2.15319943428 9.92532157898 3.5554356575
    endloop
  endfacet
  facet normal 0 -1 0
    outer loop
      vertex -2.31701636314 9.98357200623 3.5554356575
      vertex -2.15319943428 9.92532157898 3.5554356575
      vertex -2.16031312943 9.91939640045 3.5554356575
    endloop
  endfacet
  facet normal -0.250834256411 -0.74963337183 0.612480223179
    outer loop
      vertex -2.23414778709 9.87200927734 3.6188583374
      vertex -2.31701636314 9.98357200623 3.5554356575
      vertex -2.16031312943 9.91939640045 3.5554356575
    endloop
  endfacet
  facet normal 0.110188432038 -0.50938719511 0.853453695774
    outer loop
      vertex -2.13528323174 9.85753250122 3.66450071335
      vertex -2.23414778709 9.87200927734 3.6188583374
      vertex -2.16031312943 9.91939640045 3.5554356575
    endloop
  endfacet
  facet normal 0.110286206007 -0.509398579597 0.85343426466
    outer loop
      vertex -2.13528323174 9.85753250122 3.66450071335
      vertex -2.16031312943 9.91939640045 3.5554356575
      vertex -2.1582493782 9.91966342926 3.5554356575
    endloop
  endfacet
  facet normal 0.657469928265 -0.472702741623 0.586758434772
    outer loop
      vertex -1.49367702007 10.5156745911 3.73995232582
      vertex -2.13528323174 9.85753250122 3.66450071335
      vertex -2.1582493782 9.91966342926 3.5554356575
    endloop
  endfacet
  facet normal 0.657455205917 -0.472768843174 0.586721599102
    outer loop
      vertex -1.49367702007 10.5156745911 3.73995232582
      vertex -2.1582493782 9.91966342926 3.5554356575
      vertex -2.15319943428 9.92532157898 3.5554356575
    endloop
  endfacet
  facet normal 0 -1 0
    outer loop
      vertex -2.16031312943 9.91939640045 3.5554356575
      vertex -2.15319943428 9.92532157898 3.5554356575
      vertex -2.1582493782 9.91966342926 3.5554356575
    endloop
  endfacet
  facet normal 0.657470881939 -0.472699701786 0.586759746075
    outer loop
      vertex -1.46636545658 10.4562959671 3.85164642334
      vertex -2.13528323174 9.85753250122 3.66450071335
      vertex -1.49367702007 10.5156745911 3.73995232582
    endloop
  endfacet
  facet normal -0.714924514294 -0.228353127837 0.660861372948
    outer loop
      vertex -2.23414778709 9.87200927734 3.6188583374
      vertex -2.40967082977 9.91670894623 4.03902053833
      vertex -2.31701636314 9.98357200623 3.5554356575
    endloop
  endfacet
  facet normal -0.714925348759 -0.228353172541 0.660860478878
    outer loop
      vertex -2.35667181015 10.0264720917 3.5554356575
      vertex -2.31701636314 9.98357200623 3.5554356575
      vertex -2.40967082977 9.91670894623 4.03902053833
    endloop
  endfacet
  facet normal -0.715377509594 -0.228296101093 0.660390734673
    outer loop
      vertex -2.40967082977 9.91670894623 4.03902053833
      vertex -2.36627030373 10.0368700027 3.5554356575
      vertex -2.35667181015 10.0264720917 3.5554356575
    endloop
  endfacet
  facet normal 0 -1 0
    outer loop
      vertex -2.3657271862 10.0415229797 3.5554356575
      vertex -2.35667181015 10.0264720917 3.5554356575
      vertex -2.36627030373 10.0368700027 3.5554356575
    endloop
  endfacet
  facet normal -0.900273919106 -0.422450333834 -0.105083443224
    outer loop
      vertex -2.6468539238 10.1264066696 4.17565250397
      vertex -2.3657271862 10.0415229797 3.5554356575
      vertex -2.36627030373 10.0368700027 3.5554356575
    endloop
  endfacet
  facet normal -0.715375423431 -0.22829644382 0.66039288044
    outer loop
      vertex -2.40967082977 9.91670894623 4.03902053833
      vertex -2.6468539238 10.1264066696 4.17565250397
      vertex -2.36627030373 10.0368700027 3.5554356575
    endloop
  endfacet
  facet normal -0.715206384659 -0.227077394724 0.660995960236
    outer loop
      vertex -1.98981499672 9.25856304169 4.63242387772
      vertex -2.6468539238 10.1264066696 4.17565250397
      vertex -2.40967082977 9.91670894623 4.03902053833
    endloop
  endfacet
  facet normal -0.714235901833 -0.228416055441 0.661583840847
    outer loop
      vertex -2.40967082977 9.91670894623 4.03902053833
      vertex -1.94787085056 9.29873275757 4.38492202759
      vertex -1.98981499672 9.25856304169 4.63242387772
    endloop
  endfacet
  facet normal -0.715108454227 -0.228411123157 0.660642325878
    outer loop
      vertex -1.94787085056 9.29873275757 4.38492202759
      vertex -1.47469329834 8.82693386078 4.26810073853
      vertex -1.98981499672 9.25856304169 4.63242387772
    endloop
  endfacet
  facet normal -0.359923660755 0.45565328002 0.81414681673
    outer loop
      vertex -1.98981499672 9.25856304169 4.63242387772
      vertex -1.47469329834 8.82693386078 4.26810073853
      vertex -1.90227591991 9.25438499451 4.69410514832
    endloop
  endfacet
  facet normal -0.524512290955 0.712854862213 0.46553710103
    outer loop
      vertex -1.90227591991 9.25438499451 4.69410514832
      vertex -1.99154686928 9.35405826569 4.6935133934
      vertex -1.98981499672 9.25856304169 4.63242387772
    endloop
  endfacet
  facet normal -0.795304834843 0.504009068012 0.336845755577
    outer loop
      vertex -1.99154686928 9.35405826569 4.6935133934
      vertex -2.6468539238 10.1264066696 4.17565250397
      vertex -1.98981499672 9.25856304169 4.63242387772
    endloop
  endfacet
  facet normal -0.773013114929 0.573402941227 0.271403312683
    outer loop
      vertex -2.6468539238 10.1264066696 4.17565250397
      vertex -1.99154686928 9.35405826569 4.6935133934
      vertex -2.60184788704 10.1667499542 4.25542116165
    endloop
  endfacet
  facet normal -0.884673178196 0.335321098566 -0.32390293479
    outer loop
      vertex -2.6468539238 10.1264066696 4.17565250397
      vertex -2.60184788704 10.1667499542 4.25542116165
      vertex -2.62171173096 10.2251195908 4.14663219452
    endloop
  endfacet
  facet normal -0.900270879269 -0.422451764345 -0.105104200542
    outer loop
      vertex -2.6468539238 10.1264066696 4.17565250397
      vertex -2.62171173096 10.2251195908 4.14663219452
      vertex -2.3657271862 10.0415229797 3.5554356575
    endloop
  endfacet
  facet normal -0.918360114098 -0.395696014166 0.0062729655765
    outer loop
      vertex -2.62171173096 10.2251195908 4.14663219452
      vertex -2.36644482613 10.1465816498 3.5554356575
      vertex -2.3657271862 10.0415229797 3.5554356575
    endloop
  endfacet
  facet normal 0 -1 0
    outer loop
      vertex -2.36644482613 10.1465816498 3.5554356575
      vertex -2.35667181015 10.0264720917 3.5554356575
      vertex -2.3657271862 10.0415229797 3.5554356575
    endloop
  endfacet
  facet normal 0 -1 0
    outer loop
      vertex -2.36644482613 10.1465816498 3.5554356575
      vertex -2.31701636314 9.98357200623 3.5554356575
      vertex -2.35667181015 10.0264720917 3.5554356575
    endloop
  endfacet
  facet normal 0 -1 0
    outer loop
      vertex -2.1676428318 10.2987623215 3.5554356575
      vertex -2.31701636314 9.98357200623 3.5554356575
      vertex -2.36644482613 10.1465816498 3.5554356575
    endloop
  endfacet
  facet normal -0.570452153683 -0.345308899879 -0.745215475559
    outer loop
      vertex -2.62171173096 10.2251195908 4.14663219452
      vertex -2.1676428318 10.2987623215 3.5554356575
      vertex -2.36644482613 10.1465816498 3.5554356575
    endloop
  endfacet
  facet normal -0.57045173645 -0.345308542252 -0.745215952396
    outer loop
      vertex -2.62171173096 10.2251195908 4.14663219452
      vertex -1.67345190048 10.7411231995 3.69369745255
      vertex -2.1676428318 10.2987623215 3.5554356575
    endloop
  endfacet
  facet normal -0.163420006633 -0.874845683575 -0.456003189087
    outer loop
      vertex -1.67345190048 10.7411231995 3.69369745255
      vertex -2.09074759483 10.3263196945 3.5554356575
      vertex -2.1676428318 10.2987623215 3.5554356575
    endloop
  endfacet
  facet normal 0 -1 0
    outer loop
      vertex -2.1676428318 10.2987623215 3.5554356575
      vertex -2.09074759483 10.3263196945 3.5554356575
      vertex -2.01520323753 10.2266378403 3.5554356575
    endloop
  endfacet
  facet normal 0 -1 0
    outer loop
      vertex -2.31701636314 9.98357200623 3.5554356575
      vertex -2.1676428318 10.2987623215 3.5554356575
      vertex -2.01520323753 10.2266378403 3.5554356575
    endloop
  endfacet
  facet normal -0.570451676846 -0.345308333635 -0.745216071606
    outer loop
      vertex -1.67345190048 10.7411231995 3.69369745255
      vertex -2.62171173096 10.2251195908 4.14663219452
      vertex -1.90777730942 10.8641786575 4.34637212753
    endloop
  endfacet
  facet normal -0.66333168745 0.44422852993 -0.602205991745
    outer loop
      vertex -2.60184788704 10.1667499542 4.25542116165
      vertex -1.90777730942 10.8641786575 4.34637212753
      vertex -2.62171173096 10.2251195908 4.14663219452
    endloop
  endfacet
  facet normal -0.154902219772 0.97894692421 0.132921740413
    outer loop
      vertex -1.19743692875 9.88530254364 4.89130067825
      vertex -1.99154686928 9.35405826569 4.6935133934
      vertex -1.90227591991 9.25438499451 4.69410514832
    endloop
  endfacet
  facet normal 0.178831785917 0.864386916161 0.469951510429
    outer loop
      vertex -1.90227591991 9.25438499451 4.69410514832
      vertex -0.855494439602 9.25615978241 4.47850322723
      vertex -1.19743692875 9.88530254364 4.89130067825
    endloop
  endfacet
  facet normal 0.224052518606 0.866234123707 0.446585804224
    outer loop
      vertex -0.855494439602 9.25615978241 4.47850322723
      vertex -0.735706150532 9.41844749451 4.5311870575
      vertex -1.19743692875 9.88530254364 4.89130067825
    endloop
  endfacet
  facet normal 0.707458019257 0.685840666294 -0.170662671328
    outer loop
      vertex -0.710330963135 9.5111322403 4.48194885254
      vertex -1.19743692875 9.88530254364 4.89130067825
      vertex -0.735706150532 9.41844749451 4.5311870575
    endloop
  endfacet
  facet normal 0.957077503204 0.26268029213 0.122481487691
    outer loop
      vertex -0.735706150532 9.41844749451 4.5311870575
      vertex -0.708434164524 9.41052246094 4.42812633514
      vertex -0.710330963135 9.5111322403 4.48194885254
    endloop
  endfacet
  facet normal 0.960467636585 -0.237537354231 -0.145182341337
    outer loop
      vertex -0.761993229389 9.51170539856 4.27340650558
      vertex -0.710330963135 9.5111322403 4.48194885254
      vertex -0.708434164524 9.41052246094 4.42812633514
    endloop
  endfacet
  facet normal 0.715972721577 -0.538447022438 0.44436237216
    outer loop
      vertex -0.708434164524 9.41052246094 4.42812633514
      vertex -0.885192036629 9.36612319946 4.2297334671
      vertex -0.761993229389 9.51170539856 4.27340650558
    endloop
  endfacet
  facet normal 0.435683012009 -0.894487679005 0.100359886885
    outer loop
      vertex -0.943845033646 9.44378471375 4.19245147705
      vertex -0.761993229389 9.51170539856 4.27340650558
      vertex -0.885192036629 9.36612319946 4.2297334671
    endloop
  endfacet
  facet normal 0.385641187429 -0.91101038456 0.146085366607
    outer loop
      vertex -0.885192036629 9.36612319946 4.2297334671
      vertex -1.31364929676 9.11276340485 4.08898973465
      vertex -0.943845033646 9.44378471375 4.19245147705
    endloop
  endfacet
  facet normal -0.152240872383 -0.882100880146 -0.445781052113
    outer loop
      vertex -1.88936769962 9.36893749237 4.31781339645
      vertex -0.943845033646 9.44378471375 4.19245147705
      vertex -1.31364929676 9.11276340485 4.08898973465
    endloop
  endfacet
  facet normal -0.130227461457 -0.866712629795 -0.481508046389
    outer loop
      vertex -1.31364929676 9.11276340485 4.08898973465
      vertex -1.48856842518 9.01870536804 4.06301736832
      vertex -1.88936769962 9.36893749237 4.31781339645
    endloop
  endfacet
  facet normal -0.637829780579 -0.747320413589 0.186240166426
    outer loop
      vertex -1.52345895767 8.93290710449 4.11417770386
      vertex -1.88936769962 9.36893749237 4.31781339645
      vertex -1.48856842518 9.01870536804 4.06301736832
    endloop
  endfacet
  facet normal -0.205473259091 -0.875062286854 0.438231378794
    outer loop
      vertex -1.52345895767 8.93290710449 4.11417770386
      vertex -1.48856842518 9.01870536804 4.06301736832
      vertex -1.41410207748 8.92798805237 4.09096336365
    endloop
  endfacet
  facet normal -0.149700328708 -0.528072535992 0.835900247097
    outer loop
      vertex -1.41410207748 8.92798805237 4.09096336365
      vertex -1.47469329834 8.82693386078 4.26810073853
      vertex -1.52345895767 8.93290710449 4.11417770386
    endloop
  endfacet
  facet normal -0.715113699436 -0.228299766779 0.660675108433
    outer loop
      vertex -1.47469329834 8.82693386078 4.26810073853
      vertex -1.94787085056 9.29873275757 4.38492202759
      vertex -1.52345895767 8.93290710449 4.11417770386
    endloop
  endfacet
  facet normal -0.636824309826 -0.748526215553 0.184833273292
    outer loop
      vertex -1.88936769962 9.36893749237 4.31781339645
      vertex -1.52345895767 8.93290710449 4.11417770386
      vertex -1.94787085056 9.29873275757 4.38492202759
    endloop
  endfacet
  facet normal -0.196866884828 -0.78546333313 0.586762964725
    outer loop
      vertex -1.94787085056 9.29873275757 4.38492202759
      vertex -2.40967082977 9.91670894623 4.03902053833
      vertex -1.88936769962 9.36893749237 4.31781339645
    endloop
  endfacet
  facet normal -0.145504623652 -0.527327716351 0.837110459805
    outer loop
      vertex -1.47469329834 8.82693386078 4.26810073853
      vertex -1.41410207748 8.92798805237 4.09096336365
      vertex -1.36503303051 8.8227853775 4.24442768097
    endloop
  endfacet
  facet normal -0.0355414450169 0.0104781808332 0.999313294888
    outer loop
      vertex -1.47469329834 8.82693386078 4.26810073853
      vertex -1.36503303051 8.8227853775 4.24442768097
      vertex -1.39863729477 8.82504272461 4.34571647644
    endloop
  endfacet
  facet normal -0.422755599022 0.394378691912 0.815930843353
    outer loop
      vertex -1.90227591991 9.25438499451 4.69410514832
      vertex -1.47469329834 8.82693386078 4.26810073853
      vertex -1.39863729477 8.82504272461 4.34571647644
    endloop
  endfacet
  facet normal 0.15205962956 0.847184598446 0.509073734283
    outer loop
      vertex -1.39863729477 8.82504272461 4.34571647644
      vertex -1.22161483765 8.9284362793 4.37607240677
      vertex -1.90227591991 9.25438499451 4.69410514832
    endloop
  endfacet
  facet normal 0.178831800818 0.864386975765 0.46995139122
    outer loop
      vertex -0.855494439602 9.25615978241 4.47850322723
      vertex -1.90227591991 9.25438499451 4.69410514832
      vertex -1.22161483765 8.9284362793 4.37607240677
    endloop
  endfacet
  facet normal 0.64921694994 0.0942514389753 0.754741072655
    outer loop
      vertex -1.22161483765 8.9284362793 4.37607240677
      vertex -0.83266890049 9.26401233673 4.38416433334
      vertex -0.855494439602 9.25615978241 4.47850322723
    endloop
  endfacet
  facet normal 0.738297581673 0.123434759676 0.663084089756
    outer loop
      vertex -0.83266890049 9.26401233673 4.38416433334
      vertex -0.708434164524 9.41052246094 4.42812633514
      vertex -0.855494439602 9.25615978241 4.47850322723
    endloop
  endfacet
  facet normal 0.740665793419 0.244127422571 0.625952064991
    outer loop
      vertex -0.735706150532 9.41844749451 4.5311870575
      vertex -0.855494439602 9.25615978241 4.47850322723
      vertex -0.708434164524 9.41052246094 4.42812633514
    endloop
  endfacet
  facet normal 0.71567761898 -0.53794080019 0.445449501276
    outer loop
      vertex -0.885192036629 9.36612319946 4.2297334671
      vertex -0.708434164524 9.41052246094 4.42812633514
      vertex -0.83266890049 9.26401233673 4.38416433334
    endloop
  endfacet
  facet normal 0.632319092751 -0.565307736397 0.529716610909
    outer loop
      vertex -1.20500636101 8.93072509766 4.27999401093
      vertex -0.885192036629 9.36612319946 4.2297334671
      vertex -0.83266890049 9.26401233673 4.38416433334
    endloop
  endfacet
  facet normal 0.649217128754 0.094248354435 0.754741251469
    outer loop
      vertex -0.83266890049 9.26401233673 4.38416433334
      vertex -1.22161483765 8.9284362793 4.37607240677
      vertex -1.20500636101 8.93072509766 4.27999401093
    endloop
  endfacet
  facet normal 0.546197712421 0.0745441913605 0.834332764149
    outer loop
      vertex -1.22161483765 8.9284362793 4.37607240677
      vertex -1.36503303051 8.8227853775 4.24442768097
      vertex -1.20500636101 8.93072509766 4.27999401093
    endloop
  endfacet
  facet normal 0.53855663538 -0.586139917374 0.605307102203
    outer loop
      vertex -1.20500636101 8.93072509766 4.27999401093
      vertex -1.36503303051 8.8227853775 4.24442768097
      vertex -1.25499641895 9.03510189056 4.1262717247
    endloop
  endfacet
  facet normal 0.63232010603 -0.565306127071 0.52971714735
    outer loop
      vertex -0.885192036629 9.36612319946 4.2297334671
      vertex -1.20500636101 8.93072509766 4.27999401093
      vertex -1.25499641895 9.03510189056 4.1262717247
    endloop
  endfacet
  facet normal 0.385641425848 -0.911010205746 0.146085843444
    outer loop
      vertex -0.885192036629 9.36612319946 4.2297334671
      vertex -1.25499641895 9.03510189056 4.1262717247
      vertex -1.31364929676 9.11276340485 4.08898973465
    endloop
  endfacet
  facet normal 0.333588629961 -0.923123061657 0.19121299684
    outer loop
      vertex -1.41410207748 8.92798805237 4.09096336365
      vertex -1.31364929676 9.11276340485 4.08898973465
      vertex -1.25499641895 9.03510189056 4.1262717247
    endloop
  endfacet
  facet normal 0.537748754025 -0.586885273457 0.605303227901
    outer loop
      vertex -1.36503303051 8.8227853775 4.24442768097
      vertex -1.41410207748 8.92798805237 4.09096336365
      vertex -1.25499641895 9.03510189056 4.1262717247
    endloop
  endfacet
  facet normal 0.211261317134 -0.969377398491 0.125204175711
    outer loop
      vertex -1.31364929676 9.11276340485 4.08898973465
      vertex -1.41410207748 8.92798805237 4.09096336365
      vertex -1.48856842518 9.01870536804 4.06301736832
    endloop
  endfacet
  facet normal 0.473710149527 0.1763895154 0.86283570528
    outer loop
      vertex -1.36503303051 8.8227853775 4.24442768097
      vertex -1.22161483765 8.9284362793 4.37607240677
      vertex -1.39863729477 8.82504272461 4.34571647644
    endloop
  endfacet
  facet normal 0.394798606634 -0.918016374111 -0.037147719413
    outer loop
      vertex -0.761993229389 9.51170539856 4.27340650558
      vertex -0.943845033646 9.44378471375 4.19245147705
      vertex -0.834272623062 9.6043806076 4.24607229233
    endloop
  endfacet
  facet normal 0.689945280552 -0.632813572884 -0.351457595825
    outer loop
      vertex -0.761993229389 9.51170539856 4.27340650558
      vertex -0.834272623062 9.6043806076 4.24607229233
      vertex -0.764508008957 9.61226177216 4.32651185989
    endloop
  endfacet
  facet normal 0.959865272045 -0.237376615405 -0.149368733168
    outer loop
      vertex -0.710330963135 9.5111322403 4.48194885254
      vertex -0.761993229389 9.51170539856 4.27340650558
      vertex -0.764508008957 9.61226177216 4.32651185989
    endloop
  endfacet
  facet normal 0.760470986366 0.146533668041 -0.632622897625
    outer loop
      vertex -1.15115654469 10.0118894577 4.60782146454
      vertex -0.710330963135 9.5111322403 4.48194885254
      vertex -0.764508008957 9.61226177216 4.32651185989
    endloop
  endfacet
  facet normal 0.420412749052 -0.886668801308 0.192539617419
    outer loop
      vertex -1.61128985882 10.6776676178 3.64900946617
      vertex -1.49367702007 10.5156745911 3.73995232582
      vertex -1.94575321674 10.378282547 3.5554356575
    endloop
  endfacet
  facet normal 0.819942176342 -0.46453461051 -0.334518164396
    outer loop
      vertex -1.57749676704 10.7275371552 3.74456858635
      vertex -1.49367702007 10.5156745911 3.73995232582
      vertex -1.61128985882 10.6776676178 3.64900946617
    endloop
  endfacet
  facet normal 0.922092914581 0.340154230595 0.184498757124
    outer loop
      vertex -1.60055541992 10.5328350067 4.19932413101
      vertex -1.45988464355 10.565071106 3.83547711372
      vertex -1.60351538658 10.6383180618 4.26456165314
    endloop
  endfacet
  facet normal 0.817443788052 -0.479343920946 -0.319397985935
    outer loop
      vertex -1.60351538658 10.6383180618 4.26456165314
      vertex -1.20364069939 9.98274707794 4.5096616745
      vertex -1.60055541992 10.5328350067 4.19932413101
    endloop
  endfacet
  facet normal 0.422136127949 -0.885337531567 0.194880843163
    outer loop
      vertex -1.20364069939 9.98274707794 4.5096616745
      vertex -2.29238462448 9.91356277466 4.00576877594
      vertex -1.60055541992 10.5328350067 4.19932413101
    endloop
  endfacet
  facet normal 1.23747622638e-06 -1 -1.24476798646e-07
    outer loop
      vertex -0.00990629661828 9.60440540314 3.55543589592
      vertex -0.309360414743 10.2060279846 3.5554356575
      vertex -0.114355839789 10.6427822113 3.55543589592
    endloop
  endfacet
  facet normal -2.75156457974e-06 -1 2.75906160141e-07
    outer loop
      vertex -0.713042199612 10.106801033 3.5554356575
      vertex -0.684402108192 9.82117843628 3.5554356575
      vertex -0.795186936855 9.31851673126 3.55543613434
    endloop
  endfacet
  facet normal 0 -1 0
    outer loop
      vertex -0.47877523303 10.082734108 3.5554356575
      vertex -0.52708697319 9.82719516754 3.5554356575
      vertex -0.635232686996 10.0688562393 3.5554356575
    endloop
  endfacet
  facet normal 1.14021349873e-06 -1 -1.67903181136e-07
    outer loop
      vertex -0.364300817251 10.5791225433 3.5554356575
      vertex -0.114355839789 10.6427822113 3.55543589592
      vertex -0.309360414743 10.2060279846 3.5554356575
    endloop
  endfacet
  facet normal 6.85085581154e-07 -1 1.38487303047e-06
    outer loop
      vertex -0.365376293659 9.64206409454 3.5554356575
      vertex -0.00990629661828 9.60440540314 3.55543589592
      vertex -0.360335409641 9.32429790497 3.55543613434
    endloop
  endfacet
  facet normal 0 -1 0
    outer loop
      vertex 1.02210211754 10.9706735611 3.55543589592
      vertex 0.585881114006 11.0109539032 3.55543589592
      vertex 0.892676591873 11.0982112885 3.55543589592
    endloop
  endfacet
  facet normal 6.12908301889e-09 -1 6.70207668918e-07
    outer loop
      vertex 0.323936849833 9.38687133789 3.55543613434
      vertex -0.00990629661828 9.60440540314 3.55543589592
      vertex 0.186996623874 9.60620594025 3.55543589592
    endloop
  endfacet
  facet normal 8.24072401429e-07 -1 7.29277260803e-08
    outer loop
      vertex -0.365376293659 9.64206409454 3.5554356575
      vertex -0.342628210783 9.89911365509 3.5554356575
      vertex -0.00990629661828 9.60440540314 3.55543589592
    endloop
  endfacet
  facet normal 2.0754511354e-07 -1 2.14869442061e-06
    outer loop
      vertex -0.720515191555 9.28950786591 3.55543613434
      vertex -0.591960608959 9.50833797455 3.5554356575
      vertex -0.360335409641 9.32429790497 3.55543613434
    endloop
  endfacet
  facet normal -6.41069959784e-07 -1 1.65016547271e-06
    outer loop
      vertex -0.795186936855 9.31851673126 3.55543613434
      vertex -0.591960608959 9.50833797455 3.5554356575
      vertex -0.720515191555 9.28950786591 3.55543613434
    endloop
  endfacet
  facet normal 0 -1 0
    outer loop
      vertex 0.325504332781 9.60653591156 3.55543589592
      vertex 0.862942755222 9.65430259705 3.55543589592
      vertex 0.714788556099 9.54674625397 3.55543589592
    endloop
  endfacet
  facet normal 0 -1 0
    outer loop
      vertex 0.172657951713 11.0735874176 3.55543589592
      vertex 0.892676591873 11.0982112885 3.55543589592
      vertex 0.585881114006 11.0109539032 3.55543589592
    endloop
  endfacet
  facet normal -0 -1 0
    outer loop
      vertex -0.365376293659 9.64206409454 3.5554356575
      vertex -0.591960608959 9.50833797455 3.5554356575
      vertex -0.52708697319 9.82719516754 3.5554356575
    endloop
  endfacet
  facet normal 0 -1 0
    outer loop
      vertex -0.684402108192 9.82117843628 3.5554356575
      vertex -0.52708697319 9.82719516754 3.5554356575
      vertex -0.591960608959 9.50833797455 3.5554356575
    endloop
  endfacet
  facet normal 0 -1 0
    outer loop
      vertex -0.47877523303 10.082734108 3.5554356575
      vertex -0.342628210783 9.89911365509 3.5554356575
      vertex -0.52708697319 9.82719516754 3.5554356575
    endloop
  endfacet
  facet normal 0 -1 0
    outer loop
      vertex -0.713042199612 10.106801033 3.5554356575
      vertex -0.616650700569 10.5995492935 3.5554356575
      vertex -0.532329916954 10.3319549561 3.5554356575
    endloop
  endfacet
  facet normal -1.71033593688e-06 -1 5.05389380123e-07
    outer loop
      vertex -0.591960608959 9.50833797455 3.5554356575
      vertex -0.795186936855 9.31851673126 3.55543613434
      vertex -0.684402108192 9.82117843628 3.5554356575
    endloop
  endfacet
  facet normal -6.93467882229e-07 -1 -1.1758462648e-08
    outer loop
      vertex -0.874217033386 10.9822130203 3.55543589592
      vertex -0.450969040394 10.7976255417 3.5554356575
      vertex -0.877249658108 10.803360939 3.55543589592
    endloop
  endfacet
  facet normal -9.84061216514e-07 -1 -1.92502071172e-07
    outer loop
      vertex -0.713042199612 10.106801033 3.5554356575
      vertex -0.877249658108 10.803360939 3.55543589592
      vertex -0.616650700569 10.5995492935 3.5554356575
    endloop
  endfacet
  facet normal 0.96729195118 0.00445364508778 -0.253626704216
    outer loop
      vertex 0.563160419464 10.6042881012 4.69889736176
      vertex 0.558599591255 10.6259679794 4.45484638214
      vertex 0.535963237286 10.7096643448 4.60491800308
    endloop
  endfacet
  facet normal 0.0519080273807 -0.751923382282 0.657203793526
    outer loop
      vertex 0.535963237286 10.7096643448 4.60491800308
      vertex 0.718571901321 10.618188858 4.69747591019
      vertex 0.563160419464 10.6042881012 4.69889736176
    endloop
  endfacet
  facet normal -0.0100622698665 -0.999896764755 -0.0102588040754
    outer loop
      vertex 0.62894564867 9.87706756592 4.69077444077
      vertex 0.563160419464 10.6042881012 4.69889736176
      vertex 0.718571901321 10.618188858 4.69747591019
    endloop
  endfacet
  facet normal -0.0100276088342 -0.999897122383 -0.0102546159178
    outer loop
      vertex 0.62894564867 9.87706756592 4.69077444077
      vertex 0.718571901321 10.618188858 4.69747591019
      vertex 0.784303247929 9.89111709595 4.68936014175
    endloop
  endfacet
  facet normal -0.0665083304048 -0.748189508915 -0.660143256187
    outer loop
      vertex 0.776232481003 9.78168010712 4.59351873398
      vertex 0.62894564867 9.87706756592 4.69077444077
      vertex 0.784303247929 9.89111709595 4.68936014175
    endloop
  endfacet
  facet normal 0.997504234314 -0.00347399897873 0.0705215111375
    outer loop
      vertex 0.776232481003 9.78168010712 4.59351873398
      vertex 0.784303247929 9.89111709595 4.68936014175
      vertex 0.783402323723 9.87647342682 4.72792959213
    endloop
  endfacet
  facet normal 0.997659027576 -0.00512458337471 0.0681928172708
    outer loop
      vertex 0.783402323723 9.87647342682 4.72792959213
      vertex 0.773639917374 9.74245738983 4.61074018478
      vertex 0.776232481003 9.78168010712 4.59351873398
    endloop
  endfacet
  facet normal 0.997644245625 -0.00554343406111 0.0683757513762
    outer loop
      vertex 0.773037433624 9.74724960327 4.44319581985
      vertex 0.776232481003 9.78168010712 4.59351873398
      vertex 0.773639917374 9.74245738983 4.61074018478
    endloop
  endfacet
  facet normal 0.752234995365 -0.0215418431908 0.658542692661
    outer loop
      vertex 0.773639917374 9.74245738983 4.61074018478
      vertex 0.723844110966 9.69108486176 4.44234371185
      vertex 0.773037433624 9.74724960327 4.44319581985
    endloop
  endfacet
  facet normal 0.414637207985 0.82878780365 0.375748217106
    outer loop
      vertex 0.723844110966 9.69108486176 4.44234371185
      vertex 0.918263673782 9.56846427917 4.28948402405
      vertex 0.773037433624 9.74724960327 4.44319581985
    endloop
  endfacet
  facet normal 0.414534330368 0.828797578812 0.375840187073
    outer loop
      vertex 0.773037433624 9.74724960327 4.44319581985
      vertex 0.918263673782 9.56846427917 4.28948402405
      vertex 0.965668976307 9.62262821198 4.29033565521
    endloop
  endfacet
  facet normal 0.598868131638 0.799000501633 0.0543609969318
    outer loop
      vertex 0.773037433624 9.74724960327 4.44319581985
      vertex 0.965668976307 9.62262821198 4.29033565521
      vertex 0.775771141052 9.78674793243 4.44383430481
    endloop
  endfacet
  facet normal 0.997604966164 -0.00540951639414 0.0689567923546
    outer loop
      vertex 0.776232481003 9.78168010712 4.59351873398
      vertex 0.773037433624 9.74724960327 4.44319581985
      vertex 0.775771141052 9.78674793243 4.44383430481
    endloop
  endfacet
  facet normal -0.0897601395845 0.0339817889035 -0.995383501053
    outer loop
      vertex 0.620377123356 9.77269458771 4.44502830505
      vertex 0.776232481003 9.78168010712 4.59351873398
      vertex 0.775771141052 9.78674793243 4.44383430481
    endloop
  endfacet
  facet normal 0.00892458856106 0.999865829945 0.0137355662882
    outer loop
      vertex 0.620377123356 9.77269458771 4.44502830505
      vertex 0.775771141052 9.78674793243 4.44383430481
      vertex 0.627144217491 9.87050437927 4.44631147385
    endloop
  endfacet
  facet normal 0.997604370117 -0.00564721412957 0.0689463093877
    outer loop
      vertex 0.620875716209 9.76763057709 4.59493303299
      vertex 0.620377123356 9.77269458771 4.44502830505
      vertex 0.627144217491 9.87050437927 4.44631147385
    endloop
  endfacet
  facet normal 0.997619211674 -0.00550576439127 0.0687428638339
    outer loop
      vertex 0.620875716209 9.76763057709 4.59493303299
      vertex 0.627144217491 9.87050437927 4.44631147385
      vertex 0.62894564867 9.87706756592 4.69077444077
    endloop
  endfacet
  facet normal -0.0665076747537 -0.748189032078 -0.660143792629
    outer loop
      vertex 0.62894564867 9.87706756592 4.69077444077
      vertex 0.776232481003 9.78168010712 4.59351873398
      vertex 0.620875716209 9.76763057709 4.59493303299
    endloop
  endfacet
  facet normal -0.0897043645382 0.0339228212833 -0.995390534401
    outer loop
      vertex 0.620377123356 9.77269458771 4.44502830505
      vertex 0.620875716209 9.76763057709 4.59493303299
      vertex 0.776232481003 9.78168010712 4.59351873398
    endloop
  endfacet
  facet normal 0.995876133442 -0.00976024195552 -0.0901971310377
    outer loop
      vertex 0.627144217491 9.87050437927 4.44631147385
      vertex 0.563160419464 10.6042881012 4.69889736176
      vertex 0.62894564867 9.87706756592 4.69077444077
    endloop
  endfacet
  facet normal 0.995842695236 -0.0105732567608 -0.0904740765691
    outer loop
      vertex 0.563160419464 10.6042881012 4.69889736176
      vertex 0.627144217491 9.87050437927 4.44631147385
      vertex 0.558599591255 10.6259679794 4.45484638214
    endloop
  endfacet
  facet normal 0.0100413234904 0.999895632267 0.010385164991
    outer loop
      vertex 0.627144217491 9.87050437927 4.44631147385
      vertex 0.71395689249 10.6400175095 4.45343208313
      vertex 0.558599591255 10.6259679794 4.45484638214
    endloop
  endfacet
  facet normal 0.00987917371094 0.999914288521 0.00859026331455
    outer loop
      vertex 0.690643072128 10.7286758423 4.45442390442
      vertex 0.558599591255 10.6259679794 4.45484638214
      vertex 0.71395689249 10.6400175095 4.45343208313
    endloop
  endfacet
  facet normal 0.582820117474 0.799684107304 -0.144312277436
    outer loop
      vertex 0.92518723011 10.626789093 4.30187177658
      vertex 0.690643072128 10.7286758423 4.45442390442
      vertex 0.71395689249 10.6400175095 4.45343208313
    endloop
  endfacet
  facet normal 0.584223031998 0.810407578945 -0.0438522025943
    outer loop
      vertex 0.71395689249 10.6400175095 4.45343208313
      vertex 0.782501220703 9.8845539093 4.44489765167
      vertex 0.92518723011 10.626789093 4.30187177658
    endloop
  endfacet
  facet normal 0.584374248981 0.810301244259 -0.0438026487827
    outer loop
      vertex 0.986908197403 9.94584178925 4.2941699028
      vertex 0.92518723011 10.626789093 4.30187177658
      vertex 0.782501220703 9.8845539093 4.44489765167
    endloop
  endfacet
  facet normal 0.602428734303 0.796597957611 0.0501136146486
    outer loop
      vertex 0.775771141052 9.78674793243 4.44383430481
      vertex 0.986908197403 9.94584178925 4.2941699028
      vertex 0.782501220703 9.8845539093 4.44489765167
    endloop
  endfacet
  facet normal 0.0101462882012 0.999881625175 0.011568095535
    outer loop
      vertex 0.775771141052 9.78674793243 4.44383430481
      vertex 0.782501220703 9.8845539093 4.44489765167
      vertex 0.627144217491 9.87050437927 4.44631147385
    endloop
  endfacet
  facet normal 0.0100394207984 0.999895691872 0.0103849507868
    outer loop
      vertex 0.71395689249 10.6400175095 4.45343208313
      vertex 0.627144217491 9.87050437927 4.44631147385
      vertex 0.782501220703 9.8845539093 4.44489765167
    endloop
  endfacet
  facet normal 0.601918518543 0.797052145004 0.0490092337132
    outer loop
      vertex 0.986908197403 9.94584178925 4.2941699028
      vertex 0.775771141052 9.78674793243 4.44383430481
      vertex 0.965668976307 9.62262821198 4.29033565521
    endloop
  endfacet
  facet normal 0.659721136093 0.749692201614 0.0522457435727
    outer loop
      vertex 1.18881452084 9.70246505737 4.09953403473
      vertex 0.986908197403 9.94584178925 4.2941699028
      vertex 0.965668976307 9.62262821198 4.29033565521
    endloop
  endfacet
  facet normal 0.666910409927 0.738529741764 0.0990165546536
    outer loop
      vertex 0.965668976307 9.62262821198 4.29033565521
      vertex 1.16140544415 9.49873733521 4.09697055817
      vertex 1.18881452084 9.70246505737 4.09953403473
    endloop
  endfacet
  facet normal 0.990907728672 0.0165406912565 0.133522555232
    outer loop
      vertex 1.1884124279 9.6710319519 3.86988687515
      vertex 1.18881452084 9.70246505737 4.09953403473
      vertex 1.16140544415 9.49873733521 4.09697055817
    endloop
  endfacet
  facet normal -0 -1 0
    outer loop
      vertex -0.47877523303 10.082734108 3.5554356575
      vertex -0.635232686996 10.0688562393 3.5554356575
      vertex -0.532329916954 10.3319549561 3.5554356575
    endloop
  endfacet
  facet normal 0 -1 -0
    outer loop
      vertex 0.256087720394 10.9013442993 3.55543589592
      vertex 0.172657951713 11.0735874176 3.55543589592
      vertex 0.585881114006 11.0109539032 3.55543589592
    endloop
  endfacet
  facet normal 8.86481927864e-07 -1 -3.51619092953e-07
    outer loop
      vertex -0.364300817251 10.5791225433 3.5554356575
      vertex -0.450969040394 10.7976255417 3.5554356575
      vertex -0.134204417467 10.8399248123 3.55543589592
    endloop
  endfacet
  facet normal 8.16098861378e-07 -1 1.38279472139e-06
    outer loop
      vertex -0.591960608959 9.50833797455 3.5554356575
      vertex -0.365376293659 9.64206409454 3.5554356575
      vertex -0.360335409641 9.32429790497 3.55543613434
    endloop
  endfacet
  facet normal 5.44986953344e-08 -1 5.95976530349e-07
    outer loop
      vertex 0.323936849833 9.38687133789 3.55543613434
      vertex -0.360335409641 9.32429790497 3.55543613434
      vertex -0.00990629661828 9.60440540314 3.55543589592
    endloop
  endfacet
  facet normal -6.8590736646e-07 -1 -5.737302331e-07
    outer loop
      vertex -0.616650700569 10.5995492935 3.5554356575
      vertex -0.877249658108 10.803360939 3.55543589592
      vertex -0.450969040394 10.7976255417 3.5554356575
    endloop
  endfacet
  facet normal 8.10820893093e-07 -1 8.78884804933e-08
    outer loop
      vertex -0.00990629661828 9.60440540314 3.55543589592
      vertex -0.342628210783 9.89911365509 3.5554356575
      vertex -0.309360414743 10.2060279846 3.5554356575
    endloop
  endfacet
  facet normal -2.9037519198e-06 -1 2.60047158918e-07
    outer loop
      vertex -0.795186936855 9.31851673126 3.55543613434
      vertex -0.877249658108 10.803360939 3.55543589592
      vertex -0.713042199612 10.106801033 3.5554356575
    endloop
  endfacet
  facet normal 0.946651279926 0.0306474845856 -0.320799142122
    outer loop
      vertex 1.01663506031 11.0981607437 4.1149930954
      vertex 1.07868981361 10.9152116776 4.11321640015
      vertex 1.07132935524 10.9587144852 3.88521027565
    endloop
  endfacet
  facet normal 0.976828813553 0.00926236901432 -0.213821575046
    outer loop
      vertex 1.07868981361 10.9152116776 4.11321640015
      vertex 1.14503765106 10.6219625473 3.8857011795
      vertex 1.07132935524 10.9587144852 3.88521027565
    endloop
  endfacet
  facet normal 0.656210899353 -0.740990161896 -0.142551273108
    outer loop
      vertex 1.03135836124 10.9158840179 3.84157276154
      vertex 1.07132935524 10.9587144852 3.88521027565
      vertex 1.14503765106 10.6219625473 3.8857011795
    endloop
  endfacet
  facet normal 0.668864011765 -0.728225290775 -0.149361565709
    outer loop
      vertex 1.09865903854 10.6151580811 3.84170770645
      vertex 1.03135836124 10.9158840179 3.84157276154
      vertex 1.14503765106 10.6219625473 3.8857011795
    endloop
  endfacet
  facet normal 0.677877962589 -0.729151725769 -0.0939108356833
    outer loop
      vertex 1.18345224857 10.3197240829 3.8824877739
      vertex 1.09865903854 10.6151580811 3.84170770645
      vertex 1.14503765106 10.6219625473 3.8857011795
    endloop
  endfacet
  facet normal 0.992019355297 4.12256076743e-06 -0.12608577311
    outer loop
      vertex 1.14584696293 10.6155872345 4.11007213593
      vertex 1.18345224857 10.3197240829 3.8824877739
      vertex 1.14503765106 10.6219625473 3.8857011795
    endloop
  endfacet
  facet normal 0.975792169571 0.00269354623742 -0.218683406711
    outer loop
      vertex 1.14503765106 10.6219625473 3.8857011795
      vertex 1.07868981361 10.9152116776 4.11321640015
      vertex 1.14584696293 10.6155872345 4.11007213593
    endloop
  endfacet
  facet normal 0.653686344624 0.743944942951 -0.13870871067
    outer loop
      vertex 0.92518723011 10.626789093 4.30187177658
      vertex 1.14584696293 10.6155872345 4.11007213593
      vertex 1.07868981361 10.9152116776 4.11321640015
    endloop
  endfacet
  facet normal 0.636413991451 0.75551712513 -0.155470579863
    outer loop
      vertex 0.847096383572 10.9308185577 4.30508899689
      vertex 0.92518723011 10.626789093 4.30187177658
      vertex 1.07868981361 10.9152116776 4.11321640015
    endloop
  endfacet
  facet normal 0.632372379303 0.746427476406 -0.207246750593
    outer loop
      vertex 0.847096383572 10.9308185577 4.30508899689
      vertex 1.07868981361 10.9152116776 4.11321640015
      vertex 1.01663506031 11.0981607437 4.1149930954
    endloop
  endfacet
  facet normal 0.377677381039 0.778342783451 -0.501539945602
    outer loop
      vertex 0.954685807228 11.1409788132 4.1174621582
      vertex 0.847096383572 10.9308185577 4.30508899689
      vertex 1.01663506031 11.0981607437 4.1149930954
    endloop
  endfacet
  facet normal 0.569033801556 0.0214663743973 -0.822033882141
    outer loop
      vertex 0.953018605709 11.155040741 3.62319135666
      vertex 0.954685807228 11.1409788132 4.1174621582
      vertex 1.01663506031 11.0981607437 4.1149930954
    endloop
  endfacet
  facet normal -1.1661356325e-07 -1 -1.33444780204e-06
    outer loop
      vertex 0.14560739696 11.0713329315 3.55543589592
      vertex -0.450969040394 10.7976255417 3.5554356575
      vertex -0.874217033386 10.9822130203 3.55543589592
    endloop
  endfacet
  facet normal 0 -1 0
    outer loop
      vertex 1.11760497093 9.50433540344 3.55543589592
      vertex 0.714788556099 9.54674625397 3.55543589592
      vertex 0.862942755222 9.65430259705 3.55543589592
    endloop
  endfacet
  facet normal 0.138232678175 0.629676520824 0.764460086823
    outer loop
      vertex 1.10864138603 9.44537734985 4.09825706482
      vertex 0.918263673782 9.56846427917 4.28948402405
      vertex 0.325702369213 9.33054351807 4.13072156906
    endloop
  endfacet
  facet normal 0.118024893105 0.664844870567 0.737598419189
    outer loop
      vertex 0.918263673782 9.56846427917 4.28948402405
      vertex 0.296218186617 9.60346889496 4.43874645233
      vertex 0.325702369213 9.33054351807 4.13072156906
    endloop
  endfacet
  facet normal 0.0823147818446 0.665326952934 0.742000222206
    outer loop
      vertex 0.296218186617 9.60346889496 4.43874645233
      vertex -0.34095042944 9.52866840363 4.43415641785
      vertex 0.325702369213 9.33054351807 4.13072156906
    endloop
  endfacet
  facet normal 0.0874879956245 0.672225654125 0.735158860683
    outer loop
      vertex -0.34095042944 9.52866840363 4.43415641785
      vertex -0.715288937092 9.2362947464 4.16312980652
      vertex 0.325702369213 9.33054351807 4.13072156906
    endloop
  endfacet
  facet normal 0 -1 0
    outer loop
      vertex -0.684402108192 9.82117843628 3.5554356575
      vertex -0.635232686996 10.0688562393 3.5554356575
      vertex -0.52708697319 9.82719516754 3.5554356575
    endloop
  endfacet
  facet normal -0 -1 0
    outer loop
      vertex 1.02210211754 10.9706735611 3.55543589592
      vertex 0.256087720394 10.9013442993 3.55543589592
      vertex 0.585881114006 11.0109539032 3.55543589592
    endloop
  endfacet
  facet normal -0.300805658102 0.668182015419 0.680476844311
    outer loop
      vertex -0.739902436733 9.510887146 4.4316945076
      vertex -0.903904080391 9.31079387665 4.15408849716
      vertex -0.715288937092 9.2362947464 4.16312980652
    endloop
  endfacet
  facet normal 0.0266805700958 0.715850234032 0.697743952274
    outer loop
      vertex -0.34095042944 9.52866840363 4.43415641785
      vertex -0.739902436733 9.510887146 4.4316945076
      vertex -0.715288937092 9.2362947464 4.16312980652
    endloop
  endfacet
  facet normal 0.0446875616908 -0.0295542646199 0.998563766479
    outer loop
      vertex -0.339282512665 9.52105998993 4.69372797012
      vertex -0.739902436733 9.510887146 4.4316945076
      vertex -0.34095042944 9.52866840363 4.43415641785
    endloop
  endfacet
  facet normal 0.116755306721 -0.0298458449543 0.992712140083
    outer loop
      vertex -0.34095042944 9.52866840363 4.43415641785
      vertex 0.296218186617 9.60346889496 4.43874645233
      vertex -0.339282512665 9.52105998993 4.69372797012
    endloop
  endfacet
  facet normal 0.117053776979 -0.0290977787226 0.992699205875
    outer loop
      vertex 0.297055900097 9.59676551819 4.67081785202
      vertex -0.339282512665 9.52105998993 4.69372797012
      vertex 0.296218186617 9.60346889496 4.43874645233
    endloop
  endfacet
  facet normal 0.200894519687 -0.0290100034326 0.979183256626
    outer loop
      vertex 0.724522292614 9.68547725677 4.63672113419
      vertex 0.297055900097 9.59676551819 4.67081785202
      vertex 0.296218186617 9.60346889496 4.43874645233
    endloop
  endfacet
  facet normal 0.200869828463 -0.028953820467 0.979189991951
    outer loop
      vertex 0.296218186617 9.60346889496 4.43874645233
      vertex 0.723844110966 9.69108486176 4.44234371185
      vertex 0.724522292614 9.68547725677 4.63672113419
    endloop
  endfacet
  facet normal 0.752358317375 -0.021622100845 0.658399164677
    outer loop
      vertex 0.723844110966 9.69108486176 4.44234371185
      vertex 0.773639917374 9.74245738983 4.61074018478
      vertex 0.724522292614 9.68547725677 4.63672113419
    endloop
  endfacet
  facet normal 0.766563653946 0.454707711935 0.453454613686
    outer loop
      vertex 0.783402323723 9.87647342682 4.72792959213
      vertex 0.724522292614 9.68547725677 4.63672113419
      vertex 0.773639917374 9.74245738983 4.61074018478
    endloop
  endfacet
  facet normal 0.690439045429 0.546580731869 0.473860085011
    outer loop
      vertex 0.724522292614 9.68547725677 4.63672113419
      vertex 0.783402323723 9.87647342682 4.72792959213
      vertex 0.73731136322 9.86747360229 4.77834844589
    endloop
  endfacet
  facet normal 0.159191682935 0.77367836237 0.613253414631
    outer loop
      vertex 0.724522292614 9.68547725677 4.63672113419
      vertex 0.73731136322 9.86747360229 4.77834844589
      vertex 0.279386550188 9.79182720184 4.81261014938
    endloop
  endfacet
  facet normal 0.181805491447 0.803155004978 0.567352473736
    outer loop
      vertex 0.297055900097 9.59676551819 4.67081785202
      vertex 0.724522292614 9.68547725677 4.63672113419
      vertex 0.279386550188 9.79182720184 4.81261014938
    endloop
  endfacet
  facet normal 0.0930955484509 0.809354841709 0.579894781113
    outer loop
      vertex 0.297055900097 9.59676551819 4.67081785202
      vertex 0.279386550188 9.79182720184 4.81261014938
      vertex -0.357368409634 9.72184848785 4.83571386337
    endloop
  endfacet
  facet normal 0.0970742627978 0.816728055477 0.568798601627
    outer loop
      vertex -0.339282512665 9.52105998993 4.69372797012
      vertex 0.297055900097 9.59676551819 4.67081785202
      vertex -0.357368409634 9.72184848785 4.83571386337
    endloop
  endfacet
  facet normal -0.0287729967386 0.814921498299 0.578856706619
    outer loop
      vertex -0.339282512665 9.52105998993 4.69372797012
      vertex -0.357368409634 9.72184848785 4.83571386337
      vertex -0.75673443079 9.69924640656 4.80555772781
    endloop
  endfacet
  facet normal -0.0356739498675 0.806709587574 0.589870393276
    outer loop
      vertex -0.739186286926 9.5041437149 4.66367387772
      vertex -0.339282512665 9.52105998993 4.69372797012
      vertex -0.75673443079 9.69924640656 4.80555772781
    endloop
  endfacet
  facet normal -0.417875260115 0.716466605663 0.558619618416
    outer loop
      vertex -0.739186286926 9.5041437149 4.66367387772
      vertex -0.75673443079 9.69924640656 4.80555772781
      vertex -0.940042495728 9.71306705475 4.709420681
    endloop
  endfacet
  facet normal -0.41806563735 0.71624982357 0.558755159378
    outer loop
      vertex -0.739186286926 9.5041437149 4.66367387772
      vertex -0.940042495728 9.71306705475 4.709420681
      vertex -0.928032696247 9.57974147797 4.61242198944
    endloop
  endfacet
  facet normal -0.365447461605 -0.0259191207588 0.930471003056
    outer loop
      vertex -0.739186286926 9.5041437149 4.66367387772
      vertex -0.928032696247 9.57974147797 4.61242198944
      vertex -0.739902436733 9.510887146 4.4316945076
    endloop
  endfacet
  facet normal 0.0444331802428 -0.0291644558311 0.998586535454
    outer loop
      vertex -0.339282512665 9.52105998993 4.69372797012
      vertex -0.739186286926 9.5041437149 4.66367387772
      vertex -0.739902436733 9.510887146 4.4316945076
    endloop
  endfacet
  facet normal -0.364890515804 -0.0252490695566 0.930707991123
    outer loop
      vertex -0.739902436733 9.510887146 4.4316945076
      vertex -0.928032696247 9.57974147797 4.61242198944
      vertex -0.928591549397 9.58497619629 4.42754077911
    endloop
  endfacet
  facet normal -0.285408377647 0.66562718153 0.689552366734
    outer loop
      vertex -0.903904080391 9.31079387665 4.15408849716
      vertex -0.739902436733 9.510887146 4.4316945076
      vertex -0.928591549397 9.58497619629 4.42754077911
    endloop
  endfacet
  facet normal -0.995908558369 0.000694167800248 0.0903640165925
    outer loop
      vertex -1.02276611328 10.6229715347 4.4391784668
      vertex -0.903904080391 9.31079387665 4.15408849716
      vertex -0.928591549397 9.58497619629 4.42754077911
    endloop
  endfacet
  facet normal -0.995908856392 0.000512524391524 0.0903620123863
    outer loop
      vertex -0.928591549397 9.58497619629 4.42754077911
      vertex -1.02219045162 10.617682457 4.625415802
      vertex -1.02276611328 10.6229715347 4.4391784668
    endloop
  endfacet
  facet normal -0.525963902473 0.0257663354278 -0.850116491318
    outer loop
      vertex -1.02219045162 10.617682457 4.625415802
      vertex -0.85056579113 10.7293205261 4.44547986984
      vertex -1.02276611328 10.6229715347 4.4391784668
    endloop
  endfacet
  facet normal -0.397148549557 0.692707180977 -0.60202139616
    outer loop
      vertex -1.04933571815 10.9126634598 4.17217874527
      vertex -1.02276611328 10.6229715347 4.4391784668
      vertex -0.85056579113 10.7293205261 4.44547986984
    endloop
  endfacet
  facet normal -0.409094333649 0.69454818964 -0.591814756393
    outer loop
      vertex -1.04933571815 10.9126634598 4.17217874527
      vertex -0.85056579113 10.7293205261 4.44547986984
      vertex -0.876972138882 11.018863678 4.18320989609
    endloop
  endfacet
  facet normal -0.0425278991461 0.701679766178 -0.711222112179
    outer loop
      vertex -0.876972138882 11.018863678 4.18320989609
      vertex -0.454902380705 10.7825555801 4.4483127594
      vertex 0.163812786341 11.1130371094 4.15083694458
    endloop
  endfacet
  facet normal -0.0486283414066 0.695392012596 -0.716983377934
    outer loop
      vertex -0.454902380705 10.7825555801 4.4483127594
      vertex 0.185554563999 10.8219022751 4.45253181458
      vertex 0.163812786341 11.1130371094 4.15083694458
    endloop
  endfacet
  facet normal -0.0137081956491 0.694847285748 -0.719026684761
    outer loop
      vertex 0.185554563999 10.8219022751 4.45253181458
      vertex 0.790585339069 10.9755525589 4.30547094345
      vertex 0.163812786341 11.1130371094 4.15083694458
    endloop
  endfacet
  facet normal 0.00140237004962 0.661269307137 -0.750147283077
    outer loop
      vertex 0.790585339069 10.9755525589 4.30547094345
      vertex 0.954685807228 11.1409788132 4.1174621582
      vertex 0.163812786341 11.1130371094 4.15083694458
    endloop
  endfacet
  facet normal 0 -1 -0
    outer loop
      vertex -0.532329916954 10.3319549561 3.5554356575
      vertex -0.616650700569 10.5995492935 3.5554356575
      vertex -0.364300817251 10.5791225433 3.5554356575
    endloop
  endfacet
  facet normal 0.394274353981 0.776550769806 -0.491443425417
    outer loop
      vertex 0.847096383572 10.9308185577 4.30508899689
      vertex 0.954685807228 11.1409788132 4.1174621582
      vertex 0.790585339069 10.9755525589 4.30547094345
    endloop
  endfacet
  facet normal 0.338488250971 0.84183049202 -0.420413017273
    outer loop
      vertex 0.790585339069 10.9755525589 4.30547094345
      vertex 0.622004806995 10.8120307922 4.45491790771
      vertex 0.847096383572 10.9308185577 4.30508899689
    endloop
  endfacet
  facet normal 0.336549729109 0.841178715229 -0.423264205456
    outer loop
      vertex 0.847096383572 10.9308185577 4.30508899689
      vertex 0.622004806995 10.8120307922 4.45491790771
      vertex 0.681024372578 10.7655172348 4.45470952988
    endloop
  endfacet
  facet normal 0.578783988953 0.802505075932 -0.144895493984
    outer loop
      vertex 0.681024372578 10.7655172348 4.45470952988
      vertex 0.690643072128 10.7286758423 4.45442390442
      vertex 0.847096383572 10.9308185577 4.30508899689
    endloop
  endfacet
  facet normal 0.582113862038 0.800780832767 -0.141044482589
    outer loop
      vertex 0.92518723011 10.626789093 4.30187177658
      vertex 0.847096383572 10.9308185577 4.30508899689
      vertex 0.690643072128 10.7286758423 4.45442390442
    endloop
  endfacet
  facet normal 0.967566609383 0.00401166407391 -0.252584218979
    outer loop
      vertex 0.691320359707 10.7237138748 4.60350370407
      vertex 0.690643072128 10.7286758423 4.45442390442
      vertex 0.681024372578 10.7655172348 4.45470952988
    endloop
  endfacet
  facet normal 0.967382013798 0.00422181840986 -0.253286778927
    outer loop
      vertex 0.681024372578 10.7655172348 4.45470952988
      vertex 0.681552052498 10.7607164383 4.62181282043
      vertex 0.691320359707 10.7237138748 4.60350370407
    endloop
  endfacet
  facet normal 0.96732544899 0.00373974163085 -0.253510355949
    outer loop
      vertex 0.714858353138 10.6319379807 4.73646450043
      vertex 0.691320359707 10.7237138748 4.60350370407
      vertex 0.681552052498 10.7607164383 4.62181282043
    endloop
  endfacet
  facet normal 0.669807314873 0.46007040143 -0.582832217216
    outer loop
      vertex 0.622805297375 10.8064632416 4.64938735962
      vertex 0.714858353138 10.6319379807 4.73646450043
      vertex 0.681552052498 10.7607164383 4.62181282043
    endloop
  endfacet
  facet normal 0.62007778883 0.0199015047401 -0.78428786993
    outer loop
      vertex 0.681552052498 10.7607164383 4.62181282043
      vertex 0.622004806995 10.8120307922 4.45491790771
      vertex 0.622805297375 10.8064632416 4.64938735962
    endloop
  endfacet
  facet normal 0.022445647046 0.0285186413676 -0.999341249466
    outer loop
      vertex 0.185554563999 10.8219022751 4.45253181458
      vertex 0.622805297375 10.8064632416 4.64938735962
      vertex 0.622004806995 10.8120307922 4.45491790771
    endloop
  endfacet
  facet normal 0.0110495593399 0.743761241436 -0.668354034424
    outer loop
      vertex 0.185554563999 10.8219022751 4.45253181458
      vertex 0.622004806995 10.8120307922 4.45491790771
      vertex 0.790585339069 10.9755525589 4.30547094345
    endloop
  endfacet
  facet normal 0.022679394111 0.0280001834035 -0.999350607395
    outer loop
      vertex 0.186422899365 10.8153839111 4.68448114395
      vertex 0.622805297375 10.8064632416 4.64938735962
      vertex 0.185554563999 10.8219022751 4.45253181458
    endloop
  endfacet
  facet normal -0.0614643506706 0.0282690487802 -0.997708857059
    outer loop
      vertex -0.453136056662 10.7753210068 4.70786046982
      vertex 0.186422899365 10.8153839111 4.68448114395
      vertex 0.185554563999 10.8219022751 4.45253181458
    endloop
  endfacet
  facet normal -0.0614795684814 0.028231004253 -0.997709035873
    outer loop
      vertex -0.453136056662 10.7753210068 4.70786046982
      vertex 0.185554563999 10.8219022751 4.45253181458
      vertex -0.454902380705 10.7825555801 4.4483127594
    endloop
  endfacet
  facet normal -0.133493155241 0.0285240001976 -0.990639150143
    outer loop
      vertex -0.85056579113 10.7293205261 4.44547986984
      vertex -0.453136056662 10.7753210068 4.70786046982
      vertex -0.454902380705 10.7825555801 4.4483127594
    endloop
  endfacet
  facet normal -0.0945962816477 0.742105424404 -0.663574457169
    outer loop
      vertex -0.876972138882 11.018863678 4.18320989609
      vertex -0.85056579113 10.7293205261 4.44547986984
      vertex -0.454902380705 10.7825555801 4.4483127594
    endloop
  endfacet
  facet normal -0.133445486426 0.0284502804279 -0.990647733212
    outer loop
      vertex -0.85056579113 10.7293205261 4.44547986984
      vertex -0.849819600582 10.7227621078 4.67733716965
      vertex -0.453136056662 10.7753210068 4.70786046982
    endloop
  endfacet
  facet normal -0.137376219034 0.814320087433 -0.563924252987
    outer loop
      vertex -0.832037031651 10.5284080505 4.81492900848
      vertex -0.453136056662 10.7753210068 4.70786046982
      vertex -0.849819600582 10.7227621078 4.67733716965
    endloop
  endfacet
  facet normal -0.504099547863 0.725966334343 -0.467821031809
    outer loop
      vertex -0.849819600582 10.7227621078 4.67733716965
      vertex -1.01023614407 10.4865932465 4.71813631058
      vertex -0.832037031651 10.5284080505 4.81492900848
    endloop
  endfacet
  facet normal -0.467141658068 0.882632255554 0.0523355640471
    outer loop
      vertex -0.940042495728 9.71306705475 4.709420681
      vertex -0.832037031651 10.5284080505 4.81492900848
      vertex -1.01023614407 10.4865932465 4.71813631058
    endloop
  endfacet
  facet normal -0.995906531811 0.000926736742258 0.0903840512037
    outer loop
      vertex -1.01023614407 10.4865932465 4.71813631058
      vertex -0.928032696247 9.57974147797 4.61242198944
      vertex -0.940042495728 9.71306705475 4.709420681
    endloop
  endfacet
  facet normal -0.995909571648 0.000658776145428 0.0903530865908
    outer loop
      vertex -0.928032696247 9.57974147797 4.61242198944
      vertex -1.01023614407 10.4865932465 4.71813631058
      vertex -1.02219045162 10.617682457 4.625415802
    endloop
  endfacet
  facet normal -0.995909929276 0.00045212727855 0.0903505310416
    outer loop
      vertex -0.928032696247 9.57974147797 4.61242198944
      vertex -1.02219045162 10.617682457 4.625415802
      vertex -0.928591549397 9.58497619629 4.42754077911
    endloop
  endfacet
  facet normal -0.503863215446 0.726207017899 -0.46770209074
    outer loop
      vertex -1.01023614407 10.4865932465 4.71813631058
      vertex -0.849819600582 10.7227621078 4.67733716965
      vertex -1.02219045162 10.617682457 4.625415802
    endloop
  endfacet
  facet normal -0.525985360146 0.0257381964475 -0.850104093552
    outer loop
      vertex -0.85056579113 10.7293205261 4.44547986984
      vertex -1.02219045162 10.617682457 4.625415802
      vertex -0.849819600582 10.7227621078 4.67733716965
    endloop
  endfacet
  facet normal -0.46691390872 0.882750034332 0.0523809790611
    outer loop
      vertex -0.832037031651 10.5284080505 4.81492900848
      vertex -0.940042495728 9.71306705475 4.709420681
      vertex -0.75673443079 9.69924640656 4.80555772781
    endloop
  endfacet
  facet normal -0.0740538835526 0.997091889381 0.0179946273565
    outer loop
      vertex -0.75673443079 9.69924640656 4.80555772781
      vertex -0.434991180897 10.5753879547 4.84526538849
      vertex -0.832037031651 10.5284080505 4.81492900848
    endloop
  endfacet
  facet normal -0.128384247422 0.822715401649 -0.553766071796
    outer loop
      vertex -0.453136056662 10.7753210068 4.70786046982
      vertex -0.832037031651 10.5284080505 4.81492900848
      vertex -0.434991180897 10.5753879547 4.84526538849
    endloop
  endfacet
  facet normal -0.0103262513876 0.824528336525 -0.565726399422
    outer loop
      vertex -0.434991180897 10.5753879547 4.84526538849
      vertex 0.204083785415 10.6209897995 4.82198095322
      vertex -0.453136056662 10.7753210068 4.70786046982
    endloop
  endfacet
  facet normal -0.00629531033337 0.816665053368 -0.577077627182
    outer loop
      vertex -0.453136056662 10.7753210068 4.70786046982
      vertex 0.204083785415 10.6209897995 4.82198095322
      vertex 0.186422899365 10.8153839111 4.68448114395
    endloop
  endfacet
  facet normal 0.0503345914185 0.813215136528 -0.579782307148
    outer loop
      vertex 0.668261647224 10.6298141479 4.78695869446
      vertex 0.186422899365 10.8153839111 4.68448114395
      vertex 0.204083785415 10.6209897995 4.82198095322
    endloop
  endfacet
  facet normal 0.0753193870187 0.997149646282 0.00442880950868
    outer loop
      vertex 0.279386550188 9.79182720184 4.81261014938
      vertex 0.668261647224 10.6298141479 4.78695869446
      vertex 0.204083785415 10.6209897995 4.82198095322
    endloop
  endfacet
  facet normal 0.0371275767684 0.999279141426 0.00792137440294
    outer loop
      vertex 0.204083785415 10.6209897995 4.82198095322
      vertex -0.357368409634 9.72184848785 4.83571386337
      vertex 0.279386550188 9.79182720184 4.81261014938
    endloop
  endfacet
  facet normal 0.0369666554034 0.999285876751 0.00782078783959
    outer loop
      vertex -0.357368409634 9.72184848785 4.83571386337
      vertex 0.204083785415 10.6209897995 4.82198095322
      vertex -0.434991180897 10.5753879547 4.84526538849
    endloop
  endfacet
  facet normal -0.0742752552032 0.997076869011 0.0179126560688
    outer loop
      vertex -0.434991180897 10.5753879547 4.84526538849
      vertex -0.75673443079 9.69924640656 4.80555772781
      vertex -0.357368409634 9.72184848785 4.83571386337
    endloop
  endfacet
  facet normal 0.0753395855427 0.997148036957 0.00443823216483
    outer loop
      vertex 0.668261647224 10.6298141479 4.78695869446
      vertex 0.279386550188 9.79182720184 4.81261014938
      vertex 0.73731136322 9.86747360229 4.77834844589
    endloop
  endfacet
  facet normal 0.732404053211 0.678337216377 -0.0586767569184
    outer loop
      vertex 0.73731136322 9.86747360229 4.77834844589
      vertex 0.714858353138 10.6319379807 4.73646450043
      vertex 0.668261647224 10.6298141479 4.78695869446
    endloop
  endfacet
  facet normal 0.582239449024 0.561997532845 -0.587499797344
    outer loop
      vertex 0.714858353138 10.6319379807 4.73646450043
      vertex 0.622805297375 10.8064632416 4.64938735962
      vertex 0.668261647224 10.6298141479 4.78695869446
    endloop
  endfacet
  facet normal 0.075274631381 0.777246534824 -0.624677181244
    outer loop
      vertex 0.186422899365 10.8153839111 4.68448114395
      vertex 0.668261647224 10.6298141479 4.78695869446
      vertex 0.622805297375 10.8064632416 4.64938735962
    endloop
  endfacet
  facet normal 0.731561899185 0.679243206978 -0.0587016604841
    outer loop
      vertex 0.783402323723 9.87647342682 4.72792959213
      vertex 0.714858353138 10.6319379807 4.73646450043
      vertex 0.73731136322 9.86747360229 4.77834844589
    endloop
  endfacet
  facet normal 0.994334757328 0.0572324842215 -0.0895704180002
    outer loop
      vertex 0.784303247929 9.89111709595 4.68936014175
      vertex 0.714858353138 10.6319379807 4.73646450043
      vertex 0.783402323723 9.87647342682 4.72792959213
    endloop
  endfacet
  facet normal 0.994008004665 0.0632376596332 -0.089157961309
    outer loop
      vertex 0.714858353138 10.6319379807 4.73646450043
      vertex 0.784303247929 9.89111709595 4.68936014175
      vertex 0.718571901321 10.618188858 4.69747591019
    endloop
  endfacet
  facet normal 0.967562258244 0.00307903019711 -0.252613902092
    outer loop
      vertex 0.691320359707 10.7237138748 4.60350370407
      vertex 0.714858353138 10.6319379807 4.73646450043
      vertex 0.718571901321 10.618188858 4.69747591019
    endloop
  endfacet
  facet normal 0.0525225140154 -0.752469420433 0.656529605389
    outer loop
      vertex 0.718571901321 10.618188858 4.69747591019
      vertex 0.535963237286 10.7096643448 4.60491800308
      vertex 0.691320359707 10.7237138748 4.60350370407
    endloop
  endfacet
  facet normal 0.0897131487727 -0.0334888473153 0.995404481888
    outer loop
      vertex 0.535248398781 10.7146224976 4.45561790466
      vertex 0.691320359707 10.7237138748 4.60350370407
      vertex 0.535963237286 10.7096643448 4.60491800308
    endloop
  endfacet
  facet normal 0.96701925993 0.00382818561047 -0.254674434662
    outer loop
      vertex 0.535963237286 10.7096643448 4.60491800308
      vertex 0.558599591255 10.6259679794 4.45484638214
      vertex 0.535248398781 10.7146224976 4.45561790466
    endloop
  endfacet
  facet normal 0.00827304180712 0.999944508076 0.006525258068
    outer loop
      vertex 0.558599591255 10.6259679794 4.45484638214
      vertex 0.690643072128 10.7286758423 4.45442390442
      vertex 0.535248398781 10.7146224976 4.45561790466
    endloop
  endfacet
  facet normal 0.0897607207298 -0.0335394181311 0.995398461819
    outer loop
      vertex 0.691320359707 10.7237138748 4.60350370407
      vertex 0.535248398781 10.7146224976 4.45561790466
      vertex 0.690643072128 10.7286758423 4.45442390442
    endloop
  endfacet
  facet normal 0.618897736073 0.0206034108996 -0.785201311111
    outer loop
      vertex 0.622004806995 10.8120307922 4.45491790771
      vertex 0.681552052498 10.7607164383 4.62181282043
      vertex 0.681024372578 10.7655172348 4.45470952988
    endloop
  endfacet
  facet normal -0.9959025383 0.000990665401332 0.09042789042
    outer loop
      vertex -1.04933571815 10.9126634598 4.17217874527
      vertex -0.903904080391 9.31079387665 4.15408849716
      vertex -1.02276611328 10.6229715347 4.4391784668
    endloop
  endfacet
  facet normal 0.133883759379 0.718114256859 0.682925403118
    outer loop
      vertex 0.918263673782 9.56846427917 4.28948402405
      vertex 0.723844110966 9.69108486176 4.44234371185
      vertex 0.296218186617 9.60346889496 4.43874645233
    endloop
  endfacet
  facet normal 0.482798188925 0.760333538055 0.43450987339
    outer loop
      vertex 0.918263673782 9.56846427917 4.28948402405
      vertex 1.10864138603 9.44537734985 4.09825706482
      vertex 0.965668976307 9.62262821198 4.29033565521
    endloop
  endfacet
  facet normal 0.46989518404 0.761595666409 0.44628533721
    outer loop
      vertex 0.965668976307 9.62262821198 4.29033565521
      vertex 1.10864138603 9.44537734985 4.09825706482
      vertex 1.16140544415 9.49873733521 4.09697055817
    endloop
  endfacet
  facet normal -1.09645036162e-07 -1 1.04141304291e-06
    outer loop
      vertex 1.11760497093 9.50433540344 3.55543589592
      vertex 0.553102254868 9.4218082428 3.55543613434
      vertex 0.714788556099 9.54674625397 3.55543589592
    endloop
  endfacet
  facet normal 0.656346023083 0.750729203224 -0.0749371647835
    outer loop
      vertex 0.92518723011 10.626789093 4.30187177658
      vertex 1.18413949013 10.3133077621 4.10676717758
      vertex 1.14584696293 10.6155872345 4.11007213593
    endloop
  endfacet
  facet normal 0.992072045803 0.000554464466404 -0.125669136643
    outer loop
      vertex 1.18345224857 10.3197240829 3.8824877739
      vertex 1.14584696293 10.6155872345 4.11007213593
      vertex 1.18413949013 10.3133077621 4.10676717758
    endloop
  endfacet
  facet normal 0.998510837555 -0.00150015205145 -0.0545333623886
    outer loop
      vertex 1.18413949013 10.3133077621 4.10676717758
      vertex 1.2000579834 10.0155715942 3.87892389297
      vertex 1.18345224857 10.3197240829 3.8824877739
    endloop
  endfacet
  facet normal 0.685560166836 -0.726564884186 -0.0459429174662
    outer loop
      vertex 1.18345224857 10.3197240829 3.8824877739
      vertex 1.2000579834 10.0155715942 3.87892389297
      vertex 1.15297985077 10.0166025162 3.83456778526
    endloop
  endfacet
  facet normal 0.605888128281 -0.792935371399 -0.0644445940852
    outer loop
      vertex 1.18345224857 10.3197240829 3.8824877739
      vertex 1.15297985077 10.0166025162 3.83456778526
      vertex 1.09865903854 10.6151580811 3.84170770645
    endloop
  endfacet
  facet normal -0.054918628186 -0.998466789722 -0.00692599778995
    outer loop
      vertex 0.325257837772 9.6456823349 3.87752199173
      vertex 1.09865903854 10.6151580811 3.84170770645
      vertex 1.15297985077 10.0166025162 3.83456778526
    endloop
  endfacet
  facet normal -0.0529809780419 -0.998592197895 -0.00258753937669
    outer loop
      vertex 1.15297985077 10.0166025162 3.83456778526
      vertex 1.14128446579 9.70866680145 3.83439040184
      vertex 0.325257837772 9.6456823349 3.87752199173
    endloop
  endfacet
  facet normal 0.211299106479 -0.976761162281 -0.0359216630459
    outer loop
      vertex 0.00582916662097 9.65992736816 3.80894517899
      vertex 0.217196285725 10.8301305771 3.89770507812
      vertex 0.325257837772 9.6456823349 3.87752199173
    endloop
  endfacet
  facet normal -0.0606076717377 -0.998095691204 -0.0114781511948
    outer loop
      vertex 0.325257837772 9.6456823349 3.87752199173
      vertex 0.217196285725 10.8301305771 3.89770507812
      vertex 1.09865903854 10.6151580811 3.84170770645
    endloop
  endfacet
  facet normal -0.0671510696411 -0.997622787952 0.0154753206298
    outer loop
      vertex 0.217196285725 10.8301305771 3.89770507812
      vertex 1.03135836124 10.9158840179 3.84157276154
      vertex 1.09865903854 10.6151580811 3.84170770645
    endloop
  endfacet
  facet normal 0.201636195183 -0.978730201721 -0.0378163717687
    outer loop
      vertex 0.217196285725 10.8301305771 3.89770507812
      vertex 0.00582916662097 9.65992736816 3.80894517899
      vertex -0.0945734083652 10.7650022507 3.83095860481
    endloop
  endfacet
  facet normal 0.601934671402 -0.798545122147 -0.000599817547482
    outer loop
      vertex 1.14128446579 9.70866680145 3.83439040184
      vertex 1.2000579834 10.0155715942 3.87892389297
      vertex 1.1884124279 9.6710319519 3.86988687515
    endloop
  endfacet
  facet normal 0.999422907829 -0.00456092273816 0.0336614511907
    outer loop
      vertex 1.20086717606 10.0091962814 4.10329532623
      vertex 1.1884124279 9.6710319519 3.86988687515
      vertex 1.2000579834 10.0155715942 3.87892389297
    endloop
  endfacet
  facet normal 0.99848729372 -0.00203982181847 -0.054945088923
    outer loop
      vertex 1.2000579834 10.0155715942 3.87892389297
      vertex 1.18413949013 10.3133077621 4.10676717758
      vertex 1.20086717606 10.0091962814 4.10329532623
    endloop
  endfacet
  facet normal 0.660853922367 0.749999940395 -0.027787970379
    outer loop
      vertex 0.986908197403 9.94584178925 4.2941699028
      vertex 1.20086717606 10.0091962814 4.10329532623
      vertex 1.18413949013 10.3133077621 4.10676717758
    endloop
  endfacet
  facet normal 0.638315796852 0.768202722073 -0.0491680540144
    outer loop
      vertex 0.986908197403 9.94584178925 4.2941699028
      vertex 1.18413949013 10.3133077621 4.10676717758
      vertex 0.92518723011 10.626789093 4.30187177658
    endloop
  endfacet
  facet normal 0.671111702919 0.740508139133 0.0354512520134
    outer loop
      vertex 0.986908197403 9.94584178925 4.2941699028
      vertex 1.18881452084 9.70246505737 4.09953403473
      vertex 1.20086717606 10.0091962814 4.10329532623
    endloop
  endfacet
  facet normal 0.99922055006 0.00363043998368 0.0393078662455
    outer loop
      vertex 1.1884124279 9.6710319519 3.86988687515
      vertex 1.20086717606 10.0091962814 4.10329532623
      vertex 1.18881452084 9.70246505737 4.09953403473
    endloop
  endfacet
  facet normal 0.685229718685 -0.727876782417 0.0256058629602
    outer loop
      vertex 1.2000579834 10.0155715942 3.87892389297
      vertex 1.14128446579 9.70866680145 3.83439040184
      vertex 1.15297985077 10.0166025162 3.83456778526
    endloop
  endfacet
  facet normal 0 -1 0
    outer loop
      vertex -0.713042199612 10.106801033 3.5554356575
      vertex -0.635232686996 10.0688562393 3.5554356575
      vertex -0.684402108192 9.82117843628 3.5554356575
    endloop
  endfacet
  facet normal 0 -1 0
    outer loop
      vertex -0.309360414743 10.2060279846 3.5554356575
      vertex -0.342628210783 9.89911365509 3.5554356575
      vertex -0.47877523303 10.082734108 3.5554356575
    endloop
  endfacet
  facet normal 0 -1 0
    outer loop
      vertex -0.450969040394 10.7976255417 3.5554356575
      vertex -0.364300817251 10.5791225433 3.5554356575
      vertex -0.616650700569 10.5995492935 3.5554356575
    endloop
  endfacet
  facet normal 0 -1 -0
    outer loop
      vertex -0.365376293659 9.64206409454 3.5554356575
      vertex -0.52708697319 9.82719516754 3.5554356575
      vertex -0.342628210783 9.89911365509 3.5554356575
    endloop
  endfacet
  facet normal 0 -1 0
    outer loop
      vertex -0.713042199612 10.106801033 3.5554356575
      vertex -0.532329916954 10.3319549561 3.5554356575
      vertex -0.635232686996 10.0688562393 3.5554356575
    endloop
  endfacet
  facet normal 0 -1 0
    outer loop
      vertex 1.14056301117 9.68301582336 3.55543589592
      vertex 1.14927220345 9.60825920105 3.55543589592
      vertex 0.862942755222 9.65430259705 3.55543589592
    endloop
  endfacet
  facet normal 1.02717471862e-07 -1 6.73754755098e-07
    outer loop
      vertex 0.325504332781 9.60653591156 3.55543589592
      vertex 0.553102254868 9.4218082428 3.55543613434
      vertex 0.323936849833 9.38687133789 3.55543613434
    endloop
  endfacet
  facet normal 0 -1 0
    outer loop
      vertex -0.532329916954 10.3319549561 3.5554356575
      vertex -0.364300817251 10.5791225433 3.5554356575
      vertex -0.309360414743 10.2060279846 3.5554356575
    endloop
  endfacet
  facet normal 0 -1 0
    outer loop
      vertex -0.134204417467 10.8399248123 3.55543589592
      vertex 0.14560739696 11.0713329315 3.55543589592
      vertex 0.181236535311 10.8933668137 3.55543589592
    endloop
  endfacet
  facet normal -1.51610208832e-07 -1 9.87104272099e-07
    outer loop
      vertex 0.325504332781 9.60653591156 3.55543589592
      vertex 0.714788556099 9.54674625397 3.55543589592
      vertex 0.553102254868 9.4218082428 3.55543613434
    endloop
  endfacet
  facet normal 0 -1 -0
    outer loop
      vertex 0.206720247865 10.897608757 3.55543589592
      vertex 0.172657951713 11.0735874176 3.55543589592
      vertex 0.256087720394 10.9013442993 3.55543589592
    endloop
  endfacet
  facet normal 0 -1 0
    outer loop
      vertex 1.14056301117 9.68301582336 3.55543589592
      vertex 1.15697038174 9.66953754425 3.55543589592
      vertex 1.14927220345 9.60825920105 3.55543589592
    endloop
  endfacet
  facet normal 0 -1 -0
    outer loop
      vertex 1.02210211754 10.9706735611 3.55543589592
      vertex 1.02176785469 10.9760427475 3.55543589592
      vertex 1.02318942547 10.972035408 3.55543589592
    endloop
  endfacet
  facet normal 1.60342172872e-09 -1 6.73033241583e-07
    outer loop
      vertex 0.325504332781 9.60653591156 3.55543589592
      vertex 0.323936849833 9.38687133789 3.55543613434
      vertex 0.186996623874 9.60620594025 3.55543589592
    endloop
  endfacet
  facet normal 0 -1 0
    outer loop
      vertex 1.02176785469 10.9760427475 3.55543589592
      vertex 0.938403308392 11.0908107758 3.55543589592
      vertex 0.983954966068 11.0856399536 3.55543589592
    endloop
  endfacet
  facet normal 0 -1 0
    outer loop
      vertex 1.02210211754 10.9706735611 3.55543589592
      vertex 0.892676591873 11.0982112885 3.55543589592
      vertex 1.02176785469 10.9760427475 3.55543589592
    endloop
  endfacet
  facet normal 0 -1 0
    outer loop
      vertex 1.02176785469 10.9760427475 3.55543589592
      vertex 0.892676591873 11.0982112885 3.55543589592
      vertex 0.938403308392 11.0908107758 3.55543589592
    endloop
  endfacet
  facet normal 0 -1 0
    outer loop
      vertex 0.181236535311 10.8933668137 3.55543589592
      vertex 0.14560739696 11.0713329315 3.55543589592
      vertex 0.172657951713 11.0735874176 3.55543589592
    endloop
  endfacet
  facet normal 1.11317694973e-06 -1 1.34602055368e-06
    outer loop
      vertex 0.14560739696 11.0713329315 3.55543589592
      vertex -0.134204417467 10.8399248123 3.55543589592
      vertex -0.450969040394 10.7976255417 3.5554356575
    endloop
  endfacet
  facet normal 0 -1 -0
    outer loop
      vertex 0.181236535311 10.8933668137 3.55543589592
      vertex 0.172657951713 11.0735874176 3.55543589592
      vertex 0.206720247865 10.897608757 3.55543589592
    endloop
  endfacet
  facet normal 0 -1 0
    outer loop
      vertex -0.874217033386 10.9822130203 3.55543589592
      vertex -0.877249658108 10.803360939 3.55543589592
      vertex -0.88669615984 10.9747238159 3.55543589592
    endloop
  endfacet
  facet normal 1.15340094453e-06 -1 -1.1612607409e-07
    outer loop
      vertex -0.134204417467 10.8399248123 3.55543589592
      vertex -0.114355839789 10.6427822113 3.55543589592
      vertex -0.364300817251 10.5791225433 3.5554356575
    endloop
  endfacet
  facet normal -0 -1 0
    outer loop
      vertex -0.309360414743 10.2060279846 3.5554356575
      vertex -0.47877523303 10.082734108 3.5554356575
      vertex -0.532329916954 10.3319549561 3.5554356575
    endloop
  endfacet
  facet normal 0 -1 0
    outer loop
      vertex 1.11760497093 9.50433540344 3.55543589592
      vertex 1.14927220345 9.60825920105 3.55543589592
      vertex 1.13902151585 9.52228450775 3.55543589592
    endloop
  endfacet
  facet normal 0 -1 0
    outer loop
      vertex 0.862942755222 9.65430259705 3.55543589592
      vertex 1.14927220345 9.60825920105 3.55543589592
      vertex 1.11760497093 9.50433540344 3.55543589592
    endloop
  endfacet
  facet normal 0.757287323475 -0.0549178831279 0.650768697262
    outer loop
      vertex 1.03135836124 10.9158840179 3.84157276154
      vertex 1.06291544437 10.9734754562 3.59427189827
      vertex 1.07132935524 10.9587144852 3.88521027565
    endloop
  endfacet
  facet normal 0.611837208271 0.0258443374187 -0.790561378002
    outer loop
      vertex 1.1884124279 9.6710319519 3.86988687515
      vertex 1.14006841183 9.71751880646 3.59238195419
      vertex 1.14128446579 9.70866680145 3.83439040184
    endloop
  endfacet
  facet normal -0.0753216072917 -0.681134104729 -0.72827398777
    outer loop
      vertex 1.14056301117 9.68301582336 3.55543589592
      vertex 0.862942755222 9.65430259705 3.55543589592
      vertex 1.14006841183 9.71751880646 3.59238195419
    endloop
  endfacet
  facet normal -0.0753205418587 -0.681137263775 -0.728271186352
    outer loop
      vertex 0.326399207115 9.62761878967 3.58623695374
      vertex 1.14006841183 9.71751880646 3.59238195419
      vertex 0.862942755222 9.65430259705 3.55543589592
    endloop
  endfacet
  facet normal -0.110019512475 0.0368855781853 -0.993244767189
    outer loop
      vertex 0.326399207115 9.62761878967 3.58623695374
      vertex 1.14128446579 9.70866680145 3.83439040184
      vertex 1.14006841183 9.71751880646 3.59238195419
    endloop
  endfacet
  facet normal 0.225203946233 -0.106976754963 0.968420982361
    outer loop
      vertex 0.217196285725 10.8301305771 3.89770507812
      vertex -0.0945734083652 10.7650022507 3.83095860481
      vertex 0.214317440987 10.8623628616 3.59985494614
    endloop
  endfacet
  facet normal 0.0967672690749 -0.108008816838 0.989429235458
    outer loop
      vertex 0.214317440987 10.8623628616 3.59985494614
      vertex 1.03135836124 10.9158840179 3.84157276154
      vertex 0.217196285725 10.8301305771 3.89770507812
    endloop
  endfacet
  facet normal 0.0576559975743 -0.0615646541119 -0.996436417103
    outer loop
      vertex 0.326399207115 9.62761878967 3.58623695374
      vertex 0.00582916662097 9.65992736816 3.80894517899
      vertex 0.325257837772 9.6456823349 3.87752199173
    endloop
  endfacet
  facet normal -0.0800648927689 -0.0620064884424 -0.994859218597
    outer loop
      vertex 1.14128446579 9.70866680145 3.83439040184
      vertex 0.326399207115 9.62761878967 3.58623695374
      vertex 0.325257837772 9.6456823349 3.87752199173
    endloop
  endfacet
  facet normal 0.131206929684 -0.618887126446 0.774443924427
    outer loop
      vertex -0.0995125100017 10.816781044 3.59175133705
      vertex -0.134204417467 10.8399248123 3.55543589592
      vertex 0.181236535311 10.8933668137 3.55543589592
    endloop
  endfacet
  facet normal 0.744476616383 -0.663427710533 -0.0749549791217
    outer loop
      vertex -0.0995125100017 10.816781044 3.59175133705
      vertex -0.114355839789 10.6427822113 3.55543589592
      vertex -0.134204417467 10.8399248123 3.55543589592
    endloop
  endfacet
  facet normal 0.744476437569 -0.663427889347 -0.0749550387263
    outer loop
      vertex -0.0995125100017 10.816781044 3.59175133705
      vertex 0.00907838717103 9.62162017822 3.57857728004
      vertex -0.114355839789 10.6427822113 3.55543589592
    endloop
  endfacet
  facet normal 0.742983818054 -0.665123701096 -0.0747361853719
    outer loop
      vertex 0.00907838717103 9.62162017822 3.57857728004
      vertex -0.00990629661828 9.60440540314 3.55543589592
      vertex -0.114355839789 10.6427822113 3.55543589592
    endloop
  endfacet
  facet normal -0.00736369937658 -0.59294205904 -0.805211484432
    outer loop
      vertex 0.00907838717103 9.62162017822 3.57857728004
      vertex 0.186996623874 9.60620594025 3.55543589592
      vertex -0.00990629661828 9.60440540314 3.55543589592
    endloop
  endfacet
  facet normal 0.0658230409026 -0.691038012505 0.719815135002
    outer loop
      vertex 0.323801577091 9.34569263458 3.59831666946
      vertex -0.360335409641 9.32429790497 3.55543613434
      vertex 0.323936849833 9.38687133789 3.55543613434
    endloop
  endfacet
  facet normal -0.0629849582911 -0.690319538116 -0.720757782459
    outer loop
      vertex -0.879039525986 11.0351886749 3.61118674278
      vertex 0.14560739696 11.0713329315 3.55543589592
      vertex -0.874217033386 10.9822130203 3.55543589592
    endloop
  endfacet
  facet normal -0.0340474024415 0.0285353902727 -0.999012768269
    outer loop
      vertex 0.161996349692 11.1282215118 3.61830496788
      vertex 0.954685807228 11.1409788132 4.1174621582
      vertex 0.953018605709 11.155040741 3.62319135666
    endloop
  endfacet
  facet normal -0.0225140415132 -0.627424180508 -0.778352081776
    outer loop
      vertex 0.978727042675 11.1013097763 3.55561351776
      vertex 0.161996349692 11.1282215118 3.61830496788
      vertex 0.953018605709 11.155040741 3.62319135666
    endloop
  endfacet
  facet normal -0.0257315523922 -0.658205211163 -0.75239866972
    outer loop
      vertex 0.161996349692 11.1282215118 3.61830496788
      vertex 0.892676591873 11.0982112885 3.55543589592
      vertex 0.172657951713 11.0735874176 3.55543589592
    endloop
  endfacet
  facet normal -0.0257342532277 -0.658227324486 -0.752379238605
    outer loop
      vertex 0.161996349692 11.1282215118 3.61830496788
      vertex 0.978727042675 11.1013097763 3.55561351776
      vertex 0.892676591873 11.0982112885 3.55543589592
    endloop
  endfacet
  facet normal -0.0623418204486 -0.660666406155 -0.748086512089
    outer loop
      vertex 0.172657951713 11.0735874176 3.55543589592
      vertex 0.14560739696 11.0713329315 3.55543589592
      vertex 0.161996349692 11.1282215118 3.61830496788
    endloop
  endfacet
  facet normal -0.0623355954885 -0.660667538643 -0.748085975647
    outer loop
      vertex -0.879039525986 11.0351886749 3.61118674278
      vertex 0.161996349692 11.1282215118 3.61830496788
      vertex 0.14560739696 11.0713329315 3.55543589592
    endloop
  endfacet
  facet normal -0.0891686230898 0.0286922100931 -0.995603203773
    outer loop
      vertex -0.879039525986 11.0351886749 3.61118674278
      vertex 0.163812786341 11.1130371094 4.15083694458
      vertex 0.161996349692 11.1282215118 3.61830496788
    endloop
  endfacet
  facet normal -0.0340889543295 0.0286014620215 -0.999009430408
    outer loop
      vertex 0.954685807228 11.1409788132 4.1174621582
      vertex 0.161996349692 11.1282215118 3.61830496788
      vertex 0.163812786341 11.1130371094 4.15083694458
    endloop
  endfacet
  facet normal -0.0891904756427 0.0287348926067 -0.995599985123
    outer loop
      vertex 0.163812786341 11.1130371094 4.15083694458
      vertex -0.879039525986 11.0351886749 3.61118674278
      vertex -0.876972138882 11.018863678 4.18320989609
    endloop
  endfacet
  facet normal -0.525600373745 0.0261663962156 -0.850329101086
    outer loop
      vertex -0.879039525986 11.0351886749 3.61118674278
      vertex -1.04933571815 10.9126634598 4.17217874527
      vertex -0.876972138882 11.018863678 4.18320989609
    endloop
  endfacet
  facet normal -0.366186738014 -0.0254791565239 0.930192470551
    outer loop
      vertex -0.717149615288 9.25269603729 3.59107112885
      vertex -0.715288937092 9.2362947464 4.16312980652
      vertex -0.903904080391 9.31079387665 4.15408849716
    endloop
  endfacet
  facet normal 0.0892415195704 -0.0288356393576 0.995592534542
    outer loop
      vertex -0.717149615288 9.25269603729 3.59107112885
      vertex 0.325702369213 9.33054351807 4.13072156906
      vertex -0.715288937092 9.2362947464 4.16312980652
    endloop
  endfacet
  facet normal 0.143894314766 -0.0286583080888 0.989178001881
    outer loop
      vertex 0.323801577091 9.34569263458 3.59831666946
      vertex 1.10864138603 9.44537734985 4.09825706482
      vertex 0.325702369213 9.33054351807 4.13072156906
    endloop
  endfacet
  facet normal 0.0891443118453 -0.0286457538605 0.995606720448
    outer loop
      vertex 0.325702369213 9.33054351807 4.13072156906
      vertex -0.717149615288 9.25269603729 3.59107112885
      vertex 0.323801577091 9.34569263458 3.59831666946
    endloop
  endfacet
  facet normal 0.0667277425528 -0.71993547678 0.690825819969
    outer loop
      vertex 0.323801577091 9.34569263458 3.59831666946
      vertex -0.720515191555 9.28950786591 3.55543613434
      vertex -0.360335409641 9.32429790497 3.55543613434
    endloop
  endfacet
  facet normal 0.0667277351022 -0.719935715199 0.690825581551
    outer loop
      vertex 0.323801577091 9.34569263458 3.59831666946
      vertex -0.717149615288 9.25269603729 3.59107112885
      vertex -0.720515191555 9.28950786591 3.55543613434
    endloop
  endfacet
  facet normal -0.265342921019 -0.680503547192 0.68301397562
    outer loop
      vertex -0.717149615288 9.25269603729 3.59107112885
      vertex -0.795186936855 9.31851673126 3.55543613434
      vertex -0.720515191555 9.28950786591 3.55543613434
    endloop
  endfacet
  facet normal -0.265342473984 -0.680503964424 0.683013677597
    outer loop
      vertex -0.717149615288 9.25269603729 3.59107112885
      vertex -0.905838012695 9.32698345184 3.59008359909
      vertex -0.795186936855 9.31851673126 3.55543613434
    endloop
  endfacet
  facet normal -0.366099715233 -0.025446658954 0.930227637291
    outer loop
      vertex -0.717149615288 9.25269603729 3.59107112885
      vertex -0.903904080391 9.31079387665 4.15408849716
      vertex -0.905838012695 9.32698345184 3.59008359909
    endloop
  endfacet
  facet normal -0.995902836323 0.000819149485324 0.0904259830713
    outer loop
      vertex -0.903904080391 9.31079387665 4.15408849716
      vertex -1.04933571815 10.9126634598 4.17217874527
      vertex -0.905838012695 9.32698345184 3.59008359909
    endloop
  endfacet
  facet normal -0.995910406113 0.000594769895542 0.0903443023562
    outer loop
      vertex -0.905838012695 9.32698345184 3.59008359909
      vertex -1.04933571815 10.9126634598 4.17217874527
      vertex -1.05113112926 10.9287405014 3.60803937912
    endloop
  endfacet
  facet normal -0.52621781826 0.0258973501623 -0.849955379963
    outer loop
      vertex -1.04933571815 10.9126634598 4.17217874527
      vertex -0.879039525986 11.0351886749 3.61118674278
      vertex -1.05113112926 10.9287405014 3.60803937912
    endloop
  endfacet
  facet normal -0.390332013369 -0.651706933975 -0.650322198868
    outer loop
      vertex -0.874217033386 10.9822130203 3.55543589592
      vertex -0.88669615984 10.9747238159 3.55543589592
      vertex -0.879039525986 11.0351886749 3.61118674278
    endloop
  endfacet
  facet normal -0.390339553356 -0.651704072952 -0.650320529938
    outer loop
      vertex -1.05113112926 10.9287405014 3.60803937912
      vertex -0.879039525986 11.0351886749 3.61118674278
      vertex -0.88669615984 10.9747238159 3.55543589592
    endloop
  endfacet
  facet normal -0.300446599722 -0.953654825687 0.0165623649955
    outer loop
      vertex -0.88669615984 10.9747238159 3.55543589592
      vertex -0.877249658108 10.803360939 3.55543589592
      vertex -1.05113112926 10.9287405014 3.60803937912
    endloop
  endfacet
  facet normal -0.300446689129 -0.953654766083 0.016562525183
    outer loop
      vertex -0.905838012695 9.32698345184 3.59008359909
      vertex -1.05113112926 10.9287405014 3.60803937912
      vertex -0.877249658108 10.803360939 3.55543589592
    endloop
  endfacet
  facet normal -0.29993057251 -0.953817009926 0.0165763255209
    outer loop
      vertex -0.905838012695 9.32698345184 3.59008359909
      vertex -0.877249658108 10.803360939 3.55543589592
      vertex -0.795186936855 9.31851673126 3.55543613434
    endloop
  endfacet
  facet normal 0.00168913882226 -0.999944090843 -0.0104372976348
    outer loop
      vertex 0.978727042675 11.1013097763 3.55561351776
      vertex 0.938403308392 11.0908107758 3.55543589592
      vertex 0.892676591873 11.0982112885 3.55543589592
    endloop
  endfacet
  facet normal 0.062720194459 -0.718216836452 0.69298684597
    outer loop
      vertex 1.0310561657 10.9195947647 3.60550260544
      vertex 0.256087720394 10.9013442993 3.55543589592
      vertex 1.02210211754 10.9706735611 3.55543589592
    endloop
  endfacet
  facet normal 0.00133801146876 -0.999929666519 -0.011785636656
    outer loop
      vertex 0.978727042675 11.1013097763 3.55561351776
      vertex 0.983954966068 11.0856399536 3.55543589592
      vertex 0.938403308392 11.0908107758 3.55543589592
    endloop
  endfacet
  facet normal 0.685225248337 -0.688893675804 -0.236414596438
    outer loop
      vertex 1.02176785469 10.9760427475 3.55543589592
      vertex 0.983954966068 11.0856399536 3.55543589592
      vertex 1.01852560043 11.1025161743 3.59561395645
    endloop
  endfacet
  facet normal 0.685225009918 -0.688893675804 -0.236415177584
    outer loop
      vertex 0.978727042675 11.1013097763 3.55561351776
      vertex 1.01852560043 11.1025161743 3.59561395645
      vertex 0.983954966068 11.0856399536 3.55543589592
    endloop
  endfacet
  facet normal 0.433002799749 -0.454286336899 -0.77854514122
    outer loop
      vertex 0.978727042675 11.1013097763 3.55561351776
      vertex 0.953018605709 11.155040741 3.62319135666
      vertex 1.01852560043 11.1025161743 3.59561395645
    endloop
  endfacet
  facet normal 0.627789258957 0.00881190784276 -0.778333485126
    outer loop
      vertex 1.01663506031 11.0981607437 4.1149930954
      vertex 1.01852560043 11.1025161743 3.59561395645
      vertex 0.953018605709 11.155040741 3.62319135666
    endloop
  endfacet
  facet normal 0.934465169907 0.00638656690717 -0.355997234583
    outer loop
      vertex 1.01852560043 11.1025161743 3.59561395645
      vertex 1.01663506031 11.0981607437 4.1149930954
      vertex 1.07132935524 10.9587144852 3.88521027565
    endloop
  endfacet
  facet normal 0.945523798466 -0.0108366804197 -0.325372666121
    outer loop
      vertex 1.07132935524 10.9587144852 3.88521027565
      vertex 1.06291544437 10.9734754562 3.59427189827
      vertex 1.01852560043 11.1025161743 3.59561395645
    endloop
  endfacet
  facet normal 0.674319684505 -0.698616445065 -0.239223763347
    outer loop
      vertex 1.01852560043 11.1025161743 3.59561395645
      vertex 1.02318942547 10.972035408 3.55543589592
      vertex 1.02176785469 10.9760427475 3.55543589592
    endloop
  endfacet
  facet normal 0.674305617809 -0.698628902435 -0.239227086306
    outer loop
      vertex 1.01852560043 11.1025161743 3.59561395645
      vertex 1.06291544437 10.9734754562 3.59427189827
      vertex 1.02318942547 10.972035408 3.55543589592
    endloop
  endfacet
  facet normal 0.617331683636 -0.613206148148 0.492828309536
    outer loop
      vertex 1.06291544437 10.9734754562 3.59427189827
      vertex 1.02210211754 10.9706735611 3.55543589592
      vertex 1.02318942547 10.972035408 3.55543589592
    endloop
  endfacet
  facet normal 0.617329776287 -0.613203763962 0.492833703756
    outer loop
      vertex 1.06291544437 10.9734754562 3.59427189827
      vertex 1.0310561657 10.9195947647 3.60550260544
      vertex 1.02210211754 10.9706735611 3.55543589592
    endloop
  endfacet
  facet normal 0.859913647175 -0.00912310555577 0.510358035564
    outer loop
      vertex 1.06291544437 10.9734754562 3.59427189827
      vertex 1.03135836124 10.9158840179 3.84157276154
      vertex 1.0310561657 10.9195947647 3.60550260544
    endloop
  endfacet
  facet normal 0.0700018405914 -0.0157680492848 0.997422218323
    outer loop
      vertex 1.03135836124 10.9158840179 3.84157276154
      vertex 0.214317440987 10.8623628616 3.59985494614
      vertex 1.0310561657 10.9195947647 3.60550260544
    endloop
  endfacet
  facet normal 0.058787945658 -0.626716136932 0.777026951313
    outer loop
      vertex 1.0310561657 10.9195947647 3.60550260544
      vertex 0.206720247865 10.897608757 3.55543589592
      vertex 0.256087720394 10.9013442993 3.55543589592
    endloop
  endfacet
  facet normal 0.0587856397033 -0.626657247543 0.777074575424
    outer loop
      vertex 1.0310561657 10.9195947647 3.60550260544
      vertex 0.214317440987 10.8623628616 3.59985494614
      vertex 0.206720247865 10.897608757 3.55543589592
    endloop
  endfacet
  facet normal 0.127538129687 -0.629799723625 0.76621556282
    outer loop
      vertex 0.214317440987 10.8623628616 3.59985494614
      vertex 0.181236535311 10.8933668137 3.55543589592
      vertex 0.206720247865 10.897608757 3.55543589592
    endloop
  endfacet
  facet normal 0.127548769116 -0.62980401516 0.766210317612
    outer loop
      vertex 0.214317440987 10.8623628616 3.59985494614
      vertex -0.0995125100017 10.816781044 3.59175133705
      vertex 0.181236535311 10.8933668137 3.55543589592
    endloop
  endfacet
  facet normal 0.145824819803 -0.21217636764 0.966289997101
    outer loop
      vertex 0.214317440987 10.8623628616 3.59985494614
      vertex -0.0945734083652 10.7650022507 3.83095860481
      vertex -0.0995125100017 10.816781044 3.59175133705
    endloop
  endfacet
  facet normal 0.995896279812 -0.000973939779215 -0.0904966592789
    outer loop
      vertex 0.00907838717103 9.62162017822 3.57857728004
      vertex -0.0995125100017 10.816781044 3.59175133705
      vertex -0.0945734083652 10.7650022507 3.83095860481
    endloop
  endfacet
  facet normal 0.995895683765 -0.00100305431988 -0.0905030295253
    outer loop
      vertex -0.0945734083652 10.7650022507 3.83095860481
      vertex 0.00582916662097 9.65992736816 3.80894517899
      vertex 0.00907838717103 9.62162017822 3.57857728004
    endloop
  endfacet
  facet normal -0.0146816391498 -0.16422021389 -0.986314415932
    outer loop
      vertex 0.00582916662097 9.65992736816 3.80894517899
      vertex 0.326399207115 9.62761878967 3.58623695374
      vertex 0.00907838717103 9.62162017822 3.57857728004
    endloop
  endfacet
  facet normal -0.00196601171046 -0.564793884754 -0.82522970438
    outer loop
      vertex 0.325504332781 9.60653591156 3.55543589592
      vertex 0.186996623874 9.60620594025 3.55543589592
      vertex 0.326399207115 9.62761878967 3.58623695374
    endloop
  endfacet
  facet normal -0.00196744780988 -0.56478947401 -0.825232684612
    outer loop
      vertex 0.00907838717103 9.62162017822 3.57857728004
      vertex 0.326399207115 9.62761878967 3.58623695374
      vertex 0.186996623874 9.60620594025 3.55543589592
    endloop
  endfacet
  facet normal -0.0732335671782 -0.561867415905 -0.823979258537
    outer loop
      vertex 0.326399207115 9.62761878967 3.58623695374
      vertex 0.862942755222 9.65430259705 3.55543589592
      vertex 0.325504332781 9.60653591156 3.55543589592
    endloop
  endfacet
  facet normal 0.108628951013 -0.660364925861 0.743046402931
    outer loop
      vertex 1.107011199 9.45944309235 3.60420656204
      vertex 0.553102254868 9.4218082428 3.55543613434
      vertex 1.11760497093 9.50433540344 3.55543589592
    endloop
  endfacet
  facet normal 0.109328880906 -0.688320219517 0.717120945454
    outer loop
      vertex 1.107011199 9.45944309235 3.60420656204
      vertex 0.323936849833 9.38687133789 3.55543613434
      vertex 0.553102254868 9.4218082428 3.55543613434
    endloop
  endfacet
  facet normal 0.109328970313 -0.688316762447 0.717124283314
    outer loop
      vertex 1.107011199 9.45944309235 3.60420656204
      vertex 0.323801577091 9.34569263458 3.59831666946
      vertex 0.323936849833 9.38687133789 3.55543613434
    endloop
  endfacet
  facet normal 0.143880710006 -0.028636418283 0.989180624485
    outer loop
      vertex 1.10864138603 9.44537734985 4.09825706482
      vertex 0.323801577091 9.34569263458 3.59831666946
      vertex 1.107011199 9.45944309235 3.60420656204
    endloop
  endfacet
  facet normal 0.710618853569 -0.0223652888089 0.703221619129
    outer loop
      vertex 1.107011199 9.45944309235 3.60420656204
      vertex 1.16140544415 9.49873733521 4.09697055817
      vertex 1.10864138603 9.44537734985 4.09825706482
    endloop
  endfacet
  facet normal 0.760840535164 -0.0323018953204 0.648134469986
    outer loop
      vertex 1.16140544415 9.49873733521 4.09697055817
      vertex 1.107011199 9.45944309235 3.60420656204
      vertex 1.16118085384 9.52434921265 3.57779312134
    endloop
  endfacet
  facet normal 0.559035122395 -0.492514431477 0.667015194893
    outer loop
      vertex 1.16118085384 9.52434921265 3.57779312134
      vertex 1.11760497093 9.50433540344 3.55543589592
      vertex 1.13902151585 9.52228450775 3.55543589592
    endloop
  endfacet
  facet normal 0.559037208557 -0.492530852556 0.667001307011
    outer loop
      vertex 1.16118085384 9.52434921265 3.57779312134
      vertex 1.107011199 9.45944309235 3.60420656204
      vertex 1.11760497093 9.50433540344 3.55543589592
    endloop
  endfacet
  facet normal 0.711586356163 -0.697457313538 0.0848418101668
    outer loop
      vertex 1.16118085384 9.52434921265 3.57779312134
      vertex 1.13902151585 9.52228450775 3.55543589592
      vertex 1.14927220345 9.60825920105 3.55543589592
    endloop
  endfacet
  facet normal 0.702883780003 -0.705802559853 0.0883013680577
    outer loop
      vertex 1.18152785301 9.67168807983 3.57962274551
      vertex 1.14927220345 9.60825920105 3.55543589592
      vertex 1.15697038174 9.66953754425 3.55543589592
    endloop
  endfacet
  facet normal 0.702883064747 -0.705803394318 0.0883007049561
    outer loop
      vertex 1.18152785301 9.67168807983 3.57962274551
      vertex 1.16118085384 9.52434921265 3.57779312134
      vertex 1.14927220345 9.60825920105 3.55543589592
    endloop
  endfacet
  facet normal 0.516793489456 -0.580618798733 -0.629131376743
    outer loop
      vertex 1.14006841183 9.71751880646 3.59238195419
      vertex 1.15697038174 9.66953754425 3.55543589592
      vertex 1.14056301117 9.68301582336 3.55543589592
    endloop
  endfacet
  facet normal 0.516780912876 -0.580627560616 -0.62913364172
    outer loop
      vertex 1.14006841183 9.71751880646 3.59238195419
      vertex 1.18152785301 9.67168807983 3.57962274551
      vertex 1.15697038174 9.66953754425 3.55543589592
    endloop
  endfacet
  facet normal 0.739272117615 -0.016013301909 -0.673216402531
    outer loop
      vertex 1.14006841183 9.71751880646 3.59238195419
      vertex 1.1884124279 9.6710319519 3.86988687515
      vertex 1.18152785301 9.67168807983 3.57962274551
    endloop
  endfacet
  facet normal 0.990358412266 -0.0237980559468 0.136469081044
    outer loop
      vertex 1.16118085384 9.52434921265 3.57779312134
      vertex 1.18152785301 9.67168807983 3.57962274551
      vertex 1.1884124279 9.6710319519 3.86988687515
    endloop
  endfacet
  facet normal 0.98610162735 -0.00861161295325 0.165919855237
    outer loop
      vertex 1.16140544415 9.49873733521 4.09697055817
      vertex 1.16118085384 9.52434921265 3.57779312134
      vertex 1.1884124279 9.6710319519 3.86988687515
    endloop
  endfacet
endsolid "mcrow_l_arm"
